model,strategy,seed,round,query_number,row_uid,revealed_label,is_hidden_attack,acquisition_channel,query_group
MLP,random,42,1,1,de539284581e9cf1,ackflood,False,random,04d990c106e8df8d
MLP,random,42,1,2,c85ba181715fed92,fraggle,False,random,31339063f76812c2
MLP,random,42,1,3,06678eb8ed75cbb0,pingofdeath,False,random,ad08b780717c5442
MLP,random,42,1,4,389a40d022242a74,smurf,False,random,f4df15c8bbacd8da
MLP,random,42,1,5,55fcf5679e9d1c98,tcp,False,random,011282156978621d
MLP,random,42,1,6,b5282014780eb0e5,syn,False,random,91a24eb6dfa53e45
MLP,random,42,1,7,94e9dff02ce5d297,icmpflood,False,random,d7934432c908d759
MLP,random,42,1,8,dc14b29a911ce6c9,icmpbig,False,random,11ef2328aebbae9a
MLP,random,42,1,9,89f40e17436c692f,icmpflood,False,random,e04bd5af7fce780e
MLP,random,42,1,10,028ea99aacbd6a68,winnuke,False,random,0541563abf895aec
MLP,random,42,1,11,7beac8961e5bbc94,tcpall,False,random,6d190f0ade234a41
MLP,random,42,1,12,2bfb40c83489907e,fraggle,False,random,b3489406a3603fc9
MLP,random,42,1,13,03f9d1c7830b8551,fraggle,False,random,5034e5ea57497093
MLP,random,42,1,14,e1c6cf1442a6d189,ackflood,False,random,91a751c58fb86c3b
MLP,random,42,1,15,3e1b7d33c2ba960d,synflood,False,random,2b98e0f313025673
MLP,random,42,1,16,43997857fd65a098,benign,False,random,856de0f6513f45cf
MLP,random,42,1,17,a53299afe9332e4d,smurf,False,random,4aab606646c3d5b3
MLP,random,42,1,18,5c3faf678f40a5a6,icmpflood,False,random,64e3fd3e66978134
MLP,random,42,1,19,805824ea89af886f,tcp,False,random,dd41d42db133230c
MLP,random,42,1,20,7d09ea3f67fc0187,routeip,False,random,56239d2baf50ff43
MLP,random,42,1,21,ebb89914769c5293,routeip,False,random,753bbc2687bc83bf
MLP,random,42,1,22,9ea882a48a7a4c3e,syn,False,random,91a24eb6dfa53e45
MLP,random,42,1,23,3b3a2f67523699eb,ackflood,False,random,6bb81de1d0cf2c47
MLP,random,42,1,24,36f9e601340e45cd,routeip,False,random,7480dec5eaacca58
MLP,random,42,1,25,2b43c458e898e1a2,icmpflood,False,random,54c22838c01ff8b2
MLP,random,42,2,26,cdc59d8abe6f21ff,syn,False,random,91a24eb6dfa53e45
MLP,random,42,2,27,a9b15fd275f570ea,winnuke,False,random,1ce2e8caa5f469c2
MLP,random,42,2,28,8d9fded96b982978,tcpfin1,False,random,3da3facffa0f3564
MLP,random,42,2,29,49e0b73bbccfc446,land,True,random,1fb8b2e54d539a4d
MLP,random,42,2,30,da2f85b20ff71240,ackflood,False,random,05043ca58d1f320c
MLP,random,42,2,31,fd9c36a7aeedc33a,routeip,False,random,7480dec5eaacca58
MLP,random,42,2,32,e5a9ed0c7910fa50,smurf,False,random,51f422901e09f434
MLP,random,42,2,33,08464aed11bfde3c,synflood,False,random,e6f6666a94ae1df5
MLP,random,42,2,34,3a8fe125b8f494ad,smurf,False,random,4614ba434a2c3470
MLP,random,42,2,35,459d82206f2f156b,icmpflood,False,random,11c8d385c80125c4
MLP,random,42,2,36,c32918afafde42b4,tcpall,False,random,6d190f0ade234a41
MLP,random,42,2,37,d48857427a5ed75a,winnuke,False,random,1849caca41fe6d11
MLP,random,42,2,38,044f01afbfd5fdd5,icmpbig,False,random,11ef2328aebbae9a
MLP,random,42,2,39,9d4cfb1ce54a2182,icmpflood,False,random,195cff201c45896e
MLP,random,42,2,40,d5509965aa70bb87,icmpflood,False,random,9397e12222e77f92
MLP,random,42,2,41,a23e4b940d2bff5b,teardrop,True,random,c467981fa0a38bdc
MLP,random,42,2,42,433a3eb9b8805072,routeip,False,random,753bbc2687bc83bf
MLP,random,42,2,43,4a40b7ae7f189064,tcp,False,random,965b7aeaadad8c08
MLP,random,42,2,44,45daf80ce79494a6,icmpbig,False,random,11ef2328aebbae9a
MLP,random,42,2,45,97e24c3b5788880f,tcp,False,random,31d7ddf9c9026127
MLP,random,42,2,46,b9a39520b7c1d83f,smurf,False,random,f4df15c8bbacd8da
MLP,random,42,2,47,e1385026a4d30cc0,synflood,False,random,1a19d32173c52742
MLP,random,42,2,48,35b0d71679c34dc9,icmpflood,False,random,26a11576ba9153bd
MLP,random,42,2,49,4fcec37274015d35,synflood,False,random,52059e7dd2c9f03e
MLP,random,42,2,50,e052cc6946309b38,icmpbig,False,random,16a4d78bdc124527
MLP,random,42,3,51,b28dd5483085f6f1,pingofdeath,False,random,7b858a3777d0f748
MLP,random,42,3,52,0c3818b78e76f2f9,smurf,False,random,f4df15c8bbacd8da
MLP,random,42,3,53,d7efa1218ab53f9f,fraggle,False,random,28d1ae72bd2f58ec
MLP,random,42,3,54,4bfc763d59123ae0,routeip,False,random,753bbc2687bc83bf
MLP,random,42,3,55,f03c5790b683d0c1,syn,False,random,91a24eb6dfa53e45
MLP,random,42,3,56,259f15f47c22cc0c,ackflood,False,random,899e7504f0387857
MLP,random,42,3,57,f28e6ac7039fda39,ackflood,False,random,d7bcc6ea6628c41c
MLP,random,42,3,58,9e1e664cea9ca678,syn,False,random,91a24eb6dfa53e45
MLP,random,42,3,59,d011fc33534fe4ea,routeip,False,random,7480dec5eaacca58
MLP,random,42,3,60,03c903b4e6ba3deb,winnuke,False,random,bfdb1ca3e0a20667
MLP,random,42,3,61,d7d678f513f54fbb,pingofdeath,False,random,334efcfa4f3469a0
MLP,random,42,3,62,f5655e6bfd3faa60,tcpfin1,False,random,1dbaada03a343f6d
MLP,random,42,3,63,0b249e0603d87b3d,routeip,False,random,753bbc2687bc83bf
MLP,random,42,3,64,feeb1a277013bd99,land,True,random,1fb8b2e54d539a4d
MLP,random,42,3,65,726a537f3727ef03,winnuke,False,random,410bcc024f654308
MLP,random,42,3,66,42108268027db10e,tcpall,False,random,25df2cbec14f457e
MLP,random,42,3,67,b10069f1656d32e8,tcp,False,random,8a0c3de433c4f985
MLP,random,42,3,68,8f2ff25f65ac133b,winnuke,False,random,0541563abf895aec
MLP,random,42,3,69,490e4fa50f4f3729,syn,False,random,91a24eb6dfa53e45
MLP,random,42,3,70,d5e4612390154d62,tcpfin1,False,random,1a1695b4f63d38b9
MLP,random,42,3,71,654e48efd3585a88,winnuke,False,random,2a429c750d8035e7
MLP,random,42,3,72,3f26a9b02a32c94c,pingofdeath,False,random,7694892c003357cf
MLP,random,42,3,73,0565e10a2cde50f6,icmpbig,False,random,11ef2328aebbae9a
MLP,random,42,3,74,bde50f6ace0d52e1,syn,False,random,91a24eb6dfa53e45
MLP,random,42,3,75,da8f2ffbba2cd8ca,fraggle,False,random,7783cad29f1484b7
MLP,random,42,4,76,b278111a65b4bb15,benign,False,random,728c532c6f8aebff
MLP,random,42,4,77,89f73f72604fea8c,tcpfin1,False,random,3da3facffa0f3564
MLP,random,42,4,78,ffd162eaafb21fd9,tcp,False,random,cd64136aeecc4532
MLP,random,42,4,79,c891181471ab56dd,synflood,False,random,5428ff63d319154b
MLP,random,42,4,80,7852f79061b622fb,tcp,False,random,2fe8b757aa694f1f
MLP,random,42,4,81,311d0008532483bc,fraggle,False,random,5034e5ea57497093
MLP,random,42,4,82,6c7ef47a98f9167e,tcpfin1,False,random,1a1695b4f63d38b9
MLP,random,42,4,83,5eb1fd80b32cfdf0,icmpflood,False,random,195cff201c45896e
MLP,random,42,4,84,7b2b0b77becec278,fraggle,False,random,31339063f76812c2
MLP,random,42,4,85,c1c1156fc24dc46a,ackflood,False,random,7585b896692048e5
MLP,random,42,4,86,e7df4b9324e3ca41,syn,False,random,91a24eb6dfa53e45
MLP,random,42,4,87,81bc01fd23cc44a6,winnuke,False,random,410bcc024f654308
MLP,random,42,4,88,96f94b0236cc22a6,synflood,False,random,76684c02635f367e
MLP,random,42,4,89,77867dce8cb7851d,synflood,False,random,264886fc421b09cd
MLP,random,42,4,90,b4c72e8ec8d0e63d,synflood,False,random,76684c02635f367e
MLP,random,42,4,91,90c1a116e4139081,benign,False,random,2afd633f5625408e
MLP,random,42,4,92,4a254a59b21c4b1e,pingofdeath,False,random,2b254b60556a78d2
MLP,random,42,4,93,2db46ffe2d6f3fd3,syn,False,random,9b58eb4ca28cad6b
MLP,random,42,4,94,4fca4767ba9d9bbd,routeip,False,random,7480dec5eaacca58
MLP,random,42,4,95,2291b38bcba21d51,tcpfin1,False,random,e4236da2a6400c34
MLP,random,42,4,96,e0bfa9f859b5ada5,teardrop,True,random,c11110b107945ad1
MLP,random,42,4,97,17f4d839e8409f86,synflood,False,random,3d307ee5db225ecd
MLP,random,42,4,98,cf756ccb5eb6fa4c,pingofdeath,False,random,6a7c9eb2abe5f85a
MLP,random,42,4,99,6f33364236f29e9c,ackflood,False,random,e6e7170296a1d0ef
MLP,random,42,4,100,28d31bb25bb98c33,winnuke,False,random,4bc6d5668cbbe29a
MLP,random,42,5,101,5a8bc29c755db791,tcp,False,random,3a24691524162b9d
MLP,random,42,5,102,a9ec3437f87e47ee,smurf,False,random,f4df15c8bbacd8da
MLP,random,42,5,103,881bcde3ddeb129c,ackpflood,True,random,811ae939f0302bde
MLP,random,42,5,104,67b03c1f7c6a4832,synflood,False,random,76684c02635f367e
MLP,random,42,5,105,e7d5b2b7fe18f690,routeip,False,random,753bbc2687bc83bf
MLP,random,42,5,106,8e3782717010a693,winnuke,False,random,d4174c793de26221
MLP,random,42,5,107,fd85ed90b188901b,synflood,False,random,2b98e0f313025673
MLP,random,42,5,108,faa4ba0d338470b3,fraggle,False,random,01e2c01fba8621af
MLP,random,42,5,109,8ae7a0a4cd65caa6,icmpbig,False,random,11ef2328aebbae9a
MLP,random,42,5,110,506c0bccda855e30,routeip,False,random,753bbc2687bc83bf
MLP,random,42,5,111,fad514b89a50e543,synflood,False,random,d12b6d97bdd50642
MLP,random,42,5,112,852c2275a81a66a4,icmpflood,False,random,46c4f94197429bd3
MLP,random,42,5,113,1d1acc72bf44fb98,winnuke,False,random,9473c75e574f4be3
MLP,random,42,5,114,302bddd86cdbeffd,benign,False,random,b09860e3a37e636d
MLP,random,42,5,115,ea1f366febc6e82b,pingofdeath,False,random,528da3dd89c7c975
MLP,random,42,5,116,ff0c6c157238dba8,pingofdeath,False,random,c6be43f2d10fd034
MLP,random,42,5,117,5f8da17c29d53cda,tcpall,False,random,25df2cbec14f457e
MLP,random,42,5,118,8eb7a78d7d749f67,synflood,False,random,d6ef080e033d4da8
MLP,random,42,5,119,a8321d0a65768a4e,icmpflood,False,random,86cbcd29c1a0caec
MLP,random,42,5,120,effe5a47ee55e840,smurf,False,random,e6aaedee4e69efa3
MLP,random,42,5,121,af337e2998586cba,pingofdeath,False,random,a0b7a4151449894b
MLP,random,42,5,122,03347b13240e6438,winnuke,False,random,414d115dbcbdff66
MLP,random,42,5,123,5c5d6755245319a2,smurf,False,random,0c6529c04298f723
MLP,random,42,5,124,dc6b47398c66b6a8,teardrop,True,random,7409c11e289a47aa
MLP,random,42,5,125,25072f3cfb9e8bcd,tcpall,False,random,25df2cbec14f457e
MLP,random,42,6,126,85c98a0f2bef01f7,synflood,False,random,c8dcc68eceb08b3e
MLP,random,42,6,127,5c028aec94d1a58b,icmpflood,False,random,b81687c57ee91e39
MLP,random,42,6,128,bc0e46636c4bba77,teardrop,True,random,7ad4650073f193c0
MLP,random,42,6,129,19f59506592a9fe0,tcpfin1,False,random,3da3facffa0f3564
MLP,random,42,6,130,76001e2834668b1c,tcp,False,random,50ddf0aae9d8a792
MLP,random,42,6,131,89270c80e2d61649,benign,False,random,c1657b18b21011b2
MLP,random,42,6,132,cfbd5216880463e8,fraggle,False,random,31339063f76812c2
MLP,random,42,6,133,702771ed1a9a641d,benign,False,random,a0ee160349745fc6
MLP,random,42,6,134,eca978525db5c73d,pingofdeath,False,random,b2d52641513562f2
MLP,random,42,6,135,e5d9f2b4521ff5f3,ackflood,False,random,f8cba5697937110c
MLP,random,42,6,136,67ebc54e6105cb2c,syn,False,random,91a24eb6dfa53e45
MLP,random,42,6,137,4dd5b4ee1dcec097,tcpfin1,False,random,3da3facffa0f3564
MLP,random,42,6,138,65a5b4d4aea3f7de,icmpflood,False,random,a2001e0898aa103a
MLP,random,42,6,139,0a2f1e1e0f21b631,teardrop,True,random,c11110b107945ad1
MLP,random,42,6,140,64421b00a3bcc106,icmpbig,False,random,11ef2328aebbae9a
MLP,random,42,6,141,3cfa11f4137b18d8,ackpflood,True,random,811ae939f0302bde
MLP,random,42,6,142,de70a59cccf9f295,icmpflood,False,random,6aefc493fc6983a1
MLP,random,42,6,143,8486cc03b3990ce7,fraggle,False,random,5a65026acc1ff666
MLP,random,42,6,144,414e001ba3f0312d,smurf,False,random,4614ba434a2c3470
MLP,random,42,6,145,c2cc8cb19e2674e9,routeip,False,random,7480dec5eaacca58
MLP,random,42,6,146,8b726e62233e3989,ackflood,False,random,d21c7e8c0496b689
MLP,random,42,6,147,8e3736075be3a9ae,fraggle,False,random,f0a49b544399111c
MLP,random,42,6,148,9d4560d61f5d07e7,synflood,False,random,90f44592fe8d3fd4
MLP,random,42,6,149,34c649e729c0824c,ackflood,False,random,2e0cd3ce21eca303
MLP,random,42,6,150,5a4732007857bfb0,tcpall,False,random,25df2cbec14f457e
MLP,random,42,7,151,3871bcc92be3ed1d,ackflood,False,random,821fabf5b78d3cd3
MLP,random,42,7,152,f694300b32db8a9d,synflood,False,random,ae11e65f53c68f0f
MLP,random,42,7,153,22c6afb8227c88e5,pingofdeath,False,random,a22a5d501a4a0d04
MLP,random,42,7,154,36678e1a29033340,tcp,False,random,90fd74b0affb5fa2
MLP,random,42,7,155,ae945e572bafd5e9,pingofdeath,False,random,3692fa49e4cf7dd5
MLP,random,42,7,156,8ec72f1bb38a8489,pingofdeath,False,random,931fc76a27676529
MLP,random,42,7,157,62015f201728b189,icmpbig,False,random,bf640f01d7d74bf6
MLP,random,42,7,158,f22ae86531ca4af8,tcp,False,random,965b7aeaadad8c08
MLP,random,42,7,159,7704f5aafc1a08ed,routeip,False,random,7480dec5eaacca58
MLP,random,42,7,160,3f5172243c9c0454,fraggle,False,random,08e5f0c0c9b3c650
MLP,random,42,7,161,7199258029b7a8a4,benign,False,random,8065ba3a8c909bd6
MLP,random,42,7,162,474e5c6330556158,smurf,False,random,8837e27807246aec
MLP,random,42,7,163,c482afa568869c8b,icmpflood,False,random,242f118ba29b625b
MLP,random,42,7,164,3f480b3a34e58433,fraggle,False,random,31339063f76812c2
MLP,random,42,7,165,59d0ae9e33283326,icmpbig,False,random,11ef2328aebbae9a
MLP,random,42,7,166,d0ed2424fe6a8e78,benign,False,random,3aa6c1455743dfbf
MLP,random,42,7,167,fa9043003ffe7d4e,routeip,False,random,753bbc2687bc83bf
MLP,random,42,7,168,af1b8c0c264ed44a,land,True,random,1fb8b2e54d539a4d
MLP,random,42,7,169,46febe32d8b3c1cf,tcpfin1,False,random,1a1695b4f63d38b9
MLP,random,42,7,170,fa6c906de739dc71,ackflood,False,random,7baffe9b07ebb6a4
MLP,random,42,7,171,a6ebb843ab912dcc,tcpall,False,random,6d190f0ade234a41
MLP,random,42,7,172,c1f299db04f1a590,teardrop,True,random,74a345693602c106
MLP,random,42,7,173,efbd4636c0875be7,synflood,False,random,2c22c78e264c20f7
MLP,random,42,7,174,255d6418d8b98dc4,winnuke,False,random,0541563abf895aec
MLP,random,42,7,175,dc57b162eaee6430,pingofdeath,False,random,4897d869f753d5d6
MLP,random,42,8,176,c2b2f3e96e89c97a,pingofdeath,False,random,528da3dd89c7c975
MLP,random,42,8,177,950f42e98e7ed79f,fraggle,False,random,add455247e14b58f
MLP,random,42,8,178,15eeb592039e0922,winnuke,False,random,b72c7eefdba9dfd7
MLP,random,42,8,179,b20913fe92be1a1d,tcp,False,random,dd41d42db133230c
MLP,random,42,8,180,fcdb76c3780eaee8,icmpflood,False,random,195cff201c45896e
MLP,random,42,8,181,3ca8c1ec686b3123,ackflood,False,random,be7ee44a657202f1
MLP,random,42,8,182,cfbac525875729b8,synflood,False,random,60b6b14d278e0d4e
MLP,random,42,8,183,87de4685ad39877a,tcp,False,random,e2b86fd22c5c2742
MLP,random,42,8,184,f68a3abf2f572d2a,tcpfin1,False,random,3da3facffa0f3564
MLP,random,42,8,185,4bca2414d579b41d,smurf,False,random,a308417f193109ef
MLP,random,42,8,186,b1d866a6c64314bc,land,True,random,1fb8b2e54d539a4d
MLP,random,42,8,187,06fcdb7f4005f85a,benign,False,random,95be21fef3e34d5d
MLP,random,42,8,188,52ac346f8d6e9201,syn,False,random,9b58eb4ca28cad6b
MLP,random,42,8,189,e34702fec1db3bde,tcp,False,random,cd64136aeecc4532
MLP,random,42,8,190,3428aa12d95b05de,pingofdeath,False,random,2436c07aee906a16
MLP,random,42,8,191,4a0569ed3def6451,smurf,False,random,5074e463ae1ff129
MLP,random,42,8,192,78a34f0a0526d2f6,synflood,False,random,2b98e0f313025673
MLP,random,42,8,193,c3cc5f224b50ed1b,syn,False,random,1f970c937f152aa7
MLP,random,42,8,194,aa63cd3b4e101961,teardrop,True,random,f3a9ca77aa994aa6
MLP,random,42,8,195,a2a952d5673238a1,tcpall,False,random,6d190f0ade234a41
MLP,random,42,8,196,993d17e243bcd29e,fraggle,False,random,3cf27a7bcc2d512e
MLP,random,42,8,197,963c3a7d793d3be5,ackflood,False,random,601302e56fa040d6
MLP,random,42,8,198,dcdb8749f0e96bb0,synflood,False,random,f4efa23870b784d1
MLP,random,42,8,199,578656d436d0a9ab,benign,False,random,9b520c58eca0f020
MLP,random,42,8,200,56a5f18f05ea7c62,smurf,False,random,4614ba434a2c3470
MLP,random,42,9,201,07e4ede6ed56ea27,icmpbig,False,random,11ef2328aebbae9a
MLP,random,42,9,202,ceb52ab3fb309ea1,benign,False,random,183a5295ecb14e20
MLP,random,42,9,203,b2a48411436164ad,tcpfin1,False,random,3da3facffa0f3564
MLP,random,42,9,204,9230b7a41ee2bf8c,tcp,False,random,dd41d42db133230c
MLP,random,42,9,205,8a5d31943e1ea08f,winnuke,False,random,0541563abf895aec
MLP,random,42,9,206,6bbb185f2f69a6af,benign,False,random,3c1d6d751e63c93b
MLP,random,42,9,207,14a5471c3e7348ef,winnuke,False,random,0541563abf895aec
MLP,random,42,9,208,37c91a29674866b5,smurf,False,random,4614ba434a2c3470
MLP,random,42,9,209,717760459c807270,ackpflood,True,random,bd510951eca832d9
MLP,random,42,9,210,5f64b9d7ea5635c7,ackflood,False,random,f83ae387e0bdf50e
MLP,random,42,9,211,665698ca68c83d05,land,True,random,1fb8b2e54d539a4d
MLP,random,42,9,212,fb3c80d71e0d4a47,icmpbig,False,random,bf640f01d7d74bf6
MLP,random,42,9,213,ebd23fb1e6c69b8b,land,True,random,1fb8b2e54d539a4d
MLP,random,42,9,214,94a01a8c73614aa7,benign,False,random,2afd633f5625408e
MLP,random,42,9,215,db8c331bc2009103,land,True,random,1fb8b2e54d539a4d
MLP,random,42,9,216,96e1ba93809ac9bd,pingofdeath,False,random,c5bf68edf933ca07
MLP,random,42,9,217,c9bea20018cb0a95,icmpbig,False,random,11ef2328aebbae9a
MLP,random,42,9,218,2346e007cce546fa,benign,False,random,80b48f4cd277d383
MLP,random,42,9,219,aa997b4f32452f00,icmpflood,False,random,216576aa0b3057ad
MLP,random,42,9,220,ce5a613f4a56e43e,icmpflood,False,random,0e00e5ec9f2c4190
MLP,random,42,9,221,67d0fbf8f58bd581,benign,False,random,0c4eab26a143f4c3
MLP,random,42,9,222,9a8cc134dc9cd8cf,benign,False,random,27ecfce52bbb917a
MLP,random,42,9,223,ab81afaa0deb15f9,tcp,False,random,024943c95e462297
MLP,random,42,9,224,daaf8cf3fcf5bdd3,winnuke,False,random,feec1d5dd9687485
MLP,random,42,9,225,dd663a16791d3f97,icmpflood,False,random,8a92680589ae2e5b
MLP,random,42,10,226,6964d4471a93f186,icmpflood,False,random,46c4f94197429bd3
MLP,random,42,10,227,4c2400510b19c76c,icmpflood,False,random,9f7b52fecb82316b
MLP,random,42,10,228,cd2ed61c9dba8d42,ackflood,False,random,375706e3c87f9a71
MLP,random,42,10,229,19461de2815fe5f1,synflood,False,random,264886fc421b09cd
MLP,random,42,10,230,8ab8f483f2226b55,icmpbig,False,random,11ef2328aebbae9a
MLP,random,42,10,231,6d10e30f6deddaa8,routeip,False,random,753bbc2687bc83bf
MLP,random,42,10,232,3c35bc3b1875c065,icmpflood,False,random,1f3cdb4b41bd6398
MLP,random,42,10,233,4549afcf30b22aa9,tcp,False,random,58ec369bf1912a56
MLP,random,42,10,234,4bf28ee8786f25b5,icmpbig,False,random,11ef2328aebbae9a
MLP,random,42,10,235,abf2de48f75af4f9,benign,False,random,0281275bb82665dc
MLP,random,42,10,236,38164a4a43f92e22,synflood,False,random,8a3ed2acaafa363b
MLP,random,42,10,237,d63c87b648470d6f,ackpflood,True,random,811ae939f0302bde
MLP,random,42,10,238,9af31bd4349042d7,icmpflood,False,random,ae30493b2761b1b1
MLP,random,42,10,239,06da3d773017bc2f,icmpbig,False,random,11ef2328aebbae9a
MLP,random,42,10,240,02476c849dd6a689,benign,False,random,8884cc9ba987dc59
MLP,random,42,10,241,c333c653dfc8d419,tcp,False,random,cd64136aeecc4532
MLP,random,42,10,242,07df6b2643940bf9,fraggle,False,random,e9c5ad826faf87f5
MLP,random,42,10,243,aae8fb1a202701c1,tcp,False,random,20728b55be28c7ad
MLP,random,42,10,244,527b9fffb0256083,routeip,False,random,7480dec5eaacca58
MLP,random,42,10,245,e4a8f32dd8605be4,routeip,False,random,7480dec5eaacca58
MLP,random,42,10,246,7b04f328d199bf5c,winnuke,False,random,0541563abf895aec
MLP,random,42,10,247,ef9e313457220af8,teardrop,True,random,47f813adaf2ee0cf
MLP,random,42,10,248,6d8dfc88f1a71c77,tcp,False,random,ef0542b9fa15660a
MLP,random,42,10,249,c5348d383438f035,teardrop,True,random,7409c11e289a47aa
MLP,random,42,10,250,573b41452a5a8616,land,True,random,1fb8b2e54d539a4d
MLP,random,42,11,251,840ce53b2583b3ee,syn,False,random,91a24eb6dfa53e45
MLP,random,42,11,252,9fdde3c537cf1769,benign,False,random,8bc21facc0653155
MLP,random,42,11,253,e7cfaac8189d59ea,synflood,False,random,9a51a03c51ef26d4
MLP,random,42,11,254,02cf9c943a1a3e16,winnuke,False,random,6e9e85f898949f72
MLP,random,42,11,255,81a6a5096fc90334,pingofdeath,False,random,9fcb498b7a7b6fc2
MLP,random,42,11,256,801ba3bdc29d7612,icmpflood,False,random,d32db3bbd07fe8d5
MLP,random,42,11,257,4ed03072c931d754,synflood,False,random,76684c02635f367e
MLP,random,42,11,258,45f08e34fa62ab15,tcpfin1,False,random,1a1695b4f63d38b9
MLP,random,42,11,259,582bca19b9d88eb0,tcpfin1,False,random,3da3facffa0f3564
MLP,random,42,11,260,f64a54a9a1b70451,ackpflood,True,random,bd510951eca832d9
MLP,random,42,11,261,f87fa797564b4f02,syn,False,random,91a24eb6dfa53e45
MLP,random,42,11,262,5b7145d435697cac,icmpbig,False,random,11ef2328aebbae9a
MLP,random,42,11,263,fe00ef121bf081d1,icmpbig,False,random,11ef2328aebbae9a
MLP,random,42,11,264,ef9eeeeb812fc9e3,tcp,False,random,8a0c3de433c4f985
MLP,random,42,11,265,e9190476dc4ac9fc,icmpbig,False,random,11ef2328aebbae9a
MLP,random,42,11,266,7708f47e4dd91ee7,teardrop,True,random,7409c11e289a47aa
MLP,random,42,11,267,0faef092c7097087,benign,False,random,fb388d8dbb5b1050
MLP,random,42,11,268,fca8c0c9243705ed,winnuke,False,random,e396d71ce460dfc5
MLP,random,42,11,269,f7362492b0d68648,routeip,False,random,7480dec5eaacca58
MLP,random,42,11,270,cf06046c593aeb51,winnuke,False,random,410bcc024f654308
MLP,random,42,11,271,34e529a7b94d59a5,benign,False,random,0a6809ab3a8c9cd5
MLP,random,42,11,272,e89f1e870a5a25ad,ackpflood,True,random,bd510951eca832d9
MLP,random,42,11,273,aca137cafc96b55e,icmpflood,False,random,424831393bd84b19
MLP,random,42,11,274,153f4828fa63adf4,synflood,False,random,a8dd0bf30ca32d5f
MLP,random,42,11,275,ed27629fe98c15c1,pingofdeath,False,random,2e15591b9476cce4
MLP,random,42,12,276,c2e9642d42a830a0,benign,False,random,2d70bdcea42b6257
MLP,random,42,12,277,a64b666e70b36bf4,land,True,random,1fb8b2e54d539a4d
MLP,random,42,12,278,97481fb7553ad741,routeip,False,random,7480dec5eaacca58
MLP,random,42,12,279,1a0fb7f04e7e386f,tcp,False,random,58ec369bf1912a56
MLP,random,42,12,280,aeed3c27eba0e428,fraggle,False,random,add455247e14b58f
MLP,random,42,12,281,fb6d00a4d0173d9e,fraggle,False,random,57b5d45129971226
MLP,random,42,12,282,7f0a82d604e814bf,tcpall,False,random,25df2cbec14f457e
MLP,random,42,12,283,5b2d948601878b59,ackflood,False,random,4355ef8590b67ead
MLP,random,42,12,284,664c3614a260b35e,ackflood,False,random,3f66f07604f63960
MLP,random,42,12,285,82b463c2072ab159,routeip,False,random,dabc063a26814dbc
MLP,random,42,12,286,f9d8f7da7dc46a73,icmpflood,False,random,ae30493b2761b1b1
MLP,random,42,12,287,0ada5f81eb752e7a,winnuke,False,random,0541563abf895aec
MLP,random,42,12,288,0ec782b3c7eb2452,icmpflood,False,random,e04bd5af7fce780e
MLP,random,42,12,289,007234348a2c107c,routeip,False,random,dabc063a26814dbc
MLP,random,42,12,290,7739bf3991f5f627,smurf,False,random,4614ba434a2c3470
MLP,random,42,12,291,979f474f3564cdab,land,True,random,1fb8b2e54d539a4d
MLP,random,42,12,292,a8241c634d1d7482,fraggle,False,random,add455247e14b58f
MLP,random,42,12,293,b6b63241b27fade9,benign,False,random,d1662524bee772e4
MLP,random,42,12,294,f0eadca433b4118f,icmpbig,False,random,bf640f01d7d74bf6
MLP,random,42,12,295,fc99ad638c6f0933,smurf,False,random,0c6529c04298f723
MLP,random,42,12,296,9c2323cb0c23eb40,winnuke,False,random,0541563abf895aec
MLP,random,42,12,297,0d4725fc7ee5f3e4,syn,False,random,1f970c937f152aa7
MLP,random,42,12,298,41270351dab4821a,icmpflood,False,random,1a8a950154dcb23e
MLP,random,42,12,299,e1272a9e070302e7,syn,False,random,6407d7ec4d6128a0
MLP,random,42,12,300,9d0502180efbe2e0,fraggle,False,random,5034e5ea57497093
MLP,uncertainty,42,1,1,cea79607e84bbe29,benign,False,uncertainty,e99a6e6275a13160
MLP,uncertainty,42,1,2,90938c4f7f17c29e,land,True,uncertainty,1fb8b2e54d539a4d
MLP,uncertainty,42,1,3,67c2df9f6fe0cfbd,winnuke,False,uncertainty,5b36d783718d36da
MLP,uncertainty,42,1,4,a62add8cbd3ec9de,land,True,uncertainty,1fb8b2e54d539a4d
MLP,uncertainty,42,1,5,6246b4f83069ce2e,land,True,uncertainty,11ca897764624b71
MLP,uncertainty,42,1,6,17446f2ec51c738a,land,True,uncertainty,1fb8b2e54d539a4d
MLP,uncertainty,42,1,7,a9b7aecd851e1727,land,True,uncertainty,1fb8b2e54d539a4d
MLP,uncertainty,42,1,8,846e984b5ebe483d,land,True,uncertainty,1fb8b2e54d539a4d
MLP,uncertainty,42,1,9,0c4e9ecdafa023c7,land,True,uncertainty,1fb8b2e54d539a4d
MLP,uncertainty,42,1,10,ca8bfccb2c12a4da,land,True,uncertainty,1fb8b2e54d539a4d
MLP,uncertainty,42,1,11,d83d2e28e1e09aff,winnuke,False,uncertainty,94d4ff666e3064e0
MLP,uncertainty,42,1,12,50f2317f1d84d99c,land,True,uncertainty,1fb8b2e54d539a4d
MLP,uncertainty,42,1,13,78d0e08470482405,land,True,uncertainty,1fb8b2e54d539a4d
MLP,uncertainty,42,1,14,06b2ff782f3aa91b,land,True,uncertainty,11ca897764624b71
MLP,uncertainty,42,1,15,a0bd42171b268b08,land,True,uncertainty,1fb8b2e54d539a4d
MLP,uncertainty,42,1,16,c807f12b147e6252,land,True,uncertainty,1fb8b2e54d539a4d
MLP,uncertainty,42,1,17,c9a760a5f111f9e5,land,True,uncertainty,1fb8b2e54d539a4d
MLP,uncertainty,42,1,18,fb89264330d20d5f,land,True,uncertainty,1fb8b2e54d539a4d
MLP,uncertainty,42,1,19,ce3d593e75644424,land,True,uncertainty,1fb8b2e54d539a4d
MLP,uncertainty,42,1,20,ec6b0dc38bd24c48,land,True,uncertainty,1fb8b2e54d539a4d
MLP,uncertainty,42,1,21,a493a6fe1650e614,winnuke,False,uncertainty,5d17ec712ac09fb2
MLP,uncertainty,42,1,22,750daaf154c855bb,land,True,uncertainty,1fb8b2e54d539a4d
MLP,uncertainty,42,1,23,3453cc0fe00d0679,land,True,uncertainty,1fb8b2e54d539a4d
MLP,uncertainty,42,1,24,4487a4be6821668b,land,True,uncertainty,1fb8b2e54d539a4d
MLP,uncertainty,42,1,25,84fd4badaf925b29,land,True,uncertainty,1fb8b2e54d539a4d
MLP,uncertainty,42,2,26,0506c3f75dbc40a2,benign,False,uncertainty,a9725501bb249177
MLP,uncertainty,42,2,27,bfeab9473ca2835d,ackpflood,True,uncertainty,4b0089386a1d46ec
MLP,uncertainty,42,2,28,bd379726d232b408,benign,False,uncertainty,5c2ac51eebd3cc03
MLP,uncertainty,42,2,29,f4bb83cdbf72e8e4,smurf,False,uncertainty,17c6cb9c5ea4b2a7
MLP,uncertainty,42,2,30,b42de4056d878898,teardrop,True,uncertainty,8dee1464df987eed
MLP,uncertainty,42,2,31,86090c712db3ee36,smurf,False,uncertainty,8dee1464df987eed
MLP,uncertainty,42,2,32,b2a6ba063dfd9c9b,smurf,False,uncertainty,91a3370d77012f8a
MLP,uncertainty,42,2,33,5b32c1e03f58e35a,benign,False,uncertainty,301004225cdb7d56
MLP,uncertainty,42,2,34,94998211bd79c624,benign,False,uncertainty,f43d2e5bb0b91202
MLP,uncertainty,42,2,35,9a6b45af526ea50a,benign,False,uncertainty,4710bed9c41238cb
MLP,uncertainty,42,2,36,c985bb2dcc0d78cb,benign,False,uncertainty,783afc98f9cd9e14
MLP,uncertainty,42,2,37,553fad40d3c2b89a,benign,False,uncertainty,8a67a7be53c6accd
MLP,uncertainty,42,2,38,3bb2e1c9eeace4f8,icmpflood,False,uncertainty,414b96fbbd01c62d
MLP,uncertainty,42,2,39,f42321d2ab9b59da,teardrop,True,uncertainty,8dee1464df987eed
MLP,uncertainty,42,2,40,e60e30f2049a1994,fraggle,False,uncertainty,6b9460e705b82c7e
MLP,uncertainty,42,2,41,82ca55649885f1e8,benign,False,uncertainty,783afc98f9cd9e14
MLP,uncertainty,42,2,42,42c7e37bdbb08ef3,benign,False,uncertainty,783afc98f9cd9e14
MLP,uncertainty,42,2,43,f55d7b08d3b91ba1,teardrop,True,uncertainty,1b8d8d86b95179f1
MLP,uncertainty,42,2,44,bc214ff82501e9de,fraggle,False,uncertainty,e49760fad684d512
MLP,uncertainty,42,2,45,1fdb5a3bdfccfbf7,benign,False,uncertainty,783afc98f9cd9e14
MLP,uncertainty,42,2,46,4b2dde33dfe7e208,benign,False,uncertainty,a58aaac0e1e96b44
MLP,uncertainty,42,2,47,b6be6a1266e69ff4,icmpflood,False,uncertainty,86cbcd29c1a0caec
MLP,uncertainty,42,2,48,6cb2660ce3b02066,benign,False,uncertainty,783afc98f9cd9e14
MLP,uncertainty,42,2,49,795fe637f94dc3d6,icmpflood,False,uncertainty,24b3540d86e5a98c
MLP,uncertainty,42,2,50,6b97b95f72e49a47,fraggle,False,uncertainty,adac96d89cc6f509
MLP,uncertainty,42,3,51,644ddddda959e6df,ackpflood,True,uncertainty,bd510951eca832d9
MLP,uncertainty,42,3,52,7f8869ad41e14f1d,ackpflood,True,uncertainty,bd510951eca832d9
MLP,uncertainty,42,3,53,fcd2f69c08121ab4,ackpflood,True,uncertainty,811ae939f0302bde
MLP,uncertainty,42,3,54,d700961b235b5712,ackpflood,True,uncertainty,fc60f500fd93cd5e
MLP,uncertainty,42,3,55,13a5018a5af55931,ackpflood,True,uncertainty,811ae939f0302bde
MLP,uncertainty,42,3,56,7367a8d5124e0062,ackpflood,True,uncertainty,102d8c4dd3732eee
MLP,uncertainty,42,3,57,2cff760bb7963ad8,ackpflood,True,uncertainty,811ae939f0302bde
MLP,uncertainty,42,3,58,54e52ed523973b5e,ackpflood,True,uncertainty,102d8c4dd3732eee
MLP,uncertainty,42,3,59,881bcde3ddeb129c,ackpflood,True,uncertainty,811ae939f0302bde
MLP,uncertainty,42,3,60,5e8032c67c2dbe29,ackpflood,True,uncertainty,63de70e0886d565d
MLP,uncertainty,42,3,61,8a03b178c2835382,ackpflood,True,uncertainty,fc60f500fd93cd5e
MLP,uncertainty,42,3,62,2553bee8a7006e38,ackpflood,True,uncertainty,bd510951eca832d9
MLP,uncertainty,42,3,63,0d0473e0c400fc6d,ackpflood,True,uncertainty,bd510951eca832d9
MLP,uncertainty,42,3,64,296ab6f64f3eee8a,ackflood,False,uncertainty,62edec7f537fb122
MLP,uncertainty,42,3,65,b9903f9ebef598df,ackpflood,True,uncertainty,a1cb362fa310338d
MLP,uncertainty,42,3,66,f6d7c14dca25e785,ackpflood,True,uncertainty,fc60f500fd93cd5e
MLP,uncertainty,42,3,67,4f123abfb8c3de90,ackpflood,True,uncertainty,102d8c4dd3732eee
MLP,uncertainty,42,3,68,741b4d7614f4fbe6,ackpflood,True,uncertainty,2acdf22aafbfa79e
MLP,uncertainty,42,3,69,fdd337750b13c8d3,ackpflood,True,uncertainty,bd510951eca832d9
MLP,uncertainty,42,3,70,063304350d0e1171,ackpflood,True,uncertainty,bd510951eca832d9
MLP,uncertainty,42,3,71,6502eba0f3eeea14,ackpflood,True,uncertainty,102d8c4dd3732eee
MLP,uncertainty,42,3,72,4c7ea803616f17a3,ackpflood,True,uncertainty,bd510951eca832d9
MLP,uncertainty,42,3,73,4a3521b1b961fdec,ackpflood,True,uncertainty,bd510951eca832d9
MLP,uncertainty,42,3,74,c2f4ad3fa30b4974,ackflood,False,uncertainty,f1ef3b8b705a7243
MLP,uncertainty,42,3,75,104a0a5b732b73b6,ackpflood,True,uncertainty,811ae939f0302bde
MLP,uncertainty,42,4,76,92751cc0451bde95,synflood,False,uncertainty,eb1511166537477c
MLP,uncertainty,42,4,77,2cc4d999d13cf9c1,benign,False,uncertainty,9b520c58eca0f020
MLP,uncertainty,42,4,78,d0dd3a515c0e56fa,benign,False,uncertainty,eb112a4ad4db1d35
MLP,uncertainty,42,4,79,4e50aa8fefee5b7d,benign,False,uncertainty,f0948557f91e3bfd
MLP,uncertainty,42,4,80,0155b120de999e79,fraggle,False,uncertainty,3b61be8d56279b8f
MLP,uncertainty,42,4,81,bb77f6364d263463,syn,False,uncertainty,fe7c3cf12bf1b9ed
MLP,uncertainty,42,4,82,a7a6959a499e9277,winnuke,False,uncertainty,8d2bec8c0a0a17b1
MLP,uncertainty,42,4,83,2061a7860bc804aa,synflood,False,uncertainty,c0a2f8dce853d842
MLP,uncertainty,42,4,84,38472b4d0878cc29,ackflood,False,uncertainty,e6e7170296a1d0ef
MLP,uncertainty,42,4,85,8a6ccc2a096ad617,winnuke,False,uncertainty,73832a19c6f3d45a
MLP,uncertainty,42,4,86,50aa7f724695af61,benign,False,uncertainty,dce4ea2982f3dc12
MLP,uncertainty,42,4,87,c6e58140fa4c90a1,benign,False,uncertainty,d82a8a71201201e0
MLP,uncertainty,42,4,88,ad86cda08d5f573b,fraggle,False,uncertainty,fe7c3cf12bf1b9ed
MLP,uncertainty,42,4,89,7ea786a581faf400,benign,False,uncertainty,a56169f967bfe521
MLP,uncertainty,42,4,90,5db063e180dfe0e8,benign,False,uncertainty,5570e2392c353ac6
MLP,uncertainty,42,4,91,e11c785fd23b75b4,ackflood,False,uncertainty,e6e7170296a1d0ef
MLP,uncertainty,42,4,92,e5465fde86e0e627,synflood,False,uncertainty,99b949009a70a290
MLP,uncertainty,42,4,93,a8496ded2d816fca,benign,False,uncertainty,e1a46cfd513b89a2
MLP,uncertainty,42,4,94,c30aa3402bae4063,benign,False,uncertainty,430f65a62d5e6af7
MLP,uncertainty,42,4,95,2be22d2411603cb1,tcp,False,uncertainty,601ed47822cbb048
MLP,uncertainty,42,4,96,752fb09ada794e9e,fraggle,False,uncertainty,35ec8d23722ee235
MLP,uncertainty,42,4,97,b578a8cb0810f79a,winnuke,False,uncertainty,58a1160e8243529c
MLP,uncertainty,42,4,98,457930b895146f05,benign,False,uncertainty,66d17f222c081b65
MLP,uncertainty,42,4,99,3f837576aad3a52b,benign,False,uncertainty,e211abd85dc820ee
MLP,uncertainty,42,4,100,0c432a3fb762bde9,benign,False,uncertainty,08962422bd620f2e
MLP,uncertainty,42,5,101,f8dde1480265276a,winnuke,False,uncertainty,decd98c001b312c1
MLP,uncertainty,42,5,102,c97906bf58eba041,benign,False,uncertainty,d885854c7f6382e6
MLP,uncertainty,42,5,103,6b9e572bb7e0b573,fraggle,False,uncertainty,9f2915b8ae07ff0a
MLP,uncertainty,42,5,104,44079a2c2c2d8ab3,fraggle,False,uncertainty,c5d5342a31360cb1
MLP,uncertainty,42,5,105,23223431412d136a,benign,False,uncertainty,81c7bd9e86f6f4b6
MLP,uncertainty,42,5,106,f520ea9b165ce895,benign,False,uncertainty,5777838def6d12b4
MLP,uncertainty,42,5,107,85859cae215ef36c,fraggle,False,uncertainty,928b0194cc28822f
MLP,uncertainty,42,5,108,dfe5731fe12e9781,benign,False,uncertainty,d348cd54aeab6397
MLP,uncertainty,42,5,109,186f437b1c776503,syn,False,uncertainty,9b58eb4ca28cad6b
MLP,uncertainty,42,5,110,dc5cf61d7cdabd6f,routeip,False,uncertainty,6407d7ec4d6128a0
MLP,uncertainty,42,5,111,f46aa3f427f48935,benign,False,uncertainty,7d718e834fc6c4f9
MLP,uncertainty,42,5,112,86cb2de4b1f230e1,benign,False,uncertainty,81c7bd9e86f6f4b6
MLP,uncertainty,42,5,113,f909545958acceaf,benign,False,uncertainty,ddd3e19da6341a4e
MLP,uncertainty,42,5,114,b2afb214e0f5ee82,routeip,False,uncertainty,fe7c3cf12bf1b9ed
MLP,uncertainty,42,5,115,932fbfa7c8605944,fraggle,False,uncertainty,a288afd0cf82b7e0
MLP,uncertainty,42,5,116,ae9041bd9241744b,benign,False,uncertainty,0cd520afb09d1e06
MLP,uncertainty,42,5,117,8d6b613c3e73db98,benign,False,uncertainty,e22040a386d96eed
MLP,uncertainty,42,5,118,fba7a3e28014e955,benign,False,uncertainty,5cc2dd94211444f9
MLP,uncertainty,42,5,119,b2f65703aed8b1db,icmpbig,False,uncertainty,8dee1464df987eed
MLP,uncertainty,42,5,120,302bddd86cdbeffd,benign,False,uncertainty,b09860e3a37e636d
MLP,uncertainty,42,5,121,94724a2f63edaa35,synflood,False,uncertainty,57f645b96ea3394a
MLP,uncertainty,42,5,122,cd554f4c69389e5e,benign,False,uncertainty,c59a69b2e40c0e03
MLP,uncertainty,42,5,123,abbd133c3c0ab4e2,land,True,uncertainty,ccfb10c2ea227cb4
MLP,uncertainty,42,5,124,b170e244329bd410,fraggle,False,uncertainty,ddd3e19da6341a4e
MLP,uncertainty,42,5,125,50a8bad7a1b5073d,fraggle,False,uncertainty,874b3ea3d487c33d
MLP,uncertainty,42,6,126,df8a8f2d80186bb3,benign,False,uncertainty,1877380525324c3f
MLP,uncertainty,42,6,127,50976dc6bf0e71ff,ackflood,False,uncertainty,4b0089386a1d46ec
MLP,uncertainty,42,6,128,133171c58216e0bf,benign,False,uncertainty,efd283da96ba28d3
MLP,uncertainty,42,6,129,cf219dc01b5a0f44,pingofdeath,False,uncertainty,8dee1464df987eed
MLP,uncertainty,42,6,130,73eb77d022c44f8a,synflood,False,uncertainty,3edac50acc1fbacd
MLP,uncertainty,42,6,131,c0f666ae1f765484,benign,False,uncertainty,8debd0824a747e10
MLP,uncertainty,42,6,132,ede1ea3ccd72d0c9,ackflood,False,uncertainty,f1ab7d45fc653c5b
MLP,uncertainty,42,6,133,24b7b66546f1c075,ackflood,False,uncertainty,6d7f56a3f314dab8
MLP,uncertainty,42,6,134,708856d01333c64e,syn,False,uncertainty,eb1511166537477c
MLP,uncertainty,42,6,135,d24bb1425507f20a,synflood,False,uncertainty,1dd3ea8fd11222fc
MLP,uncertainty,42,6,136,e9f5cc65e9b4b30c,icmpflood,False,uncertainty,5c9ae739820f232c
MLP,uncertainty,42,6,137,0aaecd085aeccbfe,winnuke,False,uncertainty,ae55d9c970e1c2ea
MLP,uncertainty,42,6,138,a48a2564d9b42040,winnuke,False,uncertainty,0e8166ad88e61abb
MLP,uncertainty,42,6,139,96fa6e76375c6a7b,icmpflood,False,uncertainty,9a54f79387dba642
MLP,uncertainty,42,6,140,a88bcc3bb8178409,benign,False,uncertainty,6c128b64fd2f2f15
MLP,uncertainty,42,6,141,15f96498ffa88fa2,benign,False,uncertainty,cc3af9489ef05c70
MLP,uncertainty,42,6,142,f21ab472b4d2c2f9,winnuke,False,uncertainty,00cb247db2593071
MLP,uncertainty,42,6,143,f659243738b90f5e,benign,False,uncertainty,0f80482d9033d7f4
MLP,uncertainty,42,6,144,e9dc637b5baac145,benign,False,uncertainty,6ddb7c996aa21565
MLP,uncertainty,42,6,145,b0d7b50eece6a386,ackflood,False,uncertainty,3dec0b576f9b5a32
MLP,uncertainty,42,6,146,64d239e9edb5982a,icmpflood,False,uncertainty,2567ba0bb30cb008
MLP,uncertainty,42,6,147,c96656d3ac407efa,benign,False,uncertainty,ef9f36f07144b22c
MLP,uncertainty,42,6,148,87d2ee2ed3413e5b,winnuke,False,uncertainty,1012f30d0d5c6099
MLP,uncertainty,42,6,149,de9443a9cc96b18d,fraggle,False,uncertainty,f43d2e5bb0b91202
MLP,uncertainty,42,6,150,1f35551bfdfc5ad0,benign,False,uncertainty,d8416314df837b7c
MLP,uncertainty,42,7,151,06a3d0fd0dbe66d8,benign,False,uncertainty,3b490b93ba8770b8
MLP,uncertainty,42,7,152,bb73ef66e7cf818f,benign,False,uncertainty,1b08e6161ca00df7
MLP,uncertainty,42,7,153,4acafa67eb8c7405,benign,False,uncertainty,8e7fb7e13f2f2db3
MLP,uncertainty,42,7,154,6c8fcf2bae6e6781,winnuke,False,uncertainty,ad0cb31ebc896d3f
MLP,uncertainty,42,7,155,04814a9fb1072822,benign,False,uncertainty,2c7562b7a0def6dd
MLP,uncertainty,42,7,156,d0105a33e9214176,benign,False,uncertainty,6769a8d5d72925a4
MLP,uncertainty,42,7,157,80cd4add3c4e1d17,benign,False,uncertainty,ded33c730dc85d84
MLP,uncertainty,42,7,158,aeba341b259eeca9,ackflood,False,uncertainty,34b7d3134bfaba66
MLP,uncertainty,42,7,159,4daccbd164bc0504,benign,False,uncertainty,79eb2f644206cc48
MLP,uncertainty,42,7,160,dac48350a95b6627,benign,False,uncertainty,cca403344675bfa6
MLP,uncertainty,42,7,161,4a0ae5ccb6ba9c23,benign,False,uncertainty,416163d46be4405c
MLP,uncertainty,42,7,162,466b0f6a0c4fa8a6,ackflood,False,uncertainty,8e7fb7e13f2f2db3
MLP,uncertainty,42,7,163,8257981bbc410ff2,ackflood,False,uncertainty,9b9f8b8b25cb5ec3
MLP,uncertainty,42,7,164,573c7c6d471e6852,winnuke,False,uncertainty,0d1813bfda06a14f
MLP,uncertainty,42,7,165,236207d3325c134e,benign,False,uncertainty,3395621af1203047
MLP,uncertainty,42,7,166,43bdb3bb50b82dcf,benign,False,uncertainty,17077c6a58cdc347
MLP,uncertainty,42,7,167,7fa3f5cae967a5ff,benign,False,uncertainty,176004c8d365f8ad
MLP,uncertainty,42,7,168,c53800941557473f,winnuke,False,uncertainty,06c0dff5032f2e4c
MLP,uncertainty,42,7,169,b06fa0c5164b81d3,winnuke,False,uncertainty,78772b9a350b8dcc
MLP,uncertainty,42,7,170,4776121b13cbc874,benign,False,uncertainty,f7c5a8ca224dbbd6
MLP,uncertainty,42,7,171,e54ab0e050f0caea,benign,False,uncertainty,87e168264c4c220d
MLP,uncertainty,42,7,172,e18753e389c2c61a,benign,False,uncertainty,87e168264c4c220d
MLP,uncertainty,42,7,173,a143a802214ad7d9,ackflood,False,uncertainty,9b9f8b8b25cb5ec3
MLP,uncertainty,42,7,174,2df135cffaec0780,benign,False,uncertainty,ded33c730dc85d84
MLP,uncertainty,42,7,175,45592ebb3d445043,benign,False,uncertainty,8e7fb7e13f2f2db3
MLP,uncertainty,42,8,176,931f67331944d031,benign,False,uncertainty,2b4bc04f86e14ac9
MLP,uncertainty,42,8,177,8d1c97445d387d30,tcpall,False,uncertainty,25df2cbec14f457e
MLP,uncertainty,42,8,178,91dae497d7aa3982,icmpbig,False,uncertainty,c8e97d132ab405b7
MLP,uncertainty,42,8,179,e3ab64b6f2d8a7b9,fraggle,False,uncertainty,29e8fc014fedb81a
MLP,uncertainty,42,8,180,ec95b2a517d2053e,benign,False,uncertainty,2b4bc04f86e14ac9
MLP,uncertainty,42,8,181,9f16f5b21912729a,tcpall,False,uncertainty,25df2cbec14f457e
MLP,uncertainty,42,8,182,c8ff3d3726a9253f,benign,False,uncertainty,29e8fc014fedb81a
MLP,uncertainty,42,8,183,3dbd0853e6bcb43f,fraggle,False,uncertainty,b732b8a05bb4f1eb
MLP,uncertainty,42,8,184,23a379f6c3fd3505,benign,False,uncertainty,946e46038184e956
MLP,uncertainty,42,8,185,f7a91b1e1cf528b0,synflood,False,uncertainty,062a6e0ca5e37834
MLP,uncertainty,42,8,186,92a6bf19098484a1,tcpall,False,uncertainty,25df2cbec14f457e
MLP,uncertainty,42,8,187,623054976f9a533d,benign,False,uncertainty,587a26b32907c413
MLP,uncertainty,42,8,188,50ec7af9618a43af,benign,False,uncertainty,bdbdbe55dba7299b
MLP,uncertainty,42,8,189,ef850fc14c773b19,benign,False,uncertainty,4aed5a33f2ad08fe
MLP,uncertainty,42,8,190,5a22d31e878d7780,benign,False,uncertainty,4aed5a33f2ad08fe
MLP,uncertainty,42,8,191,64fbc51e99190c18,benign,False,uncertainty,29e8fc014fedb81a
MLP,uncertainty,42,8,192,7921600acbe66c33,benign,False,uncertainty,d80bd9089f8a8a7a
MLP,uncertainty,42,8,193,6a840514c4ed7183,benign,False,uncertainty,4d126dd5b0ee0af7
MLP,uncertainty,42,8,194,e3444f057f2e6f97,benign,False,uncertainty,b5f10a67eb44a2f1
MLP,uncertainty,42,8,195,99251c70d02817a3,tcpall,False,uncertainty,25df2cbec14f457e
MLP,uncertainty,42,8,196,c085affd7b68a2c6,benign,False,uncertainty,2b4bc04f86e14ac9
MLP,uncertainty,42,8,197,7c5bb683a1664e5e,benign,False,uncertainty,16a25766f01a193e
MLP,uncertainty,42,8,198,1c0f2385cf499799,benign,False,uncertainty,05c99775392f5b8a
MLP,uncertainty,42,8,199,260a030817fd56fe,fraggle,False,uncertainty,f70efc29754c793e
MLP,uncertainty,42,8,200,880745990f051720,benign,False,uncertainty,2b4bc04f86e14ac9
MLP,uncertainty,42,9,201,fd128d7419daec28,pingofdeath,False,uncertainty,97b1a2b42a8f87ec
MLP,uncertainty,42,9,202,a9e5a1609c12831d,icmpflood,False,uncertainty,8ec65911deb2389c
MLP,uncertainty,42,9,203,c83edf49ddfe71ad,tcpall,False,uncertainty,6d190f0ade234a41
MLP,uncertainty,42,9,204,04e8aef20400cb59,tcpall,False,uncertainty,6d190f0ade234a41
MLP,uncertainty,42,9,205,98970c495e3db0ec,synflood,False,uncertainty,6db1f47a4659ae34
MLP,uncertainty,42,9,206,cb1c002b6bb1aebe,tcpall,False,uncertainty,6d190f0ade234a41
MLP,uncertainty,42,9,207,ad2b9d3eabfdda5d,tcpall,False,uncertainty,6d190f0ade234a41
MLP,uncertainty,42,9,208,6caec555c8e17050,benign,False,uncertainty,a93305badcf82230
MLP,uncertainty,42,9,209,a9d04465af5c76fd,tcpall,False,uncertainty,6d190f0ade234a41
MLP,uncertainty,42,9,210,7fb8f8f7e2e2f547,tcpall,False,uncertainty,6d190f0ade234a41
MLP,uncertainty,42,9,211,514bf457dae0363a,tcpall,False,uncertainty,6d190f0ade234a41
MLP,uncertainty,42,9,212,8f118d2d3177e1ea,tcpall,False,uncertainty,6d190f0ade234a41
MLP,uncertainty,42,9,213,1bbe46a5fa832009,tcpall,False,uncertainty,6d190f0ade234a41
MLP,uncertainty,42,9,214,a886c571b628af0a,icmpflood,False,uncertainty,535f9f0e743cb1cd
MLP,uncertainty,42,9,215,2922918655f49fa8,tcpall,False,uncertainty,6d190f0ade234a41
MLP,uncertainty,42,9,216,4fd33ac389a17183,benign,False,uncertainty,a1dda2d06bde0e6b
MLP,uncertainty,42,9,217,340188aa083dd6a6,ackflood,False,uncertainty,64a66b98e9f10c7f
MLP,uncertainty,42,9,218,9cdea621a9468154,benign,False,uncertainty,7a0ee04583e83139
MLP,uncertainty,42,9,219,8e3c8264bc464c2c,tcpall,False,uncertainty,6d190f0ade234a41
MLP,uncertainty,42,9,220,f7fdd4ea6dc231ec,benign,False,uncertainty,4340ca774be75fe3
MLP,uncertainty,42,9,221,9a6a860d8f924365,tcpall,False,uncertainty,6d190f0ade234a41
MLP,uncertainty,42,9,222,6d14fa6e8eb4dc22,tcpall,False,uncertainty,6d190f0ade234a41
MLP,uncertainty,42,9,223,e8acff9f798a336f,tcpall,False,uncertainty,6d190f0ade234a41
MLP,uncertainty,42,9,224,61b623ee92796431,tcpall,False,uncertainty,146aa073103f8a9d
MLP,uncertainty,42,9,225,64322d73ddb84881,tcpall,False,uncertainty,6d190f0ade234a41
MLP,uncertainty,42,10,226,4fa26ab1928f55a2,smurf,False,uncertainty,8dee1464df987eed
MLP,uncertainty,42,10,227,54033267cf028a1b,routeip,False,uncertainty,753bbc2687bc83bf
MLP,uncertainty,42,10,228,c84c0f15e6526336,routeip,False,uncertainty,753bbc2687bc83bf
MLP,uncertainty,42,10,229,a8bdc49086b0a59a,benign,False,uncertainty,e2bc1c69f591cda8
MLP,uncertainty,42,10,230,f1d3536167ec027b,smurf,False,uncertainty,8dee1464df987eed
MLP,uncertainty,42,10,231,e779154be80d7d01,routeip,False,uncertainty,753bbc2687bc83bf
MLP,uncertainty,42,10,232,b63984863d751de0,tcpall,False,uncertainty,6d190f0ade234a41
MLP,uncertainty,42,10,233,dd39065ce532fee2,routeip,False,uncertainty,753bbc2687bc83bf
MLP,uncertainty,42,10,234,8e935ca3000d5eb9,routeip,False,uncertainty,753bbc2687bc83bf
MLP,uncertainty,42,10,235,698330a3c6115c2c,tcpall,False,uncertainty,6d190f0ade234a41
MLP,uncertainty,42,10,236,7d878b3fd31431f2,tcpall,False,uncertainty,6d190f0ade234a41
MLP,uncertainty,42,10,237,bf89ea3776c1819c,routeip,False,uncertainty,753bbc2687bc83bf
MLP,uncertainty,42,10,238,872ca9c26f4c6b29,tcp,False,uncertainty,cd64136aeecc4532
MLP,uncertainty,42,10,239,8f97300b6781fe23,routeip,False,uncertainty,753bbc2687bc83bf
MLP,uncertainty,42,10,240,6022057997288fbf,benign,False,uncertainty,4d126dd5b0ee0af7
MLP,uncertainty,42,10,241,c3172d531a5878d3,routeip,False,uncertainty,753bbc2687bc83bf
MLP,uncertainty,42,10,242,2184c0c733cae164,tcpall,False,uncertainty,6d190f0ade234a41
MLP,uncertainty,42,10,243,75302ea11735d88e,tcpall,False,uncertainty,6d190f0ade234a41
MLP,uncertainty,42,10,244,9d78730ae1fa4b34,routeip,False,uncertainty,753bbc2687bc83bf
MLP,uncertainty,42,10,245,f701036de7831dc1,tcpall,False,uncertainty,6d190f0ade234a41
MLP,uncertainty,42,10,246,9720c92bc6990198,routeip,False,uncertainty,56239d2baf50ff43
MLP,uncertainty,42,10,247,674fea0b39312338,tcpall,False,uncertainty,6d190f0ade234a41
MLP,uncertainty,42,10,248,1eaef5f66768de6c,routeip,False,uncertainty,753bbc2687bc83bf
MLP,uncertainty,42,10,249,27ce177747190d84,tcpall,False,uncertainty,6d190f0ade234a41
MLP,uncertainty,42,10,250,5b5aa702332a4e5c,routeip,False,uncertainty,753bbc2687bc83bf
MLP,uncertainty,42,11,251,16e487e4e876b0cc,icmpbig,False,uncertainty,1255b338bb026993
MLP,uncertainty,42,11,252,34b19b5441760929,icmpflood,False,uncertainty,424831393bd84b19
MLP,uncertainty,42,11,253,96feacda7e253b66,benign,False,uncertainty,c13ea2c54053d7ec
MLP,uncertainty,42,11,254,098ad6f9a251307c,benign,False,uncertainty,020fd876186249ed
MLP,uncertainty,42,11,255,ac368d0ef23960ba,pingofdeath,False,uncertainty,1255b338bb026993
MLP,uncertainty,42,11,256,2d0ff1ef3529bd5a,icmpflood,False,uncertainty,f4f004dec7bcadc2
MLP,uncertainty,42,11,257,871b60d75929f84f,icmpflood,False,uncertainty,b0c50a45c0530dda
MLP,uncertainty,42,11,258,ebb77de1e8349a46,icmpflood,False,uncertainty,4ff57072ca177ed5
MLP,uncertainty,42,11,259,c477c318f6e27423,benign,False,uncertainty,19bd72f5569f0827
MLP,uncertainty,42,11,260,2c00450c5746199e,tcpall,False,uncertainty,25df2cbec14f457e
MLP,uncertainty,42,11,261,c923246324a6fba4,tcpall,False,uncertainty,25df2cbec14f457e
MLP,uncertainty,42,11,262,59df6838bd00273c,tcpall,False,uncertainty,25df2cbec14f457e
MLP,uncertainty,42,11,263,920cf8f751f515d7,benign,False,uncertainty,5b85c70acc64a10f
MLP,uncertainty,42,11,264,48145b80a0dffe3d,routeip,False,uncertainty,7480dec5eaacca58
MLP,uncertainty,42,11,265,02e3720d9d4ee7ef,benign,False,uncertainty,74dadab1aff7e5b8
MLP,uncertainty,42,11,266,70d81125afb55450,ackflood,False,uncertainty,d736f29aff599c6a
MLP,uncertainty,42,11,267,e90d290e3440fdf2,tcpall,False,uncertainty,25df2cbec14f457e
MLP,uncertainty,42,11,268,a778deb6de3270b9,icmpflood,False,uncertainty,24b3540d86e5a98c
MLP,uncertainty,42,11,269,3a2aafdca8d3d9d1,tcp,False,uncertainty,270dd1a8adf0d6e3
MLP,uncertainty,42,11,270,2f19759560b09f9c,tcpall,False,uncertainty,25df2cbec14f457e
MLP,uncertainty,42,11,271,eb65d77d96317a81,benign,False,uncertainty,19bd72f5569f0827
MLP,uncertainty,42,11,272,99ea96c62e95d00c,routeip,False,uncertainty,7480dec5eaacca58
MLP,uncertainty,42,11,273,1f74d429a95998af,routeip,False,uncertainty,7480dec5eaacca58
MLP,uncertainty,42,11,274,389a96644c9ef00b,icmpflood,False,uncertainty,8a92680589ae2e5b
MLP,uncertainty,42,11,275,cb5a0a9dd981bc88,tcpall,False,uncertainty,6d190f0ade234a41
MLP,uncertainty,42,12,276,d3c4b1cf92fe4784,fraggle,False,uncertainty,ddd3e19da6341a4e
MLP,uncertainty,42,12,277,f23fc2ff92157b76,benign,False,uncertainty,9f2915b8ae07ff0a
MLP,uncertainty,42,12,278,9f08975f35d754f2,benign,False,uncertainty,e211abd85dc820ee
MLP,uncertainty,42,12,279,978df0af36eb70fc,benign,False,uncertainty,fb388d8dbb5b1050
MLP,uncertainty,42,12,280,d25ce50f21f56850,fraggle,False,uncertainty,00590a63c69b896e
MLP,uncertainty,42,12,281,2d862f1924a5b97d,tcp,False,uncertainty,eab058deef3ef772
MLP,uncertainty,42,12,282,a3f6137f69ee0d6e,benign,False,uncertainty,41a48522f4e5a91e
MLP,uncertainty,42,12,283,3893123ea7f40f8e,benign,False,uncertainty,11a81c3428d1fe5b
MLP,uncertainty,42,12,284,59e7db96b7f4bd04,benign,False,uncertainty,b44597ef51e1bb2e
MLP,uncertainty,42,12,285,c483dd8ea1e551fb,benign,False,uncertainty,bcc02304df71b08c
MLP,uncertainty,42,12,286,920233e97d9863cf,benign,False,uncertainty,dc9ddff06116a43e
MLP,uncertainty,42,12,287,617cc5f27336809c,benign,False,uncertainty,f85ac97de917165e
MLP,uncertainty,42,12,288,7f5d49406116760b,fraggle,False,uncertainty,ddd3e19da6341a4e
MLP,uncertainty,42,12,289,8e353f81401b6f22,benign,False,uncertainty,2006f3e4e207da32
MLP,uncertainty,42,12,290,d70e6673d396945e,ackflood,False,uncertainty,e1930b0d070d6377
MLP,uncertainty,42,12,291,795a5aacb845b8ce,routeip,False,uncertainty,7480dec5eaacca58
MLP,uncertainty,42,12,292,54ed2fd2d823590c,benign,False,uncertainty,eb112a4ad4db1d35
MLP,uncertainty,42,12,293,e78245a5a3cf3c0c,tcpall,False,uncertainty,25df2cbec14f457e
MLP,uncertainty,42,12,294,fb82e6e110973485,routeip,False,uncertainty,7480dec5eaacca58
MLP,uncertainty,42,12,295,23e0efd89e8b01da,fraggle,False,uncertainty,0e9fcd4aa45aaec8
MLP,uncertainty,42,12,296,b405acf8ecde3385,benign,False,uncertainty,ddd3e19da6341a4e
MLP,uncertainty,42,12,297,c07c176bec8dfbde,benign,False,uncertainty,3f8a2a1879b8dccd
MLP,uncertainty,42,12,298,46f22755952817ea,benign,False,uncertainty,71dca6caba98c782
MLP,uncertainty,42,12,299,2a3f126a62d7226a,ackflood,False,uncertainty,30afde80c8fcf7e0
MLP,uncertainty,42,12,300,55d5b05c57c112f9,benign,False,uncertainty,fb388d8dbb5b1050
MLP,hybrid_open_set,42,1,1,ed833f9b91a9c4bc,land,True,novelty,1fb8b2e54d539a4d
MLP,hybrid_open_set,42,1,2,3dbd0853e6bcb43f,fraggle,False,novelty,b732b8a05bb4f1eb
MLP,hybrid_open_set,42,1,3,882e31548f951f31,routeip,False,novelty,e9b6245ed6428809
MLP,hybrid_open_set,42,1,4,49f46d3d110a10d9,synflood,False,novelty,60b49c24c42afbd4
MLP,hybrid_open_set,42,1,5,bc214ff82501e9de,fraggle,False,novelty,e49760fad684d512
MLP,hybrid_open_set,42,1,6,ce686de001828eff,benign,False,novelty,783afc98f9cd9e14
MLP,hybrid_open_set,42,1,7,f42321d2ab9b59da,teardrop,True,novelty,8dee1464df987eed
MLP,hybrid_open_set,42,1,8,bfeab9473ca2835d,ackpflood,True,novelty,4b0089386a1d46ec
MLP,hybrid_open_set,42,1,9,c91282e85bd70098,pingofdeath,False,novelty,8def8df6002e88c9
MLP,hybrid_open_set,42,1,10,cea79607e84bbe29,benign,False,novelty,e99a6e6275a13160
MLP,hybrid_open_set,42,1,11,df0b5ca9a48ca7d0,winnuke,False,novelty,2b8adb0185418bbf
MLP,hybrid_open_set,42,1,12,260a030817fd56fe,fraggle,False,novelty,f70efc29754c793e
MLP,hybrid_open_set,42,1,13,296ab6f64f3eee8a,ackflood,False,novelty,62edec7f537fb122
MLP,hybrid_open_set,42,1,14,c97906bf58eba041,benign,False,novelty,d885854c7f6382e6
MLP,hybrid_open_set,42,1,15,e3ab64b6f2d8a7b9,fraggle,False,uncertainty,29e8fc014fedb81a
MLP,hybrid_open_set,42,1,16,6246b4f83069ce2e,land,True,uncertainty,11ca897764624b71
MLP,hybrid_open_set,42,1,17,67c2df9f6fe0cfbd,winnuke,False,uncertainty,5b36d783718d36da
MLP,hybrid_open_set,42,1,18,d83d2e28e1e09aff,winnuke,False,uncertainty,94d4ff666e3064e0
MLP,hybrid_open_set,42,1,19,a493a6fe1650e614,winnuke,False,uncertainty,5d17ec712ac09fb2
MLP,hybrid_open_set,42,1,20,cdbe5a64ea8654fe,winnuke,False,uncertainty,b805bb9232dbca65
MLP,hybrid_open_set,42,1,21,ca8bfccb2c12a4da,land,True,uncertainty,1fb8b2e54d539a4d
MLP,hybrid_open_set,42,1,22,50f2317f1d84d99c,land,True,uncertainty,1fb8b2e54d539a4d
MLP,hybrid_open_set,42,1,23,61cf8bbbf0702609,benign,False,random,dc4fb53a79506168
MLP,hybrid_open_set,42,1,24,89b2f75bcd624a50,winnuke,False,random,49a0f41afac2e447
MLP,hybrid_open_set,42,1,25,464230066794f7f4,pingofdeath,False,random,ad08b780717c5442
MLP,hybrid_open_set,42,2,26,8a8b47a99dce0b35,land,True,expansion,1fb8b2e54d539a4d
MLP,hybrid_open_set,42,2,27,23223431412d136a,benign,False,expansion,81c7bd9e86f6f4b6
MLP,hybrid_open_set,42,2,28,f8dde1480265276a,winnuke,False,expansion,decd98c001b312c1
MLP,hybrid_open_set,42,2,29,2e7a72ad42ae17c7,tcp,False,expansion,91635b5f920f9475
MLP,hybrid_open_set,42,2,30,0506c3f75dbc40a2,benign,False,expansion,a9725501bb249177
MLP,hybrid_open_set,42,2,31,f55d7b08d3b91ba1,teardrop,True,expansion,1b8d8d86b95179f1
MLP,hybrid_open_set,42,2,32,3bb2e1c9eeace4f8,icmpflood,False,expansion,414b96fbbd01c62d
MLP,hybrid_open_set,42,2,33,6f2d4922fb165018,benign,False,novelty,2d4da53ed1a01790
MLP,hybrid_open_set,42,2,34,e5465fde86e0e627,synflood,False,novelty,99b949009a70a290
MLP,hybrid_open_set,42,2,35,708856d01333c64e,syn,False,novelty,eb1511166537477c
MLP,hybrid_open_set,42,2,36,a8496ded2d816fca,benign,False,novelty,e1a46cfd513b89a2
MLP,hybrid_open_set,42,2,37,9c22dd7457fc78a0,icmpflood,False,novelty,03a7a5045e91dd22
MLP,hybrid_open_set,42,2,38,24b7b66546f1c075,ackflood,False,novelty,6d7f56a3f314dab8
MLP,hybrid_open_set,42,2,39,1e0955e77a0d0b3a,tcp,False,novelty,e9b6245ed6428809
MLP,hybrid_open_set,42,2,40,e8e77331c251e464,benign,False,uncertainty,e211abd85dc820ee
MLP,hybrid_open_set,42,2,41,50976dc6bf0e71ff,ackflood,False,uncertainty,4b0089386a1d46ec
MLP,hybrid_open_set,42,2,42,28632b205fa24373,benign,False,uncertainty,1b3ed2bdad3c9904
MLP,hybrid_open_set,42,2,43,3ae665bc0635f527,benign,False,uncertainty,bd8f818b26501948
MLP,hybrid_open_set,42,2,44,94724a2f63edaa35,synflood,False,uncertainty,57f645b96ea3394a
MLP,hybrid_open_set,42,2,45,133171c58216e0bf,benign,False,uncertainty,efd283da96ba28d3
MLP,hybrid_open_set,42,2,46,d2e313d1c0e43bf1,benign,False,uncertainty,278975cbcaa57107
MLP,hybrid_open_set,42,2,47,fd128d7419daec28,pingofdeath,False,uncertainty,97b1a2b42a8f87ec
MLP,hybrid_open_set,42,2,48,89a1ed737d61e746,tcp,False,random,761777b58d5a76ad
MLP,hybrid_open_set,42,2,49,b9ccfbd2f0657b94,ackflood,False,random,c4fcd53922316de5
MLP,hybrid_open_set,42,2,50,d3fbc89de4d56905,syn,False,random,91a24eb6dfa53e45
MLP,hybrid_open_set,42,3,51,ea9ce6f4eccd8198,land,True,expansion,1fb8b2e54d539a4d
MLP,hybrid_open_set,42,3,52,8aaa5591a5dc7fde,teardrop,True,expansion,f3a9ca77aa994aa6
MLP,hybrid_open_set,42,3,53,cf219dc01b5a0f44,pingofdeath,False,expansion,8dee1464df987eed
MLP,hybrid_open_set,42,3,54,5b32c1e03f58e35a,benign,False,expansion,301004225cdb7d56
MLP,hybrid_open_set,42,3,55,d700961b235b5712,ackpflood,True,expansion,fc60f500fd93cd5e
MLP,hybrid_open_set,42,3,56,abbd133c3c0ab4e2,land,True,expansion,ccfb10c2ea227cb4
MLP,hybrid_open_set,42,3,57,c8ff3d3726a9253f,benign,False,expansion,29e8fc014fedb81a
MLP,hybrid_open_set,42,3,58,f9566e96a25f4d0c,benign,False,novelty,5777838def6d12b4
MLP,hybrid_open_set,42,3,59,1d974919d74385e1,benign,False,novelty,b09860e3a37e636d
MLP,hybrid_open_set,42,3,60,25ab807e55c64c35,fraggle,False,novelty,dfe9d116fd351d70
MLP,hybrid_open_set,42,3,61,30b24390418741be,fraggle,False,novelty,2d1056336e6c02e0
MLP,hybrid_open_set,42,3,62,44cdafceae43d827,fraggle,False,novelty,928b0194cc28822f
MLP,hybrid_open_set,42,3,63,cf368a4c39191124,fraggle,False,novelty,4c5395c15431505f
MLP,hybrid_open_set,42,3,64,4bb8dfaeef2ac4ba,benign,False,novelty,0314e996d818a09f
MLP,hybrid_open_set,42,3,65,672395880fd24c69,ackflood,False,uncertainty,5cead770e057b03e
MLP,hybrid_open_set,42,3,66,a5c1517699e2f932,benign,False,uncertainty,6a70367c547d6d92
MLP,hybrid_open_set,42,3,67,0480d424b5a178e9,benign,False,uncertainty,0afca7c6fbffbc36
MLP,hybrid_open_set,42,3,68,77b398b1394e4fe6,fraggle,False,uncertainty,6f4f7da9f9f2df49
MLP,hybrid_open_set,42,3,69,df8a8f2d80186bb3,benign,False,uncertainty,1877380525324c3f
MLP,hybrid_open_set,42,3,70,1e721c8a7488bbfc,benign,False,uncertainty,3b541d78c11a2ddd
MLP,hybrid_open_set,42,3,71,de9443a9cc96b18d,fraggle,False,uncertainty,f43d2e5bb0b91202
MLP,hybrid_open_set,42,3,72,9c5cd9ccaf74c9f3,benign,False,uncertainty,9347acdf3633cbde
MLP,hybrid_open_set,42,3,73,d4fb31309bbba083,icmpbig,False,random,11ef2328aebbae9a
MLP,hybrid_open_set,42,3,74,eccfdd16f100b7da,fraggle,False,random,2a278f16fc5bd84a
MLP,hybrid_open_set,42,3,75,2a0700213100a099,tcp,False,random,ef0542b9fa15660a
MLP,hybrid_open_set,42,4,76,20adb2d1cd0e9611,land,True,expansion,1fb8b2e54d539a4d
MLP,hybrid_open_set,42,4,77,033b6dd39fc3d0ab,teardrop,True,expansion,f3a9ca77aa994aa6
MLP,hybrid_open_set,42,4,78,a14fba59daf3160a,ackflood,False,expansion,62edec7f537fb122
MLP,hybrid_open_set,42,4,79,cd997e037f7a0e15,ackpflood,True,expansion,bd510951eca832d9
MLP,hybrid_open_set,42,4,80,db5cf16757e3f526,ackflood,False,expansion,548f0407c957c7db
MLP,hybrid_open_set,42,4,81,ad74d2f7fc3919d1,land,True,expansion,11ca897764624b71
MLP,hybrid_open_set,42,4,82,2524309ae1b2449e,ackpflood,True,expansion,cb6b9393aaabda7f
MLP,hybrid_open_set,42,4,83,5dbb9d7c6e48066f,tcp,False,novelty,1e164be85ffb711e
MLP,hybrid_open_set,42,4,84,03590cdea2193ebe,benign,False,novelty,3843a812ccd0c342
MLP,hybrid_open_set,42,4,85,8b8094b59af76961,benign,False,novelty,946e46038184e956
MLP,hybrid_open_set,42,4,86,83f7b6551d061614,synflood,False,novelty,7645f6a2751a23f6
MLP,hybrid_open_set,42,4,87,b2f65703aed8b1db,icmpbig,False,novelty,8dee1464df987eed
MLP,hybrid_open_set,42,4,88,b578a8cb0810f79a,winnuke,False,novelty,58a1160e8243529c
MLP,hybrid_open_set,42,4,89,94998211bd79c624,benign,False,novelty,f43d2e5bb0b91202
MLP,hybrid_open_set,42,4,90,f989ea69d20204ce,icmpflood,False,uncertainty,5fb9acd1b949520e
MLP,hybrid_open_set,42,4,91,88038ead0c5e81a8,syn,False,uncertainty,9b58eb4ca28cad6b
MLP,hybrid_open_set,42,4,92,093c06e9f79b1c1f,tcpall,False,uncertainty,25df2cbec14f457e
MLP,hybrid_open_set,42,4,93,e4b1b0b63f82e321,benign,False,uncertainty,e6e7170296a1d0ef
MLP,hybrid_open_set,42,4,94,ed73e467c3a368ba,ackflood,False,uncertainty,a8ac4fd134ef7f68
MLP,hybrid_open_set,42,4,95,ebb77de1e8349a46,icmpflood,False,uncertainty,4ff57072ca177ed5
MLP,hybrid_open_set,42,4,96,94a2f046121e159f,ackflood,False,uncertainty,04d990c106e8df8d
MLP,hybrid_open_set,42,4,97,081b4a59382af3ef,ackflood,False,uncertainty,50bb64489f924bc9
MLP,hybrid_open_set,42,4,98,bcd3bd8e85be59e7,icmpbig,False,random,bf640f01d7d74bf6
MLP,hybrid_open_set,42,4,99,af824c2f9efdf635,tcp,False,random,965b7aeaadad8c08
MLP,hybrid_open_set,42,4,100,6f624973acd94b86,pingofdeath,False,random,b4d1564f94b31a4d
MLP,hybrid_open_set,42,5,101,e4215bfee9c9749f,land,True,expansion,11ca897764624b71
MLP,hybrid_open_set,42,5,102,20d22fa03cdcb7be,ackpflood,True,expansion,66a381e6377a153b
MLP,hybrid_open_set,42,5,103,6756340db058701f,teardrop,True,expansion,f3a9ca77aa994aa6
MLP,hybrid_open_set,42,5,104,7bb96bd8e11f6f46,land,True,expansion,654556dfa59443af
MLP,hybrid_open_set,42,5,105,8b87db443297005c,ackflood,False,expansion,d67c79895ba7cc13
MLP,hybrid_open_set,42,5,106,dbd45e045e853df7,land,True,expansion,1fb8b2e54d539a4d
MLP,hybrid_open_set,42,5,107,dbf363fb2189acb4,ackflood,False,expansion,fcfcf5187227b732
MLP,hybrid_open_set,42,5,108,add1b1a9de8e44fc,benign,False,novelty,12f5dc781ba2b524
MLP,hybrid_open_set,42,5,109,98970c495e3db0ec,synflood,False,novelty,6db1f47a4659ae34
MLP,hybrid_open_set,42,5,110,4fa26ab1928f55a2,smurf,False,novelty,8dee1464df987eed
MLP,hybrid_open_set,42,5,111,64fbc51e99190c18,benign,False,novelty,29e8fc014fedb81a
MLP,hybrid_open_set,42,5,112,b1669e8845c3d50a,benign,False,novelty,ddd3e19da6341a4e
MLP,hybrid_open_set,42,5,113,8f535425d75cc298,benign,False,novelty,0cd520afb09d1e06
MLP,hybrid_open_set,42,5,114,fce450272eaa698c,benign,False,novelty,b65e261d648d4e0a
MLP,hybrid_open_set,42,5,115,34b07a441f10c5cc,tcpall,False,uncertainty,6d190f0ade234a41
MLP,hybrid_open_set,42,5,116,afdabc93e0aeeb0c,benign,False,uncertainty,dc9ddff06116a43e
MLP,hybrid_open_set,42,5,117,e8bdf783f98a5716,benign,False,uncertainty,c59a69b2e40c0e03
MLP,hybrid_open_set,42,5,118,ff877c15006b03d8,benign,False,uncertainty,773bbb12a445d5c1
MLP,hybrid_open_set,42,5,119,d516a6ae86b6e2c8,benign,False,uncertainty,a56169f967bfe521
MLP,hybrid_open_set,42,5,120,cb7ffbe1406bed2e,fraggle,False,uncertainty,a288afd0cf82b7e0
MLP,hybrid_open_set,42,5,121,48a607f6d6f941d3,tcpall,False,uncertainty,146aa073103f8a9d
MLP,hybrid_open_set,42,5,122,49867e521816599d,fraggle,False,uncertainty,e47f93de2de9e5d7
MLP,hybrid_open_set,42,5,123,8fd2d3c0c5f51755,icmpflood,False,random,23d03dc88aed5f2c
MLP,hybrid_open_set,42,5,124,4fd57af5d3e3fc2c,icmpbig,False,random,11ef2328aebbae9a
MLP,hybrid_open_set,42,5,125,c87c924915725858,ackflood,False,random,e2b5ce325fdbe9b3
MLP,hybrid_open_set,42,6,126,717ef1a012547e3f,land,True,expansion,11ca897764624b71
MLP,hybrid_open_set,42,6,127,b6fd2693efff024a,ackpflood,True,expansion,456c6c1c5604adc9
MLP,hybrid_open_set,42,6,128,c2493f1ab88460ea,teardrop,True,expansion,f3a9ca77aa994aa6
MLP,hybrid_open_set,42,6,129,faa17dc6ccefb900,land,True,expansion,1fb8b2e54d539a4d
MLP,hybrid_open_set,42,6,130,2e2da1aae652644c,land,True,expansion,1379c5ba91c02310
MLP,hybrid_open_set,42,6,131,224a364aec182fb3,ackpflood,True,expansion,63de70e0886d565d
MLP,hybrid_open_set,42,6,132,330afac55b61f679,ackpflood,True,expansion,e913946de0fe1ff8
MLP,hybrid_open_set,42,6,133,32071b78249cee65,winnuke,False,novelty,0c283d564bd62b96
MLP,hybrid_open_set,42,6,134,635683bff40d093a,ackflood,False,novelty,a3fbb0c3d3caf19f
MLP,hybrid_open_set,42,6,135,4fd33ac389a17183,benign,False,novelty,a1dda2d06bde0e6b
MLP,hybrid_open_set,42,6,136,319b95dd40baebfb,benign,False,novelty,c7c4358cac1af050
MLP,hybrid_open_set,42,6,137,d03c5bf3fdc75cd9,syn,False,novelty,9b58eb4ca28cad6b
MLP,hybrid_open_set,42,6,138,bd379726d232b408,benign,False,novelty,5c2ac51eebd3cc03
MLP,hybrid_open_set,42,6,139,40be20a2da1845cf,ackflood,False,novelty,9cc2b15f1ce7108f
MLP,hybrid_open_set,42,6,140,c607f3c3400d089a,tcpall,False,uncertainty,6d190f0ade234a41
MLP,hybrid_open_set,42,6,141,8f5a106cc5e28109,benign,False,uncertainty,587a26b32907c413
MLP,hybrid_open_set,42,6,142,bdc9841b26d51dda,teardrop,True,uncertainty,f227b6bf7a6bee83
MLP,hybrid_open_set,42,6,143,3ea13e235b169012,teardrop,True,uncertainty,365bcc23059e108b
MLP,hybrid_open_set,42,6,144,4cc4887bbcca467c,tcpall,False,uncertainty,146aa073103f8a9d
MLP,hybrid_open_set,42,6,145,d0fccf8451d5f0c9,ackflood,False,uncertainty,88b76ef242e974a5
MLP,hybrid_open_set,42,6,146,7e62035d81e23a59,ackflood,False,uncertainty,fb834250d8cd2a09
MLP,hybrid_open_set,42,6,147,715aba50998587b1,ackflood,False,uncertainty,df0fa1bca23a556d
MLP,hybrid_open_set,42,6,148,bc904e0657c8ae9a,winnuke,False,random,0541563abf895aec
MLP,hybrid_open_set,42,6,149,5bdaeb545453bffa,icmpbig,False,random,4ebbe94e526eef7c
MLP,hybrid_open_set,42,6,150,4fee660fc18c0a81,pingofdeath,False,random,3cbabaec493109d5
MLP,hybrid_open_set,42,7,151,fa49140c81dc646a,teardrop,True,expansion,74a345693602c106
MLP,hybrid_open_set,42,7,152,df7e2955f33c0c43,land,True,expansion,11ca897764624b71
MLP,hybrid_open_set,42,7,153,83f57aa5c7b6c429,ackpflood,True,expansion,4828fe515575125d
MLP,hybrid_open_set,42,7,154,95261b78a64e5b40,ackpflood,True,expansion,102d8c4dd3732eee
MLP,hybrid_open_set,42,7,155,f47d2cf9198790d4,ackpflood,True,expansion,456c6c1c5604adc9
MLP,hybrid_open_set,42,7,156,22d8a63258616ce0,ackpflood,True,expansion,bd510951eca832d9
MLP,hybrid_open_set,42,7,157,209405c9b1b1f6eb,ackpflood,True,expansion,4ba9144a7ee6a55a
MLP,hybrid_open_set,42,7,158,a53b1f3501357032,benign,False,novelty,23ffd65e2a97151e
MLP,hybrid_open_set,42,7,159,c53800941557473f,winnuke,False,novelty,06c0dff5032f2e4c
MLP,hybrid_open_set,42,7,160,4aa0b3763b85c8e1,synflood,False,novelty,4ab6d6bb4e016169
MLP,hybrid_open_set,42,7,161,fb54e57481d22cd9,benign,False,novelty,f0c2344c0b7a7cc6
MLP,hybrid_open_set,42,7,162,7f54b67461406b38,benign,False,novelty,81a7db8e2a7992e9
MLP,hybrid_open_set,42,7,163,df258aca899bfb1d,benign,False,novelty,e316b95a6ea31d43
MLP,hybrid_open_set,42,7,164,573c7c6d471e6852,winnuke,False,novelty,0d1813bfda06a14f
MLP,hybrid_open_set,42,7,165,38b7081fff1555fa,benign,False,uncertainty,dbbab94299988428
MLP,hybrid_open_set,42,7,166,d767155f29d15f1f,tcpall,False,uncertainty,25df2cbec14f457e
MLP,hybrid_open_set,42,7,167,f4bb83cdbf72e8e4,smurf,False,uncertainty,17c6cb9c5ea4b2a7
MLP,hybrid_open_set,42,7,168,1c4f305c2efcb168,syn,False,uncertainty,9b58eb4ca28cad6b
MLP,hybrid_open_set,42,7,169,8c947c02efa77d86,winnuke,False,uncertainty,8d2bec8c0a0a17b1
MLP,hybrid_open_set,42,7,170,627f99a24bbbc5b1,routeip,False,uncertainty,753bbc2687bc83bf
MLP,hybrid_open_set,42,7,171,8c64b92a66780c05,synflood,False,uncertainty,c0ef2477c8a249e7
MLP,hybrid_open_set,42,7,172,3f075d2647417f69,benign,False,uncertainty,8debd0824a747e10
MLP,hybrid_open_set,42,7,173,f69082617ef1ce2b,icmpflood,False,random,56ea63614efd9957
MLP,hybrid_open_set,42,7,174,856dce95837da8a4,pingofdeath,False,random,9d1d290f3269360a
MLP,hybrid_open_set,42,7,175,f761f56ebbaaa2e0,icmpbig,False,random,bf640f01d7d74bf6
MLP,hybrid_open_set,42,8,176,647c2a7c409cd482,land,True,expansion,11ca897764624b71
MLP,hybrid_open_set,42,8,177,131b83972840d5a3,ackpflood,True,expansion,102d8c4dd3732eee
MLP,hybrid_open_set,42,8,178,c49d020d21a248cc,teardrop,True,expansion,47f813adaf2ee0cf
MLP,hybrid_open_set,42,8,179,dd2cefdb413490d3,ackpflood,True,expansion,456c6c1c5604adc9
MLP,hybrid_open_set,42,8,180,724e0dcc3147d35c,ackpflood,True,expansion,811ae939f0302bde
MLP,hybrid_open_set,42,8,181,0e34ec0f2a8efeb9,ackpflood,True,expansion,bd510951eca832d9
MLP,hybrid_open_set,42,8,182,9de5701507423f65,ackpflood,True,expansion,fc60f500fd93cd5e
MLP,hybrid_open_set,42,8,183,ed4de74fd08fe563,benign,False,novelty,2afd633f5625408e
MLP,hybrid_open_set,42,8,184,f31034e44e7cf742,synflood,False,novelty,6db1f47a4659ae34
MLP,hybrid_open_set,42,8,185,a9e5a1609c12831d,icmpflood,False,novelty,8ec65911deb2389c
MLP,hybrid_open_set,42,8,186,cd346594988f5808,ackflood,False,novelty,0572fb06e8f48c44
MLP,hybrid_open_set,42,8,187,39b698711cc090eb,benign,False,novelty,c7c4358cac1af050
MLP,hybrid_open_set,42,8,188,fd51a74bec7a0c93,ackflood,False,novelty,0af6cd813a409667
MLP,hybrid_open_set,42,8,189,6c01d798142cd576,synflood,False,novelty,e7000593c3dc2f16
MLP,hybrid_open_set,42,8,190,d636eb57895606e4,benign,False,uncertainty,ca41d1829735f01e
MLP,hybrid_open_set,42,8,191,7724ede2345185b9,tcp,False,uncertainty,eab058deef3ef772
MLP,hybrid_open_set,42,8,192,6701fe25a22ed834,routeip,False,uncertainty,56239d2baf50ff43
MLP,hybrid_open_set,42,8,193,243187f7cfeda5a9,synflood,False,uncertainty,e929e30ecd5f16b7
MLP,hybrid_open_set,42,8,194,afe1345d8219b571,icmpflood,False,uncertainty,d32db3bbd07fe8d5
MLP,hybrid_open_set,42,8,195,b1e673d9ed6a5092,smurf,False,uncertainty,8dee1464df987eed
MLP,hybrid_open_set,42,8,196,12a874f1c3954351,synflood,False,uncertainty,a31b6789677a48f2
MLP,hybrid_open_set,42,8,197,73eb77d022c44f8a,synflood,False,uncertainty,3edac50acc1fbacd
MLP,hybrid_open_set,42,8,198,a8ec6778c9dd2bf5,pingofdeath,False,random,1666f0b870ef8cf7
MLP,hybrid_open_set,42,8,199,4c8c750453418945,icmpbig,False,random,d4666efd0ebb41e7
MLP,hybrid_open_set,42,8,200,672372bcfe8ea5da,tcpfin1,False,random,1a1695b4f63d38b9
MLP,hybrid_open_set,42,9,201,ed892b8417cd7291,ackpflood,True,expansion,bd510951eca832d9
MLP,hybrid_open_set,42,9,202,e4e372986fa3337e,land,True,expansion,1fb8b2e54d539a4d
MLP,hybrid_open_set,42,9,203,016eb2f588fa73d1,teardrop,True,expansion,9ad199805828433e
MLP,hybrid_open_set,42,9,204,c00f49c4deb33be0,ackpflood,True,expansion,102d8c4dd3732eee
MLP,hybrid_open_set,42,9,205,60000e6ecb5d4f8c,ackpflood,True,expansion,811ae939f0302bde
MLP,hybrid_open_set,42,9,206,2d88652a6bd40eb9,ackpflood,True,expansion,63de70e0886d565d
MLP,hybrid_open_set,42,9,207,b70b70f6465aff80,ackpflood,True,expansion,20b6148f5a616add
MLP,hybrid_open_set,42,9,208,2e40e12257f9c67a,benign,False,novelty,ded33c730dc85d84
MLP,hybrid_open_set,42,9,209,d24bb1425507f20a,synflood,False,novelty,1dd3ea8fd11222fc
MLP,hybrid_open_set,42,9,210,a313a7b218ae1f57,benign,False,novelty,a69a8df489a4e5f7
MLP,hybrid_open_set,42,9,211,9a6b45af526ea50a,benign,False,novelty,4710bed9c41238cb
MLP,hybrid_open_set,42,9,212,32f67fb42585f138,benign,False,novelty,4355ef8590b67ead
MLP,hybrid_open_set,42,9,213,cfd92ffbbb0b2c55,synflood,False,novelty,e929e30ecd5f16b7
MLP,hybrid_open_set,42,9,214,6ec1c4ca46e3a804,benign,False,novelty,184d53f261e5f254
MLP,hybrid_open_set,42,9,215,b250c5cf71658bb7,icmpflood,False,uncertainty,fe63ef14dc6ade7f
MLP,hybrid_open_set,42,9,216,9219c984e2257cd3,routeip,False,uncertainty,56239d2baf50ff43
MLP,hybrid_open_set,42,9,217,d06aba416be09a6e,fraggle,False,uncertainty,5bf6c138ad256bfb
MLP,hybrid_open_set,42,9,218,4e068bac2133ba57,syn,False,uncertainty,9b58eb4ca28cad6b
MLP,hybrid_open_set,42,9,219,10701accc7e13e0d,benign,False,uncertainty,fe2b5d449a09445e
MLP,hybrid_open_set,42,9,220,cbe9d97cbe93fc02,benign,False,uncertainty,89eed610d2c939c7
MLP,hybrid_open_set,42,9,221,39b1bb1d35a44a35,benign,False,uncertainty,1d60091fd288a8ae
MLP,hybrid_open_set,42,9,222,8ec10d2870d13345,routeip,False,uncertainty,7480dec5eaacca58
MLP,hybrid_open_set,42,9,223,bdf2f2b931e001e0,pingofdeath,False,random,fb31d54f85f692a4
MLP,hybrid_open_set,42,9,224,6bb68508e6c60dfc,tcp,False,random,ef0542b9fa15660a
MLP,hybrid_open_set,42,9,225,19461de2815fe5f1,synflood,False,random,264886fc421b09cd
MLP,hybrid_open_set,42,10,226,116f3f45dcc0cb8b,land,True,expansion,1fb8b2e54d539a4d
MLP,hybrid_open_set,42,10,227,f39883b82ca485cd,teardrop,True,expansion,c11110b107945ad1
MLP,hybrid_open_set,42,10,228,cb6d31c9fdf60fce,ackpflood,True,expansion,4ba9144a7ee6a55a
MLP,hybrid_open_set,42,10,229,7e493d1ac8010df7,teardrop,True,expansion,9ad199805828433e
MLP,hybrid_open_set,42,10,230,b0eb6b824a126575,ackpflood,True,expansion,456c6c1c5604adc9
MLP,hybrid_open_set,42,10,231,b9f17992a5c4372e,ackpflood,True,expansion,bd510951eca832d9
MLP,hybrid_open_set,42,10,232,bbd4aaf148b58023,ackpflood,True,expansion,4828fe515575125d
MLP,hybrid_open_set,42,10,233,6507d55c02815d43,benign,False,novelty,257ef2b115276f37
MLP,hybrid_open_set,42,10,234,96fb645555b2f80c,benign,False,novelty,4acc2f0f7088915f
MLP,hybrid_open_set,42,10,235,871b60d75929f84f,icmpflood,False,novelty,b0c50a45c0530dda
MLP,hybrid_open_set,42,10,236,bd434d14ac35a9f0,fraggle,False,novelty,862b48b8e0bf2317
MLP,hybrid_open_set,42,10,237,b9e610b753f60865,winnuke,False,novelty,ac8f35c0c80d5338
MLP,hybrid_open_set,42,10,238,b42de4056d878898,teardrop,True,novelty,8dee1464df987eed
MLP,hybrid_open_set,42,10,239,fddb159c556193c0,ackflood,False,novelty,955c88b6397974f8
MLP,hybrid_open_set,42,10,240,098ad6f9a251307c,benign,False,uncertainty,020fd876186249ed
MLP,hybrid_open_set,42,10,241,cddd90c4812497fa,tcpall,False,uncertainty,25df2cbec14f457e
MLP,hybrid_open_set,42,10,242,4df512abc6ee7be7,ackflood,False,uncertainty,c35872ffbc3aa51f
MLP,hybrid_open_set,42,10,243,fc3e85fcc0d9576d,ackflood,False,uncertainty,2a3a540acc0017f1
MLP,hybrid_open_set,42,10,244,0850fa8c8ad92163,ackflood,False,uncertainty,375706e3c87f9a71
MLP,hybrid_open_set,42,10,245,d44a502eb7367262,smurf,False,uncertainty,77b0253fe462c2ed
MLP,hybrid_open_set,42,10,246,abf909df882c7fad,benign,False,uncertainty,2afd633f5625408e
MLP,hybrid_open_set,42,10,247,7cbf08698bddbb19,benign,False,uncertainty,2ab0adf1a41e64da
MLP,hybrid_open_set,42,10,248,cf7dc705da59f68b,icmpbig,False,random,11ef2328aebbae9a
MLP,hybrid_open_set,42,10,249,a93973eee9826d6d,pingofdeath,False,random,8cd492999d73d42c
MLP,hybrid_open_set,42,10,250,916e87105c0b1636,tcpfin1,False,random,3da3facffa0f3564
MLP,hybrid_open_set,42,11,251,ff6c41d4f3f9943e,land,True,expansion,1fb8b2e54d539a4d
MLP,hybrid_open_set,42,11,252,25bf6129f9e3ccec,ackpflood,True,expansion,102d8c4dd3732eee
MLP,hybrid_open_set,42,11,253,e97acc5f090410fe,teardrop,True,expansion,c11110b107945ad1
MLP,hybrid_open_set,42,11,254,6c2851b6868cd0cb,ackpflood,True,expansion,fc60f500fd93cd5e
MLP,hybrid_open_set,42,11,255,e627166a46f95741,ackpflood,True,expansion,456c6c1c5604adc9
MLP,hybrid_open_set,42,11,256,a4e087241203fbe6,ackpflood,True,expansion,811ae939f0302bde
MLP,hybrid_open_set,42,11,257,0d0473e0c400fc6d,ackpflood,True,expansion,bd510951eca832d9
MLP,hybrid_open_set,42,11,258,8609841e0c00298e,tcp,False,novelty,b7fb993d5309177f
MLP,hybrid_open_set,42,11,259,f8972659a84fbfb9,synflood,False,novelty,d84430673b0d2d2b
MLP,hybrid_open_set,42,11,260,ad6e945554b7faed,benign,False,novelty,a16ca96fd67cfe94
MLP,hybrid_open_set,42,11,261,3ad19fe1f23bde9b,benign,False,novelty,3bb8b5476249adf5
MLP,hybrid_open_set,42,11,262,eb508e8c02b2b32c,pingofdeath,False,novelty,46b10382090b5284
MLP,hybrid_open_set,42,11,263,03f61e322db7dc6f,benign,False,novelty,a0d6456301dba38d
MLP,hybrid_open_set,42,11,264,58a4c6528e45e044,ackflood,False,novelty,104a8bdcca25ed09
MLP,hybrid_open_set,42,11,265,59e7db96b7f4bd04,benign,False,uncertainty,b44597ef51e1bb2e
MLP,hybrid_open_set,42,11,266,6caec555c8e17050,benign,False,uncertainty,a93305badcf82230
MLP,hybrid_open_set,42,11,267,2411d88723e97a63,benign,False,uncertainty,9ee4058e44c8d1c7
MLP,hybrid_open_set,42,11,268,ed7317e55c75db0e,pingofdeath,False,uncertainty,27f8d5f3c02d28e1
MLP,hybrid_open_set,42,11,269,102e63127732379d,pingofdeath,False,uncertainty,ad08b780717c5442
MLP,hybrid_open_set,42,11,270,b14d7c9d361c6a10,pingofdeath,False,uncertainty,f73f5a35cca6bb7c
MLP,hybrid_open_set,42,11,271,8491e3273aa2c84e,pingofdeath,False,uncertainty,c4ca89dbb9f2833b
MLP,hybrid_open_set,42,11,272,d5a8204a53ecec24,pingofdeath,False,uncertainty,e2f6b6cef9d3a38c
MLP,hybrid_open_set,42,11,273,baf2a23f174b0b26,icmpbig,False,random,11ef2328aebbae9a
MLP,hybrid_open_set,42,11,274,2f2ceadc1326b26d,tcp,False,random,e6758366f807eff9
MLP,hybrid_open_set,42,11,275,a886c571b628af0a,icmpflood,False,random,535f9f0e743cb1cd
MLP,hybrid_open_set,42,12,276,c66dd8159683fddf,teardrop,True,expansion,c11110b107945ad1
MLP,hybrid_open_set,42,12,277,0da341b29263396c,land,True,expansion,1fb8b2e54d539a4d
MLP,hybrid_open_set,42,12,278,068d77cb8017b660,ackpflood,True,expansion,102d8c4dd3732eee
MLP,hybrid_open_set,42,12,279,670605d6dd6c12bd,ackpflood,True,expansion,fc60f500fd93cd5e
MLP,hybrid_open_set,42,12,280,6000f5e582ffca5a,teardrop,True,expansion,a5f48e7ead46309b
MLP,hybrid_open_set,42,12,281,ee247fd80c2acbe0,ackpflood,True,expansion,811ae939f0302bde
MLP,hybrid_open_set,42,12,282,dbb7380425f51122,ackpflood,True,expansion,456c6c1c5604adc9
MLP,hybrid_open_set,42,12,283,bb12ff3b35930322,benign,False,novelty,4c5395c15431505f
MLP,hybrid_open_set,42,12,284,c1cd31a9c50c56b5,ackflood,False,novelty,79812a24ffdfb440
MLP,hybrid_open_set,42,12,285,02e3720d9d4ee7ef,benign,False,novelty,74dadab1aff7e5b8
MLP,hybrid_open_set,42,12,286,05264c514337e60e,benign,False,novelty,dadd3f697783d936
MLP,hybrid_open_set,42,12,287,797c15587cfb7482,benign,False,novelty,9f111464920adf86
MLP,hybrid_open_set,42,12,288,7d8b7de3f8923b54,benign,False,novelty,f4c25086646ec0aa
MLP,hybrid_open_set,42,12,289,6879033c7ecd7958,benign,False,novelty,d348cd54aeab6397
MLP,hybrid_open_set,42,12,290,9d45edf62904fe7c,routeip,False,uncertainty,7480dec5eaacca58
MLP,hybrid_open_set,42,12,291,1206872a2e66ab4d,benign,False,uncertainty,9ee4058e44c8d1c7
MLP,hybrid_open_set,42,12,292,e7fcc43571fd0c6b,syn,False,uncertainty,9b58eb4ca28cad6b
MLP,hybrid_open_set,42,12,293,6b97b95f72e49a47,fraggle,False,uncertainty,adac96d89cc6f509
MLP,hybrid_open_set,42,12,294,0ff71c4cece35b66,smurf,False,uncertainty,8dee1464df987eed
MLP,hybrid_open_set,42,12,295,78748743c96086ba,benign,False,uncertainty,a93305badcf82230
MLP,hybrid_open_set,42,12,296,ebce8e056ba1abd0,benign,False,uncertainty,728c532c6f8aebff
MLP,hybrid_open_set,42,12,297,4efbb387b9db9c54,benign,False,uncertainty,c59a69b2e40c0e03
MLP,hybrid_open_set,42,12,298,458f4d9eb0439a69,pingofdeath,False,random,5eec17641165ed88
MLP,hybrid_open_set,42,12,299,97b1de7f550bf179,tcp,False,random,1084ff896fa95aab
MLP,hybrid_open_set,42,12,300,bbe40d326c26be24,winnuke,False,random,0541563abf895aec
MLP,random,2026,1,1,4ba654e07d935415,ackflood,False,random,b12cfee871decb47
MLP,random,2026,1,2,6918ff22222e7b24,pingofdeath,False,random,343144ee3c111a03
MLP,random,2026,1,3,d3c39ba475356e39,benign,False,random,3f0ed79ae61b8206
MLP,random,2026,1,4,d9043ec0ec239cd6,tcpall,False,random,25df2cbec14f457e
MLP,random,2026,1,5,d5b444d3df18ce80,benign,False,random,39ab12a9f8d5bbcd
MLP,random,2026,1,6,13c0c5ad3e9cf9cd,routeip,False,random,7480dec5eaacca58
MLP,random,2026,1,7,e7fa6bd2bc1fff64,smurf,False,random,5074e463ae1ff129
MLP,random,2026,1,8,ff06127c0790f0a0,ackpflood,True,random,811ae939f0302bde
MLP,random,2026,1,9,79f2b0764699dba7,pingofdeath,False,random,7276acf83a6c7451
MLP,random,2026,1,10,064827b9de500b2f,icmpflood,False,random,a1dda2d06bde0e6b
MLP,random,2026,1,11,4259cf7e3901f7d8,icmpbig,False,random,11ef2328aebbae9a
MLP,random,2026,1,12,536df274ad1fec9f,land,True,random,1fb8b2e54d539a4d
MLP,random,2026,1,13,e0f573a44dfbfe44,winnuke,False,random,2ec62d48d971cfd2
MLP,random,2026,1,14,fe4fbaf948917d3d,land,True,random,1fb8b2e54d539a4d
MLP,random,2026,1,15,8de3b715c20fcb6a,land,True,random,1fb8b2e54d539a4d
MLP,random,2026,1,16,b42f6dfac5a6a94b,ackpflood,True,random,fc60f500fd93cd5e
MLP,random,2026,1,17,99fbe0d501686077,tcp,False,random,956f1a59c8d3d9b5
MLP,random,2026,1,18,dc8c4f1295f5ff04,tcpall,False,random,6d190f0ade234a41
MLP,random,2026,1,19,99d9ba48acb53947,benign,False,random,99fce00383bcc248
MLP,random,2026,1,20,30b0d4367d1dbdcd,pingofdeath,False,random,afdd19870857602d
MLP,random,2026,1,21,c92993c45b08628c,tcp,False,random,50ddf0aae9d8a792
MLP,random,2026,1,22,762e39bd76d5cea3,fraggle,False,random,5034e5ea57497093
MLP,random,2026,1,23,9cc4043acf15026d,winnuke,False,random,0541563abf895aec
MLP,random,2026,1,24,e43421dd26f769ae,tcp,False,random,761777b58d5a76ad
MLP,random,2026,1,25,909df206ee87d9c9,tcp,False,random,8a0c3de433c4f985
MLP,random,2026,2,26,0f20d8e46e4dd60f,ackflood,False,random,e6e7170296a1d0ef
MLP,random,2026,2,27,f2c7c63456b07ac3,icmpflood,False,random,081b2c49eb201711
MLP,random,2026,2,28,0a21d3900e3e04aa,tcpfin1,False,random,3da3facffa0f3564
MLP,random,2026,2,29,a665614c4d472412,synflood,False,random,660b9e4f5dead3a3
MLP,random,2026,2,30,545b7bd79aa0d60e,tcpfin1,False,random,1a1695b4f63d38b9
MLP,random,2026,2,31,6a69484cec190840,pingofdeath,False,random,d9b8e076e21967d3
MLP,random,2026,2,32,1410ed197e449552,winnuke,False,random,7b341655dd31274e
MLP,random,2026,2,33,8a965984491d4e6a,icmpflood,False,random,154119a1d6ccad37
MLP,random,2026,2,34,988f12ca582770c3,syn,False,random,9b58eb4ca28cad6b
MLP,random,2026,2,35,d3aa06d5302e1fde,pingofdeath,False,random,8423ced6a82aea83
MLP,random,2026,2,36,07c4abce3149cf8d,smurf,False,random,4614ba434a2c3470
MLP,random,2026,2,37,e78bfdb76c15104b,pingofdeath,False,random,bc84623eec13b1ec
MLP,random,2026,2,38,533c3cdf834de973,tcp,False,random,4da4e2ec5e248502
MLP,random,2026,2,39,8aefac167a2c55dd,routeip,False,random,7480dec5eaacca58
MLP,random,2026,2,40,75d2107d55f12778,tcp,False,random,2fe8b757aa694f1f
MLP,random,2026,2,41,a4527662e31e1a51,tcp,False,random,eab058deef3ef772
MLP,random,2026,2,42,c391de5f1d3405c6,synflood,False,random,f84523dd8a51b746
MLP,random,2026,2,43,c8747024e1f6e6b2,syn,False,random,91a24eb6dfa53e45
MLP,random,2026,2,44,ef23446d59b6e94d,icmpflood,False,random,56e63e1280f995ec
MLP,random,2026,2,45,68e8ee3ef063530e,tcpall,False,random,25df2cbec14f457e
MLP,random,2026,2,46,9ffeffebc98c1565,synflood,False,random,90f44592fe8d3fd4
MLP,random,2026,2,47,f39d760609e94c62,icmpbig,False,random,11ef2328aebbae9a
MLP,random,2026,2,48,9c1cb44e596f6b52,benign,False,random,7942c022b9a685a0
MLP,random,2026,2,49,b6074533b44b9fe9,syn,False,random,9b58eb4ca28cad6b
MLP,random,2026,2,50,2a131cc81f729661,tcp,False,random,8a0c3de433c4f985
MLP,random,2026,3,51,4c348cb8c708bb72,syn,False,random,9b58eb4ca28cad6b
MLP,random,2026,3,52,6077c635df50a095,land,True,random,11ca897764624b71
MLP,random,2026,3,53,15ad463500f86b10,fraggle,False,random,01e2c01fba8621af
MLP,random,2026,3,54,fccfa638b8ef3b89,icmpflood,False,random,3da8be597bbf14e3
MLP,random,2026,3,55,faaf6713720df1a2,pingofdeath,False,random,788523788fb4db2b
MLP,random,2026,3,56,6c4aae18eb648ad2,synflood,False,random,5428ff63d319154b
MLP,random,2026,3,57,89265be91158db67,routeip,False,random,753bbc2687bc83bf
MLP,random,2026,3,58,bd8d2bd313adbf8d,routeip,False,random,753bbc2687bc83bf
MLP,random,2026,3,59,aca94c5e63d65471,routeip,False,random,753bbc2687bc83bf
MLP,random,2026,3,60,d40568a724d49bc3,synflood,False,random,d12b6d97bdd50642
MLP,random,2026,3,61,0a5ed433edccc8fd,smurf,False,random,5074e463ae1ff129
MLP,random,2026,3,62,e91a957c2ff04bb7,winnuke,False,random,0541563abf895aec
MLP,random,2026,3,63,b008969c13fab299,tcpfin1,False,random,1a1695b4f63d38b9
MLP,random,2026,3,64,c8011017218eba54,routeip,False,random,beafef6ea184545f
MLP,random,2026,3,65,a5046463724cdc46,syn,False,random,91a24eb6dfa53e45
MLP,random,2026,3,66,c5b921e26f716b9a,benign,False,random,de4463aa2b913f9a
MLP,random,2026,3,67,3ca96ae2b7af1dd9,tcpfin1,False,random,3da3facffa0f3564
MLP,random,2026,3,68,62487ec643c7c641,syn,False,random,9b58eb4ca28cad6b
MLP,random,2026,3,69,2cc8c0f5b3089586,syn,False,random,9b58eb4ca28cad6b
MLP,random,2026,3,70,d0787a95aa3a5810,ackpflood,True,random,bd510951eca832d9
MLP,random,2026,3,71,3a19478bfcb9874f,benign,False,random,2f644026258e8e7c
MLP,random,2026,3,72,c8437e846b2ab046,tcp,False,random,b591e7d985b4e445
MLP,random,2026,3,73,b42080530e21c9a9,pingofdeath,False,random,1796f4a0050ca2c8
MLP,random,2026,3,74,9d6eb3d99e38cca3,benign,False,random,430f65a62d5e6af7
MLP,random,2026,3,75,615d56d6ac702cc0,benign,False,random,26176bae0b7dd73f
MLP,random,2026,4,76,7e31f724c1e1027b,fraggle,False,random,add455247e14b58f
MLP,random,2026,4,77,d45b3a2cdf217d0d,fraggle,False,random,31339063f76812c2
MLP,random,2026,4,78,086680076255bffc,smurf,False,random,4614ba434a2c3470
MLP,random,2026,4,79,33c266f9d5682fd3,winnuke,False,random,0541563abf895aec
MLP,random,2026,4,80,7a3dd789478eeeec,benign,False,random,17077c6a58cdc347
MLP,random,2026,4,81,9b18b3dd3977e411,land,True,random,1fb8b2e54d539a4d
MLP,random,2026,4,82,324a1272623d02d2,pingofdeath,False,random,d34e7758465d2c52
MLP,random,2026,4,83,f60be362cadc8fbc,smurf,False,random,a58d64c443f35019
MLP,random,2026,4,84,bf8112fc03491725,ackflood,False,random,375706e3c87f9a71
MLP,random,2026,4,85,c3362a8ab54ae6af,pingofdeath,False,random,cb6317d4d12a8d45
MLP,random,2026,4,86,f5b0b1eed0615118,pingofdeath,False,random,154279d552ef3269
MLP,random,2026,4,87,4bc5c20bc255d476,syn,False,random,ea44c76917c7f15c
MLP,random,2026,4,88,438f836bc6f6bf9f,synflood,False,random,9a51a03c51ef26d4
MLP,random,2026,4,89,4f9c08d98902d050,pingofdeath,False,random,89389e22dc9b0a69
MLP,random,2026,4,90,575ac1c3b0f7fa27,benign,False,random,77c2df9f679fe4d2
MLP,random,2026,4,91,c04df916b126e543,ackflood,False,random,fa4a154eb2763fc6
MLP,random,2026,4,92,d8ebc5797cf49888,ackflood,False,random,c473f0d654afad63
MLP,random,2026,4,93,ad14df2edb994fe8,icmpbig,False,random,11ef2328aebbae9a
MLP,random,2026,4,94,dd6321ec6b28b21c,icmpflood,False,random,115e4272d4eeb02e
MLP,random,2026,4,95,333bb89d995403d0,icmpflood,False,random,d7934432c908d759
MLP,random,2026,4,96,885364556fa0b6da,benign,False,random,636bf55d651c01a4
MLP,random,2026,4,97,6e4c31c73ab1fd96,synflood,False,random,785a33bde84e4284
MLP,random,2026,4,98,8bc0702f2ce30276,fraggle,False,random,510e1aad16305966
MLP,random,2026,4,99,66313588ce924aa0,teardrop,True,random,c467981fa0a38bdc
MLP,random,2026,4,100,c191f0a92e8e9f2f,icmpbig,False,random,11ef2328aebbae9a
MLP,random,2026,5,101,864281e4318d7f5d,benign,False,random,e5d066e9524ea39e
MLP,random,2026,5,102,9506fae1eddc1d77,icmpflood,False,random,fb046498b8506f29
MLP,random,2026,5,103,567632bcb3240474,synflood,False,random,9a51a03c51ef26d4
MLP,random,2026,5,104,4b13e2bad2e659ad,icmpbig,False,random,734d7e997233e84a
MLP,random,2026,5,105,94605b2fad53a4db,icmpbig,False,random,11ef2328aebbae9a
MLP,random,2026,5,106,4afd236274c594a9,pingofdeath,False,random,27f8d5f3c02d28e1
MLP,random,2026,5,107,775179685948ac1d,winnuke,False,random,0541563abf895aec
MLP,random,2026,5,108,6acb96df8f3c6265,tcp,False,random,1084ff896fa95aab
MLP,random,2026,5,109,4fa26ab1928f55a2,smurf,False,random,8dee1464df987eed
MLP,random,2026,5,110,0c10034e015e3df0,tcpall,False,random,6d190f0ade234a41
MLP,random,2026,5,111,bb57df2c249a2098,benign,False,random,99fce00383bcc248
MLP,random,2026,5,112,829e89543dd4f52d,ackflood,False,random,8b835a819dbfdc02
MLP,random,2026,5,113,93ae138caa69255c,synflood,False,random,d12b6d97bdd50642
MLP,random,2026,5,114,4ee8bd44a86fda03,smurf,False,random,7e8e1e1098e43414
MLP,random,2026,5,115,98a600841ca597ac,benign,False,random,0f5cffa4cb54f1b2
MLP,random,2026,5,116,0ce236750220ec89,icmpbig,False,random,bf640f01d7d74bf6
MLP,random,2026,5,117,d2417e58b61d29ad,fraggle,False,random,add455247e14b58f
MLP,random,2026,5,118,4bd353d117423d46,routeip,False,random,753bbc2687bc83bf
MLP,random,2026,5,119,531ce0172834e203,icmpbig,False,random,bf640f01d7d74bf6
MLP,random,2026,5,120,86043cbcdf003421,ackpflood,True,random,fc60f500fd93cd5e
MLP,random,2026,5,121,c502cd1e9d1b0b77,ackpflood,True,random,811ae939f0302bde
MLP,random,2026,5,122,76af83aee5012279,ackflood,False,random,7dd27e6e9c6d2494
MLP,random,2026,5,123,288f3789f205cb84,fraggle,False,random,a56dce53f990c0ee
MLP,random,2026,5,124,a6937ec70eec38c3,icmpflood,False,random,4c9e0370c07a8339
MLP,random,2026,5,125,daabd700e05720c2,winnuke,False,random,7621903da1effb0b
MLP,random,2026,6,126,8a92eaa6a1cf5832,smurf,False,random,0c6529c04298f723
MLP,random,2026,6,127,b5744192d4847436,ackflood,False,random,91a751c58fb86c3b
MLP,random,2026,6,128,795667202d2e09d4,icmpflood,False,random,dd285a488a46e632
MLP,random,2026,6,129,771133e98d5de360,benign,False,random,a4aecad4576d1a88
MLP,random,2026,6,130,c7dbedaf41b278ca,smurf,False,random,0c6529c04298f723
MLP,random,2026,6,131,ea8679b71abdbb27,smurf,False,random,c62aadecbca11c46
MLP,random,2026,6,132,6ca8366cb37fe9ae,winnuke,False,random,0541563abf895aec
MLP,random,2026,6,133,ff13e4b69499343c,smurf,False,random,cdce6a64919c9766
MLP,random,2026,6,134,ca36442ac712fd5c,fraggle,False,random,31339063f76812c2
MLP,random,2026,6,135,98eae1937605ce9b,routeip,False,random,7480dec5eaacca58
MLP,random,2026,6,136,23960a49534eb2e6,fraggle,False,random,c7d48fa0283c13e4
MLP,random,2026,6,137,bc124652a910461a,smurf,False,random,62a16898a028ee78
MLP,random,2026,6,138,52e12280d3cb5907,tcp,False,random,2f9c208e7c08dd91
MLP,random,2026,6,139,8ddc2c764fe1c08d,synflood,False,random,2b98e0f313025673
MLP,random,2026,6,140,828d54a1dd31f631,synflood,False,random,d12b6d97bdd50642
MLP,random,2026,6,141,49ea94f4d68ef751,teardrop,True,random,7ad4650073f193c0
MLP,random,2026,6,142,ddde63d26990bd66,synflood,False,random,74fc6c27c273eee5
MLP,random,2026,6,143,a4df349d52e3615a,smurf,False,random,418f8a85f4e11cab
MLP,random,2026,6,144,89405f4609315135,routeip,False,random,753bbc2687bc83bf
MLP,random,2026,6,145,4b0e5c630276a7ef,benign,False,random,852bcfbc126a2b1b
MLP,random,2026,6,146,696d596edd855422,icmpflood,False,random,64a57b133d225cd7
MLP,random,2026,6,147,63cc030b5a9b3ca2,ackflood,False,random,c6075298bb4e6af1
MLP,random,2026,6,148,dbe8f369fb11429d,teardrop,True,random,74a345693602c106
MLP,random,2026,6,149,22323d936bbe74bc,syn,False,random,91a24eb6dfa53e45
MLP,random,2026,6,150,ed394ab229f8afe8,icmpbig,False,random,bf640f01d7d74bf6
MLP,random,2026,7,151,a78e8f36cbe25c89,smurf,False,random,1f3fbf566d1ee264
MLP,random,2026,7,152,b89a47199ab3e3c8,tcpfin1,False,random,1a1695b4f63d38b9
MLP,random,2026,7,153,7163ca1f03628967,pingofdeath,False,random,9ca170024eca4995
MLP,random,2026,7,154,08302e2d24137f70,icmpbig,False,random,4ae2d078b50034c6
MLP,random,2026,7,155,dbb7380425f51122,ackpflood,True,random,456c6c1c5604adc9
MLP,random,2026,7,156,4fcc2fee2f582e08,teardrop,True,random,c11110b107945ad1
MLP,random,2026,7,157,e0f67731e8e4d168,winnuke,False,random,06b8b0a3004008de
MLP,random,2026,7,158,127f42c722442847,fraggle,False,random,67eeffedc671d1d2
MLP,random,2026,7,159,91fc18fc54cbb0c7,benign,False,random,72335435f22607d4
MLP,random,2026,7,160,3acecf9c59ca7188,synflood,False,random,74fc6c27c273eee5
MLP,random,2026,7,161,f39f2fa6de28420a,fraggle,False,random,31339063f76812c2
MLP,random,2026,7,162,9d005180bc84366e,ackflood,False,random,1743e39b6f5565bf
MLP,random,2026,7,163,e7461c859eee9f06,smurf,False,random,f4df15c8bbacd8da
MLP,random,2026,7,164,4f5e5c2737573c8b,icmpbig,False,random,11ef2328aebbae9a
MLP,random,2026,7,165,1101c8a6fbbe82c5,pingofdeath,False,random,9b929f5f8f73b374
MLP,random,2026,7,166,7305d8473283795d,routeip,False,random,7480dec5eaacca58
MLP,random,2026,7,167,b7b21fdf6057fce8,icmpbig,False,random,11ef2328aebbae9a
MLP,random,2026,7,168,8f89692ac03d73aa,smurf,False,random,1b4ab805f3b36f8f
MLP,random,2026,7,169,523f425c22d02006,winnuke,False,random,0541563abf895aec
MLP,random,2026,7,170,9dc38c790b6e139c,fraggle,False,random,5034e5ea57497093
MLP,random,2026,7,171,e790e1b393097df6,icmpflood,False,random,075e1bef7fb56df8
MLP,random,2026,7,172,781615bd6ede6d3a,ackflood,False,random,348627914fb64a98
MLP,random,2026,7,173,c83977c1c29a4e75,routeip,False,random,7480dec5eaacca58
MLP,random,2026,7,174,825095c542d8a5f9,synflood,False,random,d12b6d97bdd50642
MLP,random,2026,7,175,ecd007d6f09ebb63,icmpflood,False,random,24b3540d86e5a98c
MLP,random,2026,8,176,84f9602f0f485e64,smurf,False,random,4614ba434a2c3470
MLP,random,2026,8,177,6dd8026c0dc29794,routeip,False,random,753bbc2687bc83bf
MLP,random,2026,8,178,683c77051dfb51bf,icmpflood,False,random,154119a1d6ccad37
MLP,random,2026,8,179,0549f3c84d1e1c9b,icmpbig,False,random,11ef2328aebbae9a
MLP,random,2026,8,180,ce686de001828eff,benign,False,random,783afc98f9cd9e14
MLP,random,2026,8,181,e4f4640c0705cbd1,pingofdeath,False,random,b6440813386f029a
MLP,random,2026,8,182,995756b0db365f4e,tcpfin1,False,random,3da3facffa0f3564
MLP,random,2026,8,183,401f18beb8826680,tcpall,False,random,5589e729e8344363
MLP,random,2026,8,184,0776171968fb4f02,syn,False,random,9b58eb4ca28cad6b
MLP,random,2026,8,185,4c12f950c5d98e32,benign,False,random,66899159fe28cd65
MLP,random,2026,8,186,098ea933161309ad,pingofdeath,False,random,645b2d195afc9930
MLP,random,2026,8,187,73823255b8854353,winnuke,False,random,b56a4da5cef62eb0
MLP,random,2026,8,188,702a44ced4973291,teardrop,True,random,c11110b107945ad1
MLP,random,2026,8,189,6f24e5e1d3317cbd,routeip,False,random,7480dec5eaacca58
MLP,random,2026,8,190,80efdd784a6513d0,synflood,False,random,f4efa23870b784d1
MLP,random,2026,8,191,b59e35a26933117c,pingofdeath,False,random,9b5112c7b1117a54
MLP,random,2026,8,192,7837c9ac3e06825a,synflood,False,random,f253e22cb89c4a3d
MLP,random,2026,8,193,4a567ae526765b97,land,True,random,1fb8b2e54d539a4d
MLP,random,2026,8,194,19cc861e3a309a7c,icmpbig,False,random,bf640f01d7d74bf6
MLP,random,2026,8,195,cba1f1a7eb2ed049,icmpbig,False,random,4ae2d078b50034c6
MLP,random,2026,8,196,d1b2092727beadb9,pingofdeath,False,random,a8309b1e3f5a1754
MLP,random,2026,8,197,9e55a1da82539150,icmpflood,False,random,896472c1dc5726bc
MLP,random,2026,8,198,fad7f6e67b9f7cfa,teardrop,True,random,9ad199805828433e
MLP,random,2026,8,199,728314e0548c4b98,tcp,False,random,609b2f411f37b70a
MLP,random,2026,8,200,14eace278466cf1c,winnuke,False,random,0541563abf895aec
MLP,random,2026,9,201,26d2cf47fd1b7b82,synflood,False,random,051df076c34fd593
MLP,random,2026,9,202,e56539716aedda6b,synflood,False,random,927899bebd1c41c5
MLP,random,2026,9,203,a1fe17f4c3696b55,benign,False,random,379055fd737e3715
MLP,random,2026,9,204,3bf8003cb88ac572,tcpfin1,False,random,3da3facffa0f3564
MLP,random,2026,9,205,be4a7419ce878abf,routeip,False,random,753bbc2687bc83bf
MLP,random,2026,9,206,db2ca20bb69775fd,fraggle,False,random,a56dce53f990c0ee
MLP,random,2026,9,207,a3e19ac9fc4a9d92,benign,False,random,dce4ea2982f3dc12
MLP,random,2026,9,208,2d4b199012757eb2,ackflood,False,random,db4ebbb3b7b5b74a
MLP,random,2026,9,209,85765074390b31ec,winnuke,False,random,9a640dd5ee54354c
MLP,random,2026,9,210,5948087bb7260bb6,icmpbig,False,random,11ef2328aebbae9a
MLP,random,2026,9,211,71af64f80352c250,ackflood,False,random,9f46bb47034242e0
MLP,random,2026,9,212,8797059417748e23,smurf,False,random,4614ba434a2c3470
MLP,random,2026,9,213,efcace67b1f68f86,icmpbig,False,random,bf640f01d7d74bf6
MLP,random,2026,9,214,8f6fa67c7f263485,benign,False,random,430f65a62d5e6af7
MLP,random,2026,9,215,3f61cc3a9fa087fc,icmpflood,False,random,0154d078c9a97f53
MLP,random,2026,9,216,f5962b735140261a,land,True,random,1fb8b2e54d539a4d
MLP,random,2026,9,217,311ec02a9643719f,synflood,False,random,9bbf9290c3fe1118
MLP,random,2026,9,218,423a428d4c1e942e,winnuke,False,random,afa132293ef2e0ba
MLP,random,2026,9,219,a873e9a313257f88,fraggle,False,random,03698469be58ab8b
MLP,random,2026,9,220,c141667c01632ace,tcpfin1,False,random,3da3facffa0f3564
MLP,random,2026,9,221,dc9f7c77500442b0,smurf,False,random,f4df15c8bbacd8da
MLP,random,2026,9,222,41a0b828e82d61ba,synflood,False,random,d7e6c710e793d7be
MLP,random,2026,9,223,56872e93d9d61ce7,ackflood,False,random,e4e862eb72b64446
MLP,random,2026,9,224,65bebfc8c80f6340,teardrop,True,random,74a345693602c106
MLP,random,2026,9,225,d71530cabb0e4388,winnuke,False,random,8ef1d955f5e8ca94
MLP,random,2026,10,226,1b5499dabbe4295d,syn,False,random,9b58eb4ca28cad6b
MLP,random,2026,10,227,cd997e037f7a0e15,ackpflood,True,random,bd510951eca832d9
MLP,random,2026,10,228,f87fa797564b4f02,syn,False,random,91a24eb6dfa53e45
MLP,random,2026,10,229,50b38e04a4b010f6,land,True,random,1fb8b2e54d539a4d
MLP,random,2026,10,230,e535a772dc1c0a16,winnuke,False,random,d625cbcbf6ce4e9b
MLP,random,2026,10,231,cc45dd654a49c168,benign,False,random,3aa6c1455743dfbf
MLP,random,2026,10,232,559f7d5305c28b05,pingofdeath,False,random,27f8d5f3c02d28e1
MLP,random,2026,10,233,3c9378a4d49c404c,land,True,random,1fb8b2e54d539a4d
MLP,random,2026,10,234,f6bfa0c29d24933a,tcpfin1,False,random,1a1695b4f63d38b9
MLP,random,2026,10,235,dd92a8318eea1ccd,tcpall,False,random,25df2cbec14f457e
MLP,random,2026,10,236,43e753e5168d12ee,synflood,False,random,76684c02635f367e
MLP,random,2026,10,237,22b476f7a84cee6a,fraggle,False,random,a0ebf3c9d8ba74fa
MLP,random,2026,10,238,366e3e3c86ae24a1,tcp,False,random,11386c872c55a9f9
MLP,random,2026,10,239,c75eb57ca693560c,icmpbig,False,random,734d7e997233e84a
MLP,random,2026,10,240,cfd92ffbbb0b2c55,synflood,False,random,e929e30ecd5f16b7
MLP,random,2026,10,241,eac4d859c51c051e,pingofdeath,False,random,ad08b780717c5442
MLP,random,2026,10,242,4c94f8de51beb781,smurf,False,random,634e6cb8526ea457
MLP,random,2026,10,243,fb1af366567e93ca,land,True,random,1fb8b2e54d539a4d
MLP,random,2026,10,244,b020a7cffde72548,winnuke,False,random,0541563abf895aec
MLP,random,2026,10,245,8781c0f8d7a115da,ackflood,False,random,53a5e07346f4ec38
MLP,random,2026,10,246,c88fe534e5af231c,teardrop,True,random,9ad199805828433e
MLP,random,2026,10,247,b0b79b419bb8938c,synflood,False,random,8a3ed2acaafa363b
MLP,random,2026,10,248,87a527a51a48cb7f,benign,False,random,accc4c31543128d1
MLP,random,2026,10,249,f1245fb93e21a283,pingofdeath,False,random,c2e1590d8e802a1c
MLP,random,2026,10,250,a346af4953d1534c,icmpbig,False,random,bf640f01d7d74bf6
MLP,random,2026,11,251,debd663947613056,tcp,False,random,761777b58d5a76ad
MLP,random,2026,11,252,12f8452add157573,routeip,False,random,753bbc2687bc83bf
MLP,random,2026,11,253,7baa9e73a10e8e94,land,True,random,1fb8b2e54d539a4d
MLP,random,2026,11,254,0f258407c2c9a590,winnuke,False,random,826fdca88b1b77d9
MLP,random,2026,11,255,dfd7973943b0f86f,winnuke,False,random,410bcc024f654308
MLP,random,2026,11,256,24643df7c69cafbe,tcpall,False,random,6d190f0ade234a41
MLP,random,2026,11,257,c74bec749de7a5a1,winnuke,False,random,0541563abf895aec
MLP,random,2026,11,258,426194d329cac5e9,tcp,False,random,8a0c3de433c4f985
MLP,random,2026,11,259,496322f3335719e8,fraggle,False,random,67eeffedc671d1d2
MLP,random,2026,11,260,f03c5790b683d0c1,syn,False,random,91a24eb6dfa53e45
MLP,random,2026,11,261,fa1df7d88f0e5db5,synflood,False,random,264886fc421b09cd
MLP,random,2026,11,262,307b5f266ebe5f61,pingofdeath,False,random,8e43e89eb2841412
MLP,random,2026,11,263,20ff48eaa6fae4b1,fraggle,False,random,31339063f76812c2
MLP,random,2026,11,264,84d3cc00842a21b4,icmpbig,False,random,11ef2328aebbae9a
MLP,random,2026,11,265,aa90fa8f4daf608b,icmpflood,False,random,a05ffc276de691a9
MLP,random,2026,11,266,6457a2b66c08668c,pingofdeath,False,random,842d0fc63a0027f4
MLP,random,2026,11,267,745430074f559324,syn,False,random,1f970c937f152aa7
MLP,random,2026,11,268,be7e6dee4af57abc,icmpflood,False,random,46c4f94197429bd3
MLP,random,2026,11,269,11aabf84ec3de499,pingofdeath,False,random,6135141206096981
MLP,random,2026,11,270,502c25c5f4b1dc7a,icmpflood,False,random,195cff201c45896e
MLP,random,2026,11,271,a91eb642d7ffc859,fraggle,False,random,70771c4bcd099d39
MLP,random,2026,11,272,2f8b93991f4553f9,winnuke,False,random,797ef37b481170f9
MLP,random,2026,11,273,3846123171ff3431,teardrop,True,random,f807d20131f016de
MLP,random,2026,11,274,68636468df438ba3,icmpflood,False,random,24b3540d86e5a98c
MLP,random,2026,11,275,3afe1df651d28ddf,icmpbig,False,random,11ef2328aebbae9a
MLP,random,2026,12,276,0b36b2b4c342e4e1,icmpbig,False,random,11ef2328aebbae9a
MLP,random,2026,12,277,0d30e3e71e3d3c81,smurf,False,random,69954bf261bb1d9e
MLP,random,2026,12,278,c63472f7bb6588a5,benign,False,random,278975cbcaa57107
MLP,random,2026,12,279,03ebdbc56488f937,benign,False,random,f72fb8c6682e550e
MLP,random,2026,12,280,10b1f24d122b557a,tcp,False,random,041bf9c2b20075af
MLP,random,2026,12,281,d0782094a858566a,tcpall,False,random,25df2cbec14f457e
MLP,random,2026,12,282,78a7f667da5970f2,benign,False,random,27f3c83c7b17c4a1
MLP,random,2026,12,283,ea0ce70d8d6865d2,icmpflood,False,random,1a8a950154dcb23e
MLP,random,2026,12,284,f47345b7b3c11769,synflood,False,random,f4efa23870b784d1
MLP,random,2026,12,285,43945d64787e5422,winnuke,False,random,410bcc024f654308
MLP,random,2026,12,286,02c5f24fb1b13ed2,syn,False,random,91a24eb6dfa53e45
MLP,random,2026,12,287,d74842956685d02f,winnuke,False,random,a54774f1e9cef095
MLP,random,2026,12,288,2fa6878a417fa1e5,fraggle,False,random,31339063f76812c2
MLP,random,2026,12,289,d9a8d79956488899,tcpfin1,False,random,3da3facffa0f3564
MLP,random,2026,12,290,08c720e01ed27db0,winnuke,False,random,4cd77e8088d073fd
MLP,random,2026,12,291,e76b088d5e970cf1,winnuke,False,random,276465401eb5b946
MLP,random,2026,12,292,6b9b3863bfcafc28,fraggle,False,random,31339063f76812c2
MLP,random,2026,12,293,3ada612cd1448150,benign,False,random,38bb2aee8c1ebf62
MLP,random,2026,12,294,60dcc60ccae30377,fraggle,False,random,5034e5ea57497093
MLP,random,2026,12,295,0aeac82aa8d4d7b7,tcp,False,random,b591e7d985b4e445
MLP,random,2026,12,296,f1f10eda165ae56a,icmpbig,False,random,11ef2328aebbae9a
MLP,random,2026,12,297,0fcc7786f91f4372,synflood,False,random,2758c9d1858b9c82
MLP,random,2026,12,298,a7680b3f0332c46e,syn,False,random,9b58eb4ca28cad6b
MLP,random,2026,12,299,4ae906ccca9c5754,ackflood,False,random,f690c16b26140051
MLP,random,2026,12,300,b3558b0eca069f58,synflood,False,random,c8dcc68eceb08b3e
MLP,uncertainty,2026,1,1,250984ac27823a10,land,True,uncertainty,1fb8b2e54d539a4d
MLP,uncertainty,2026,1,2,52c312e7415b427b,land,True,uncertainty,1fb8b2e54d539a4d
MLP,uncertainty,2026,1,3,e9c19bdd64ad01c1,land,True,uncertainty,1fb8b2e54d539a4d
MLP,uncertainty,2026,1,4,3b04dc354adc0b42,land,True,uncertainty,1fb8b2e54d539a4d
MLP,uncertainty,2026,1,5,8365b6f6904c4522,land,True,uncertainty,1fb8b2e54d539a4d
MLP,uncertainty,2026,1,6,af02ae3ae540d4c4,land,True,uncertainty,1fb8b2e54d539a4d
MLP,uncertainty,2026,1,7,cc8caf3f1dabdce5,land,True,uncertainty,1fb8b2e54d539a4d
MLP,uncertainty,2026,1,8,29d760f75334cdda,land,True,uncertainty,1fb8b2e54d539a4d
MLP,uncertainty,2026,1,9,322a9e8cba15e086,land,True,uncertainty,1fb8b2e54d539a4d
MLP,uncertainty,2026,1,10,16b908005691af08,land,True,uncertainty,1fb8b2e54d539a4d
MLP,uncertainty,2026,1,11,17ce9647e16b08b1,land,True,uncertainty,1fb8b2e54d539a4d
MLP,uncertainty,2026,1,12,cb845ba83bc7d464,land,True,uncertainty,1fb8b2e54d539a4d
MLP,uncertainty,2026,1,13,ce08432799ffda06,land,True,uncertainty,1fb8b2e54d539a4d
MLP,uncertainty,2026,1,14,c76b8b157890a8e2,land,True,uncertainty,1fb8b2e54d539a4d
MLP,uncertainty,2026,1,15,ee192c8f5a4b54e0,land,True,uncertainty,1fb8b2e54d539a4d
MLP,uncertainty,2026,1,16,74d6ff9f697e040d,land,True,uncertainty,1fb8b2e54d539a4d
MLP,uncertainty,2026,1,17,3311c3fe41884560,land,True,uncertainty,1fb8b2e54d539a4d
MLP,uncertainty,2026,1,18,7f2887990ff3afe0,land,True,uncertainty,1fb8b2e54d539a4d
MLP,uncertainty,2026,1,19,a94d96a128f95fc2,land,True,uncertainty,11ca897764624b71
MLP,uncertainty,2026,1,20,35ea334560534ce8,land,True,uncertainty,1fb8b2e54d539a4d
MLP,uncertainty,2026,1,21,17446f2ec51c738a,land,True,uncertainty,1fb8b2e54d539a4d
MLP,uncertainty,2026,1,22,f2da4962d6b5fd1d,land,True,uncertainty,1fb8b2e54d539a4d
MLP,uncertainty,2026,1,23,0bdb2a24abcf3e26,land,True,uncertainty,1fb8b2e54d539a4d
MLP,uncertainty,2026,1,24,4247afe95b65ae4a,land,True,uncertainty,1fb8b2e54d539a4d
MLP,uncertainty,2026,1,25,bd0b34e3b5e7d587,land,True,uncertainty,11ca897764624b71
MLP,uncertainty,2026,2,26,f4bb83cdbf72e8e4,smurf,False,uncertainty,17c6cb9c5ea4b2a7
MLP,uncertainty,2026,2,27,b2a6ba063dfd9c9b,smurf,False,uncertainty,91a3370d77012f8a
MLP,uncertainty,2026,2,28,bc214ff82501e9de,fraggle,False,uncertainty,e49760fad684d512
MLP,uncertainty,2026,2,29,bd434d14ac35a9f0,fraggle,False,uncertainty,862b48b8e0bf2317
MLP,uncertainty,2026,2,30,6b97b95f72e49a47,fraggle,False,uncertainty,adac96d89cc6f509
MLP,uncertainty,2026,2,31,098ad6f9a251307c,benign,False,uncertainty,020fd876186249ed
MLP,uncertainty,2026,2,32,bd379726d232b408,benign,False,uncertainty,5c2ac51eebd3cc03
MLP,uncertainty,2026,2,33,64fbc51e99190c18,benign,False,uncertainty,29e8fc014fedb81a
MLP,uncertainty,2026,2,34,e60e30f2049a1994,fraggle,False,uncertainty,6b9460e705b82c7e
MLP,uncertainty,2026,2,35,3bb2e1c9eeace4f8,icmpflood,False,uncertainty,414b96fbbd01c62d
MLP,uncertainty,2026,2,36,4fa26ab1928f55a2,smurf,False,uncertainty,8dee1464df987eed
MLP,uncertainty,2026,2,37,cf219dc01b5a0f44,pingofdeath,False,uncertainty,8dee1464df987eed
MLP,uncertainty,2026,2,38,77b398b1394e4fe6,fraggle,False,uncertainty,6f4f7da9f9f2df49
MLP,uncertainty,2026,2,39,b2f65703aed8b1db,icmpbig,False,uncertainty,8dee1464df987eed
MLP,uncertainty,2026,2,40,8905b499a71533c3,fraggle,False,uncertainty,d64ebe3024c9d111
MLP,uncertainty,2026,2,41,0506c3f75dbc40a2,benign,False,uncertainty,a9725501bb249177
MLP,uncertainty,2026,2,42,df8a8f2d80186bb3,benign,False,uncertainty,1877380525324c3f
MLP,uncertainty,2026,2,43,bfeab9473ca2835d,ackpflood,True,uncertainty,4b0089386a1d46ec
MLP,uncertainty,2026,2,44,c91282e85bd70098,pingofdeath,False,uncertainty,8def8df6002e88c9
MLP,uncertainty,2026,2,45,0d07acb5b9170ffd,ackflood,False,uncertainty,eea3b15f92809315
MLP,uncertainty,2026,2,46,24b7b66546f1c075,ackflood,False,uncertainty,6d7f56a3f314dab8
MLP,uncertainty,2026,2,47,02e3720d9d4ee7ef,benign,False,uncertainty,74dadab1aff7e5b8
MLP,uncertainty,2026,2,48,94998211bd79c624,benign,False,uncertainty,f43d2e5bb0b91202
MLP,uncertainty,2026,2,49,882e31548f951f31,routeip,False,uncertainty,e9b6245ed6428809
MLP,uncertainty,2026,2,50,83e38a8a9997c6f0,ackflood,False,uncertainty,1058ba70d6dca86a
MLP,uncertainty,2026,3,51,67f1352e3ea75b24,winnuke,False,uncertainty,8d2bec8c0a0a17b1
MLP,uncertainty,2026,3,52,b578a8cb0810f79a,winnuke,False,uncertainty,58a1160e8243529c
MLP,uncertainty,2026,3,53,8c947c02efa77d86,winnuke,False,uncertainty,8d2bec8c0a0a17b1
MLP,uncertainty,2026,3,54,9b74f11d44c75253,winnuke,False,uncertainty,73832a19c6f3d45a
MLP,uncertainty,2026,3,55,841441fb33061344,tcpall,False,uncertainty,34ef57a4eef0d472
MLP,uncertainty,2026,3,56,cf65acb43c966f74,winnuke,False,uncertainty,f8ac14f0a7423f6e
MLP,uncertainty,2026,3,57,7724ede2345185b9,tcp,False,uncertainty,eab058deef3ef772
MLP,uncertainty,2026,3,58,e522157119124254,tcpall,False,uncertainty,25df2cbec14f457e
MLP,uncertainty,2026,3,59,69254fea9a7520d2,tcpall,False,uncertainty,25df2cbec14f457e
MLP,uncertainty,2026,3,60,7ea092cdcef5aba5,tcp,False,uncertainty,270dd1a8adf0d6e3
MLP,uncertainty,2026,3,61,7193c26742e84874,tcpall,False,uncertainty,34ef57a4eef0d472
MLP,uncertainty,2026,3,62,8274cd0177867855,tcpall,False,uncertainty,34ef57a4eef0d472
MLP,uncertainty,2026,3,63,a47381e52396662c,routeip,False,uncertainty,7480dec5eaacca58
MLP,uncertainty,2026,3,64,cddd90c4812497fa,tcpall,False,uncertainty,25df2cbec14f457e
MLP,uncertainty,2026,3,65,9fefe44ed6c3940e,tcpall,False,uncertainty,25df2cbec14f457e
MLP,uncertainty,2026,3,66,94717874faf50bb7,tcpall,False,uncertainty,25df2cbec14f457e
MLP,uncertainty,2026,3,67,63944495adb8e4c0,tcp,False,uncertainty,eab058deef3ef772
MLP,uncertainty,2026,3,68,e4bc9397fd76ec16,routeip,False,uncertainty,7480dec5eaacca58
MLP,uncertainty,2026,3,69,f250310768e5935f,tcpall,False,uncertainty,25df2cbec14f457e
MLP,uncertainty,2026,3,70,8d1c97445d387d30,tcpall,False,uncertainty,25df2cbec14f457e
MLP,uncertainty,2026,3,71,21c0e7ab9b7ed4ee,tcp,False,uncertainty,b591e7d985b4e445
MLP,uncertainty,2026,3,72,971ce6eaa3299a08,tcpall,False,uncertainty,25df2cbec14f457e
MLP,uncertainty,2026,3,73,a7a6959a499e9277,winnuke,False,uncertainty,8d2bec8c0a0a17b1
MLP,uncertainty,2026,3,74,ed3e1f56d953740b,tcpall,False,uncertainty,25df2cbec14f457e
MLP,uncertainty,2026,3,75,95be08592c10ef2d,tcpall,False,uncertainty,25df2cbec14f457e
MLP,uncertainty,2026,4,76,037d8381fe19ce62,ackpflood,True,uncertainty,a1cb362fa310338d
MLP,uncertainty,2026,4,77,b9903f9ebef598df,ackpflood,True,uncertainty,a1cb362fa310338d
MLP,uncertainty,2026,4,78,13a5018a5af55931,ackpflood,True,uncertainty,811ae939f0302bde
MLP,uncertainty,2026,4,79,2ae0c91130365806,ackpflood,True,uncertainty,bd510951eca832d9
MLP,uncertainty,2026,4,80,54e52ed523973b5e,ackpflood,True,uncertainty,102d8c4dd3732eee
MLP,uncertainty,2026,4,81,f42321d2ab9b59da,teardrop,True,uncertainty,8dee1464df987eed
MLP,uncertainty,2026,4,82,39dd3c18c75c2c80,ackpflood,True,uncertainty,bd510951eca832d9
MLP,uncertainty,2026,4,83,fd128d7419daec28,pingofdeath,False,uncertainty,97b1a2b42a8f87ec
MLP,uncertainty,2026,4,84,d700961b235b5712,ackpflood,True,uncertainty,fc60f500fd93cd5e
MLP,uncertainty,2026,4,85,45325575536c99e6,ackpflood,True,uncertainty,102d8c4dd3732eee
MLP,uncertainty,2026,4,86,1a94f23011181ca2,ackpflood,True,uncertainty,bd510951eca832d9
MLP,uncertainty,2026,4,87,c3bf2648145bd7ed,ackpflood,True,uncertainty,811ae939f0302bde
MLP,uncertainty,2026,4,88,f6d7c14dca25e785,ackpflood,True,uncertainty,fc60f500fd93cd5e
MLP,uncertainty,2026,4,89,c7d890507d23d499,ackpflood,True,uncertainty,bd510951eca832d9
MLP,uncertainty,2026,4,90,7367a8d5124e0062,ackpflood,True,uncertainty,102d8c4dd3732eee
MLP,uncertainty,2026,4,91,c1e0d660bcc4bf70,ackpflood,True,uncertainty,fc60f500fd93cd5e
MLP,uncertainty,2026,4,92,133171c58216e0bf,benign,False,uncertainty,efd283da96ba28d3
MLP,uncertainty,2026,4,93,fb848bbc5bc946a7,ackpflood,True,uncertainty,811ae939f0302bde
MLP,uncertainty,2026,4,94,e682e96e42920710,ackpflood,True,uncertainty,811ae939f0302bde
MLP,uncertainty,2026,4,95,abbd133c3c0ab4e2,land,True,uncertainty,ccfb10c2ea227cb4
MLP,uncertainty,2026,4,96,1b36ca5aada52e10,ackpflood,True,uncertainty,456c6c1c5604adc9
MLP,uncertainty,2026,4,97,592101be6f63560d,ackpflood,True,uncertainty,a1cb362fa310338d
MLP,uncertainty,2026,4,98,871b60d75929f84f,icmpflood,False,uncertainty,b0c50a45c0530dda
MLP,uncertainty,2026,4,99,86090c712db3ee36,smurf,False,uncertainty,8dee1464df987eed
MLP,uncertainty,2026,4,100,644ddddda959e6df,ackpflood,True,uncertainty,bd510951eca832d9
MLP,uncertainty,2026,5,101,911b84b22e8c505a,benign,False,uncertainty,e3c3e7c46985e735
MLP,uncertainty,2026,5,102,b170e244329bd410,fraggle,False,uncertainty,ddd3e19da6341a4e
MLP,uncertainty,2026,5,103,1772e0899ed9fd38,fraggle,False,uncertainty,19a6d6a9897dd2a8
MLP,uncertainty,2026,5,104,8e374e40bec8ca57,fraggle,False,uncertainty,818a400a7b244e7f
MLP,uncertainty,2026,5,105,0c96a7e4c72e7728,benign,False,uncertainty,ca41d1829735f01e
MLP,uncertainty,2026,5,106,d3fde55c515f0369,fraggle,False,uncertainty,ddd3e19da6341a4e
MLP,uncertainty,2026,5,107,c988d7d97855eb31,benign,False,uncertainty,ca41d1829735f01e
MLP,uncertainty,2026,5,108,f909545958acceaf,benign,False,uncertainty,ddd3e19da6341a4e
MLP,uncertainty,2026,5,109,c8ff3d3726a9253f,benign,False,uncertainty,29e8fc014fedb81a
MLP,uncertainty,2026,5,110,0c7e27cede94a83d,benign,False,uncertainty,ddd3e19da6341a4e
MLP,uncertainty,2026,5,111,5db063e180dfe0e8,benign,False,uncertainty,5570e2392c353ac6
MLP,uncertainty,2026,5,112,c07c176bec8dfbde,benign,False,uncertainty,3f8a2a1879b8dccd
MLP,uncertainty,2026,5,113,0ae5e48611b14fb6,fraggle,False,uncertainty,088f5e8d9d6ebe1b
MLP,uncertainty,2026,5,114,4925c76a4c3e1ba7,fraggle,False,uncertainty,818a400a7b244e7f
MLP,uncertainty,2026,5,115,f23fc2ff92157b76,benign,False,uncertainty,9f2915b8ae07ff0a
MLP,uncertainty,2026,5,116,a85f70a3836d4077,fraggle,False,uncertainty,9f2915b8ae07ff0a
MLP,uncertainty,2026,5,117,6bee84a6380bf215,benign,False,uncertainty,d277c3cd840a518a
MLP,uncertainty,2026,5,118,89bc47d50d8b3021,fraggle,False,uncertainty,35ec8d23722ee235
MLP,uncertainty,2026,5,119,8e353f81401b6f22,benign,False,uncertainty,2006f3e4e207da32
MLP,uncertainty,2026,5,120,a162eec6c50f3dd9,fraggle,False,uncertainty,fd4a5dc3ba6dcdc5
MLP,uncertainty,2026,5,121,96b5cc03e7a905fc,fraggle,False,uncertainty,9e6b18cde1ffb0ad
MLP,uncertainty,2026,5,122,c77ffb735543f523,fraggle,False,uncertainty,9a736689b9d9f459
MLP,uncertainty,2026,5,123,f5a5ef158e1e5678,benign,False,uncertainty,488b8dbc201f4c09
MLP,uncertainty,2026,5,124,c483dd8ea1e551fb,benign,False,uncertainty,bcc02304df71b08c
MLP,uncertainty,2026,5,125,1d4121c604e74a12,benign,False,uncertainty,dbfc36ed3d15409c
MLP,uncertainty,2026,6,126,50976dc6bf0e71ff,ackflood,False,uncertainty,4b0089386a1d46ec
MLP,uncertainty,2026,6,127,de9443a9cc96b18d,fraggle,False,uncertainty,f43d2e5bb0b91202
MLP,uncertainty,2026,6,128,76aaad86f2d61f40,benign,False,uncertainty,3c4c99066855be40
MLP,uncertainty,2026,6,129,86baaddd7d2d388c,synflood,False,uncertainty,3f922bf9130791f9
MLP,uncertainty,2026,6,130,75de349308e5beb0,benign,False,uncertainty,51bc9e9bc138eb75
MLP,uncertainty,2026,6,131,2cc4d999d13cf9c1,benign,False,uncertainty,9b520c58eca0f020
MLP,uncertainty,2026,6,132,a8496ded2d816fca,benign,False,uncertainty,e1a46cfd513b89a2
MLP,uncertainty,2026,6,133,ad24e3e07a269511,winnuke,False,uncertainty,181ed0ac1ac7e48a
MLP,uncertainty,2026,6,134,708856d01333c64e,syn,False,uncertainty,eb1511166537477c
MLP,uncertainty,2026,6,135,f989ea69d20204ce,icmpflood,False,uncertainty,5fb9acd1b949520e
MLP,uncertainty,2026,6,136,e0bcf5904746cafb,icmpflood,False,uncertainty,c4dc9afc51bfc250
MLP,uncertainty,2026,6,137,dcf1d5c32801feff,icmpflood,False,uncertainty,46c4f94197429bd3
MLP,uncertainty,2026,6,138,afe1345d8219b571,icmpflood,False,uncertainty,d32db3bbd07fe8d5
MLP,uncertainty,2026,6,139,40ade5416da48d9c,icmpflood,False,uncertainty,f386eacf5c6c7430
MLP,uncertainty,2026,6,140,9ee5d003863a65c0,benign,False,uncertainty,cc3af9489ef05c70
MLP,uncertainty,2026,6,141,def3dea27b22f27f,winnuke,False,uncertainty,f0fed4d9d9f0b730
MLP,uncertainty,2026,6,142,c069c6d6c7562627,ackflood,False,uncertainty,5b46b5845f645c38
MLP,uncertainty,2026,6,143,b081974697a58dba,benign,False,uncertainty,58994b5a3dd2de9d
MLP,uncertainty,2026,6,144,cea79607e84bbe29,benign,False,uncertainty,e99a6e6275a13160
MLP,uncertainty,2026,6,145,4081000d3a4f84cf,ackflood,False,uncertainty,7016edd27ed81e4d
MLP,uncertainty,2026,6,146,0a5fc5b68464fe86,benign,False,uncertainty,01214037069fb268
MLP,uncertainty,2026,6,147,15f96498ffa88fa2,benign,False,uncertainty,cc3af9489ef05c70
MLP,uncertainty,2026,6,148,beb8833bc4edd14e,icmpflood,False,uncertainty,a290371e0ecd0930
MLP,uncertainty,2026,6,149,7e54615d59ab4be8,icmpflood,False,uncertainty,b905ea608a352755
MLP,uncertainty,2026,6,150,b537229fd1c1ad96,ackflood,False,uncertainty,5b46b5845f645c38
MLP,uncertainty,2026,7,151,0089e3e38b16c370,benign,False,uncertainty,6f9deb649c629366
MLP,uncertainty,2026,7,152,9f4643092a104a5f,winnuke,False,uncertainty,4f495fb21fbfbba0
MLP,uncertainty,2026,7,153,f33b892185a5a9b7,winnuke,False,uncertainty,a43afa92969fcb4d
MLP,uncertainty,2026,7,154,fd51a74bec7a0c93,ackflood,False,uncertainty,0af6cd813a409667
MLP,uncertainty,2026,7,155,32071b78249cee65,winnuke,False,uncertainty,0c283d564bd62b96
MLP,uncertainty,2026,7,156,03f61e322db7dc6f,benign,False,uncertainty,a0d6456301dba38d
MLP,uncertainty,2026,7,157,32f67fb42585f138,benign,False,uncertainty,4355ef8590b67ead
MLP,uncertainty,2026,7,158,e5465fde86e0e627,synflood,False,uncertainty,99b949009a70a290
MLP,uncertainty,2026,7,159,fed069a2dc9baff5,benign,False,uncertainty,00bbd30409174389
MLP,uncertainty,2026,7,160,73eb77d022c44f8a,synflood,False,uncertainty,3edac50acc1fbacd
MLP,uncertainty,2026,7,161,5bdc93b1b97fbd6d,benign,False,uncertainty,3fba40bdc398c66f
MLP,uncertainty,2026,7,162,2de36c883733e50f,benign,False,uncertainty,041b5a8b29c22a05
MLP,uncertainty,2026,7,163,c1d498a89d70d383,benign,False,uncertainty,a00ac5a6d471cc1f
MLP,uncertainty,2026,7,164,80777f41cbbf424d,winnuke,False,uncertainty,5d83ef53bef375b2
MLP,uncertainty,2026,7,165,10701accc7e13e0d,benign,False,uncertainty,fe2b5d449a09445e
MLP,uncertainty,2026,7,166,b367f22488b32e95,benign,False,uncertainty,e62def29f4a3f994
MLP,uncertainty,2026,7,167,9fbf75a89b386a27,winnuke,False,uncertainty,0ab2d22cbc87e037
MLP,uncertainty,2026,7,168,9087fa86b8e506bc,benign,False,uncertainty,69860835369f292a
MLP,uncertainty,2026,7,169,52dc6bfcf3d30765,winnuke,False,uncertainty,86aa74571e54e6ee
MLP,uncertainty,2026,7,170,5f4b3bbd0c8fa778,winnuke,False,uncertainty,ddbe1671e7722f06
MLP,uncertainty,2026,7,171,815a87716b877e51,winnuke,False,uncertainty,66aa74636ad205e3
MLP,uncertainty,2026,7,172,759b528bf47001c8,winnuke,False,uncertainty,8c4de3e868e123a5
MLP,uncertainty,2026,7,173,13fdb64b73c5a85e,ackflood,False,uncertainty,907bcf72d2e73f77
MLP,uncertainty,2026,7,174,14836edfcbd7167e,benign,False,uncertainty,40d6ed21caec9998
MLP,uncertainty,2026,7,175,f9ae08cf10627e2d,benign,False,uncertainty,f2dfe6bef4c9454a
MLP,uncertainty,2026,8,176,371e0c8d8eea7bd7,syn,False,uncertainty,9b58eb4ca28cad6b
MLP,uncertainty,2026,8,177,7122e642a279f7c0,syn,False,uncertainty,9b58eb4ca28cad6b
MLP,uncertainty,2026,8,178,7ccbfb183aa14668,syn,False,uncertainty,9b58eb4ca28cad6b
MLP,uncertainty,2026,8,179,e7fcc43571fd0c6b,syn,False,uncertainty,9b58eb4ca28cad6b
MLP,uncertainty,2026,8,180,5a2fbabec589e4da,syn,False,uncertainty,9b58eb4ca28cad6b
MLP,uncertainty,2026,8,181,5b32c1e03f58e35a,benign,False,uncertainty,301004225cdb7d56
MLP,uncertainty,2026,8,182,ee1faf291df154ff,syn,False,uncertainty,9b58eb4ca28cad6b
MLP,uncertainty,2026,8,183,108f2bb4b299b0c6,syn,False,uncertainty,9b58eb4ca28cad6b
MLP,uncertainty,2026,8,184,1c4f305c2efcb168,syn,False,uncertainty,9b58eb4ca28cad6b
MLP,uncertainty,2026,8,185,4e068bac2133ba57,syn,False,uncertainty,9b58eb4ca28cad6b
MLP,uncertainty,2026,8,186,e1f92fbb8465ec22,benign,False,uncertainty,a34740a7a6fa2a96
MLP,uncertainty,2026,8,187,a8feb784ba876ef8,ackflood,False,uncertainty,dc99edc225fd27b2
MLP,uncertainty,2026,8,188,88038ead0c5e81a8,syn,False,uncertainty,9b58eb4ca28cad6b
MLP,uncertainty,2026,8,189,ad182bea08ced2b1,syn,False,uncertainty,9b58eb4ca28cad6b
MLP,uncertainty,2026,8,190,672ecc250eb336b4,syn,False,uncertainty,9b58eb4ca28cad6b
MLP,uncertainty,2026,8,191,59e7db96b7f4bd04,benign,False,uncertainty,b44597ef51e1bb2e
MLP,uncertainty,2026,8,192,2dbfcbbb9697373e,syn,False,uncertainty,9b58eb4ca28cad6b
MLP,uncertainty,2026,8,193,7921600acbe66c33,benign,False,uncertainty,d80bd9089f8a8a7a
MLP,uncertainty,2026,8,194,20269a637e818bb6,benign,False,uncertainty,a93305badcf82230
MLP,uncertainty,2026,8,195,5d36a2e327f1c8c1,routeip,False,uncertainty,753bbc2687bc83bf
MLP,uncertainty,2026,8,196,04bc9a1a62576c92,syn,False,uncertainty,9b58eb4ca28cad6b
MLP,uncertainty,2026,8,197,847acc946a0d88da,tcpall,False,uncertainty,6d190f0ade234a41
MLP,uncertainty,2026,8,198,3ad19fe1f23bde9b,benign,False,uncertainty,3bb8b5476249adf5
MLP,uncertainty,2026,8,199,d0693be377f1d735,tcpall,False,uncertainty,72c51a0abba0da4c
MLP,uncertainty,2026,8,200,e4b1b0b63f82e321,benign,False,uncertainty,e6e7170296a1d0ef
MLP,uncertainty,2026,9,201,f8dde1480265276a,winnuke,False,uncertainty,decd98c001b312c1
MLP,uncertainty,2026,9,202,1d3e99f719e2ab24,ackflood,False,uncertainty,76a114a6017d13c5
MLP,uncertainty,2026,9,203,6dbd55c2114f2103,benign,False,uncertainty,a93305badcf82230
MLP,uncertainty,2026,9,204,fddb159c556193c0,ackflood,False,uncertainty,955c88b6397974f8
MLP,uncertainty,2026,9,205,3af07e944f42bd68,tcp,False,uncertainty,204d11826f747524
MLP,uncertainty,2026,9,206,020977bb858d8b0a,benign,False,uncertainty,5f6d9da99eddab1d
MLP,uncertainty,2026,9,207,70d81125afb55450,ackflood,False,uncertainty,d736f29aff599c6a
MLP,uncertainty,2026,9,208,72ad441d62f8f207,benign,False,uncertainty,4d126dd5b0ee0af7
MLP,uncertainty,2026,9,209,6a840514c4ed7183,benign,False,uncertainty,4d126dd5b0ee0af7
MLP,uncertainty,2026,9,210,bdb69530a7f79727,synflood,False,uncertainty,7e8872e94884b9f6
MLP,uncertainty,2026,9,211,6caec555c8e17050,benign,False,uncertainty,a93305badcf82230
MLP,uncertainty,2026,9,212,40b5d13f7fd6e731,ackflood,False,uncertainty,dbe6484ff6e0d6fc
MLP,uncertainty,2026,9,213,a3f6137f69ee0d6e,benign,False,uncertainty,41a48522f4e5a91e
MLP,uncertainty,2026,9,214,4d179ef1cb060724,ackflood,False,uncertainty,a97f8a7b42128c44
MLP,uncertainty,2026,9,215,11e0ca8e1ff59dc0,ackflood,False,uncertainty,78736491855a5d9d
MLP,uncertainty,2026,9,216,b9d44dfcd37c3687,tcpall,False,uncertainty,6d190f0ade234a41
MLP,uncertainty,2026,9,217,d44a502eb7367262,smurf,False,uncertainty,77b0253fe462c2ed
MLP,uncertainty,2026,9,218,78748743c96086ba,benign,False,uncertainty,a93305badcf82230
MLP,uncertainty,2026,9,219,c814da02e7c77dd3,fraggle,False,uncertainty,8dee1464df987eed
MLP,uncertainty,2026,9,220,28df2ed64a505eb7,tcpall,False,uncertainty,6d190f0ade234a41
MLP,uncertainty,2026,9,221,928d9045bd529d9a,tcpall,False,uncertainty,6d190f0ade234a41
MLP,uncertainty,2026,9,222,2b88b41a5448394a,tcpall,False,uncertainty,6d190f0ade234a41
MLP,uncertainty,2026,9,223,9cdea621a9468154,benign,False,uncertainty,7a0ee04583e83139
MLP,uncertainty,2026,9,224,c8b3059f3ab8a4e7,winnuke,False,uncertainty,82480d0855af0331
MLP,uncertainty,2026,9,225,28272ae2fe2436a7,tcpall,False,uncertainty,6d190f0ade234a41
MLP,uncertainty,2026,10,226,fdea22fe6eb46a40,routeip,False,uncertainty,753bbc2687bc83bf
MLP,uncertainty,2026,10,227,99a3356164a3a6a1,routeip,False,uncertainty,753bbc2687bc83bf
MLP,uncertainty,2026,10,228,15d6f625c2449c1d,tcpall,False,uncertainty,6d190f0ade234a41
MLP,uncertainty,2026,10,229,414badfaa34066ec,routeip,False,uncertainty,753bbc2687bc83bf
MLP,uncertainty,2026,10,230,6ea3d7cd7d5b4643,ackflood,False,uncertainty,207d4fc07b8e9ef5
MLP,uncertainty,2026,10,231,1206872a2e66ab4d,benign,False,uncertainty,9ee4058e44c8d1c7
MLP,uncertainty,2026,10,232,ee09ccf3ff886335,routeip,False,uncertainty,753bbc2687bc83bf
MLP,uncertainty,2026,10,233,f02d7cfc96f6e8c5,tcp,False,uncertainty,8a0c3de433c4f985
MLP,uncertainty,2026,10,234,5411ecd8cf136fec,routeip,False,uncertainty,753bbc2687bc83bf
MLP,uncertainty,2026,10,235,1a4139f31e84576d,tcpall,False,uncertainty,6d190f0ade234a41
MLP,uncertainty,2026,10,236,d77aeea14e3e0239,routeip,False,uncertainty,753bbc2687bc83bf
MLP,uncertainty,2026,10,237,87a0718e6d6840ec,tcpall,False,uncertainty,146aa073103f8a9d
MLP,uncertainty,2026,10,238,4b1ebe622a9a3363,tcpall,False,uncertainty,6d190f0ade234a41
MLP,uncertainty,2026,10,239,d5c7f6762b567a45,tcpall,False,uncertainty,6d190f0ade234a41
MLP,uncertainty,2026,10,240,8f073fdf2064e0c6,tcp,False,uncertainty,cd64136aeecc4532
MLP,uncertainty,2026,10,241,66f871d906f8d38f,tcpall,False,uncertainty,6d190f0ade234a41
MLP,uncertainty,2026,10,242,ab59337c46ab4b26,tcpall,False,uncertainty,6d190f0ade234a41
MLP,uncertainty,2026,10,243,67debf49f9caf28e,tcpall,False,uncertainty,6d190f0ade234a41
MLP,uncertainty,2026,10,244,e370c4095f114c92,routeip,False,uncertainty,753bbc2687bc83bf
MLP,uncertainty,2026,10,245,db14ee7a18336786,routeip,False,uncertainty,753bbc2687bc83bf
MLP,uncertainty,2026,10,246,e06e5cb2939cb9c7,tcpall,False,uncertainty,6d190f0ade234a41
MLP,uncertainty,2026,10,247,4bf2b64d5b897300,routeip,False,uncertainty,753bbc2687bc83bf
MLP,uncertainty,2026,10,248,4d4a59ed1d05615c,tcpall,False,uncertainty,6d190f0ade234a41
MLP,uncertainty,2026,10,249,798c3b8c760a34c1,routeip,False,uncertainty,56239d2baf50ff43
MLP,uncertainty,2026,10,250,d254b979ea4a81aa,routeip,False,uncertainty,753bbc2687bc83bf
MLP,uncertainty,2026,11,251,94724a2f63edaa35,synflood,False,uncertainty,57f645b96ea3394a
MLP,uncertainty,2026,11,252,3dbd0853e6bcb43f,fraggle,False,uncertainty,b732b8a05bb4f1eb
MLP,uncertainty,2026,11,253,553fad40d3c2b89a,benign,False,uncertainty,8a67a7be53c6accd
MLP,uncertainty,2026,11,254,40176731dcfc424e,benign,False,uncertainty,29cc6703702bf350
MLP,uncertainty,2026,11,255,d5ccb87cd1192821,winnuke,False,uncertainty,d24bda874bc1c38d
MLP,uncertainty,2026,11,256,b8556b54fdfc1c8a,benign,False,uncertainty,4d13928334ce3467
MLP,uncertainty,2026,11,257,074af7fd2e317e10,benign,False,uncertainty,dca984e6c2ea660a
MLP,uncertainty,2026,11,258,723cb557fbd2bfbb,benign,False,uncertainty,63074b48f999f674
MLP,uncertainty,2026,11,259,ac5615e3a5621d0f,benign,False,uncertainty,fb388d8dbb5b1050
MLP,uncertainty,2026,11,260,9a6b45af526ea50a,benign,False,uncertainty,4710bed9c41238cb
MLP,uncertainty,2026,11,261,33af5a45964e4ebd,fraggle,False,uncertainty,8dee1464df987eed
MLP,uncertainty,2026,11,262,be093109e7b45365,benign,False,uncertainty,a4ceefc76172556b
MLP,uncertainty,2026,11,263,a8bdc49086b0a59a,benign,False,uncertainty,e2bc1c69f591cda8
MLP,uncertainty,2026,11,264,ddb57ad4f48bddf8,benign,False,uncertainty,1b3ed2bdad3c9904
MLP,uncertainty,2026,11,265,5bd294409aac1ff3,winnuke,False,uncertainty,cd88c4a309a88791
MLP,uncertainty,2026,11,266,ab9a5a064e0d21ea,benign,False,uncertainty,fb388d8dbb5b1050
MLP,uncertainty,2026,11,267,8c20dd959516e353,benign,False,uncertainty,2275dcaa42616486
MLP,uncertainty,2026,11,268,bdbfdc6095038b27,benign,False,uncertainty,e8b1b668a6e1c101
MLP,uncertainty,2026,11,269,926b5fd77f1f8d1d,benign,False,uncertainty,430f65a62d5e6af7
MLP,uncertainty,2026,11,270,997cd6e083d7ca0b,benign,False,uncertainty,fb388d8dbb5b1050
MLP,uncertainty,2026,11,271,1e0955e77a0d0b3a,tcp,False,uncertainty,e9b6245ed6428809
MLP,uncertainty,2026,11,272,feda18099c8ce5f6,benign,False,uncertainty,1b3ed2bdad3c9904
MLP,uncertainty,2026,11,273,d255124a6a491f03,benign,False,uncertainty,a58aaac0e1e96b44
MLP,uncertainty,2026,11,274,d90cf94df6c5336c,benign,False,uncertainty,2afd633f5625408e
MLP,uncertainty,2026,11,275,3b53c798a2670a1f,benign,False,uncertainty,accc4c31543128d1
MLP,uncertainty,2026,12,276,a9206adb700e3951,tcpall,False,uncertainty,146aa073103f8a9d
MLP,uncertainty,2026,12,277,211d0b3a55514dfe,tcpall,False,uncertainty,6d190f0ade234a41
MLP,uncertainty,2026,12,278,4b43eba45649bd87,tcpall,False,uncertainty,6d190f0ade234a41
MLP,uncertainty,2026,12,279,67d28c2e5f9109bd,tcpall,False,uncertainty,6d190f0ade234a41
MLP,uncertainty,2026,12,280,f2cd013485319693,tcpall,False,uncertainty,6d190f0ade234a41
MLP,uncertainty,2026,12,281,324a39b3f76895ab,tcpall,False,uncertainty,146aa073103f8a9d
MLP,uncertainty,2026,12,282,498877c395d3f623,tcpall,False,uncertainty,6d190f0ade234a41
MLP,uncertainty,2026,12,283,2fc2bc9f50754653,tcpall,False,uncertainty,6d190f0ade234a41
MLP,uncertainty,2026,12,284,dfe69b45749fe0c1,tcpall,False,uncertainty,6d190f0ade234a41
MLP,uncertainty,2026,12,285,7ee9f814978e5ed0,tcpall,False,uncertainty,6d190f0ade234a41
MLP,uncertainty,2026,12,286,b42de4056d878898,teardrop,True,uncertainty,8dee1464df987eed
MLP,uncertainty,2026,12,287,f22c67a9b92c884f,tcpall,False,uncertainty,6d190f0ade234a41
MLP,uncertainty,2026,12,288,62e2b627358c58d5,benign,False,uncertainty,665875127c6c88bb
MLP,uncertainty,2026,12,289,752c5507eb6f446f,tcpall,False,uncertainty,6d190f0ade234a41
MLP,uncertainty,2026,12,290,2da12c72346f2233,tcpall,False,uncertainty,6d190f0ade234a41
MLP,uncertainty,2026,12,291,3aa08d1b69d15db1,tcpall,False,uncertainty,6d190f0ade234a41
MLP,uncertainty,2026,12,292,09216e70234da70e,tcpall,False,uncertainty,6d190f0ade234a41
MLP,uncertainty,2026,12,293,eb65d77d96317a81,benign,False,uncertainty,19bd72f5569f0827
MLP,uncertainty,2026,12,294,cbe9d97cbe93fc02,benign,False,uncertainty,89eed610d2c939c7
MLP,uncertainty,2026,12,295,babc5ac603fa3feb,tcpall,False,uncertainty,6d190f0ade234a41
MLP,uncertainty,2026,12,296,29105124b09b88b8,tcpall,False,uncertainty,6d190f0ade234a41
MLP,uncertainty,2026,12,297,f5d596aa3df9f3fe,tcpall,False,uncertainty,6d190f0ade234a41
MLP,uncertainty,2026,12,298,a6f7c358dd2e9831,tcpall,False,uncertainty,6d190f0ade234a41
MLP,uncertainty,2026,12,299,6022057997288fbf,benign,False,uncertainty,4d126dd5b0ee0af7
MLP,uncertainty,2026,12,300,7e68f1c40d04b670,tcpall,False,uncertainty,6d190f0ade234a41
MLP,hybrid_open_set,2026,1,1,c984c7d253e279e1,land,True,novelty,1fb8b2e54d539a4d
MLP,hybrid_open_set,2026,1,2,0506c3f75dbc40a2,benign,False,novelty,a9725501bb249177
MLP,hybrid_open_set,2026,1,3,de9443a9cc96b18d,fraggle,False,novelty,f43d2e5bb0b91202
MLP,hybrid_open_set,2026,1,4,f8dde1480265276a,winnuke,False,novelty,decd98c001b312c1
MLP,hybrid_open_set,2026,1,5,f4bb83cdbf72e8e4,smurf,False,novelty,17c6cb9c5ea4b2a7
MLP,hybrid_open_set,2026,1,6,3bb2e1c9eeace4f8,icmpflood,False,novelty,414b96fbbd01c62d
MLP,hybrid_open_set,2026,1,7,86090c712db3ee36,smurf,False,novelty,8dee1464df987eed
MLP,hybrid_open_set,2026,1,8,7bb96bd8e11f6f46,land,True,novelty,654556dfa59443af
MLP,hybrid_open_set,2026,1,9,47a88123212938f9,land,True,novelty,bdcbb19e6014cd77
MLP,hybrid_open_set,2026,1,10,ad74d2f7fc3919d1,land,True,novelty,11ca897764624b71
MLP,hybrid_open_set,2026,1,11,b4c24deff406ee8d,land,True,novelty,3b6e34b87aba8d44
MLP,hybrid_open_set,2026,1,12,c8ff3d3726a9253f,benign,False,novelty,29e8fc014fedb81a
MLP,hybrid_open_set,2026,1,13,18dbde1d2d7e902a,land,True,novelty,060128a0ee4f18f3
MLP,hybrid_open_set,2026,1,14,5b32c1e03f58e35a,benign,False,novelty,301004225cdb7d56
MLP,hybrid_open_set,2026,1,15,8aa245d7327b26d8,land,True,uncertainty,1fb8b2e54d539a4d
MLP,hybrid_open_set,2026,1,16,74d6ff9f697e040d,land,True,uncertainty,1fb8b2e54d539a4d
MLP,hybrid_open_set,2026,1,17,03fb9cddec2ad19a,land,True,uncertainty,1fb8b2e54d539a4d
MLP,hybrid_open_set,2026,1,18,d671d04bfe1d7454,land,True,uncertainty,1fb8b2e54d539a4d
MLP,hybrid_open_set,2026,1,19,4bee3620c43f64ae,land,True,uncertainty,1fb8b2e54d539a4d
MLP,hybrid_open_set,2026,1,20,e9c19bdd64ad01c1,land,True,uncertainty,1fb8b2e54d539a4d
MLP,hybrid_open_set,2026,1,21,c8f3c48a0b24df31,land,True,uncertainty,1fb8b2e54d539a4d
MLP,hybrid_open_set,2026,1,22,35ea334560534ce8,land,True,uncertainty,1fb8b2e54d539a4d
MLP,hybrid_open_set,2026,1,23,5fe6db9951ba08a5,synflood,False,random,9a51a03c51ef26d4
MLP,hybrid_open_set,2026,1,24,4aa8e855e887719e,tcpfin1,False,random,3da3facffa0f3564
MLP,hybrid_open_set,2026,1,25,60dd110a294c6fca,winnuke,False,random,a5f19db9235d21a5
MLP,hybrid_open_set,2026,2,26,d861615f2976a946,land,True,expansion,1fb8b2e54d539a4d
MLP,hybrid_open_set,2026,2,27,65743c39b0391e46,land,True,expansion,3b6e34b87aba8d44
MLP,hybrid_open_set,2026,2,28,322b47c94a87f173,land,True,expansion,1fb8b2e54d539a4d
MLP,hybrid_open_set,2026,2,29,800e39e9653f30ae,land,True,expansion,1fb8b2e54d539a4d
MLP,hybrid_open_set,2026,2,30,1a3e34a64ab97ab1,land,True,expansion,1fb8b2e54d539a4d
MLP,hybrid_open_set,2026,2,31,f2da4962d6b5fd1d,land,True,expansion,1fb8b2e54d539a4d
MLP,hybrid_open_set,2026,2,32,0774c0fb581e0f09,land,True,expansion,1fb8b2e54d539a4d
MLP,hybrid_open_set,2026,2,33,7bcf6525d875838d,benign,False,novelty,d348cd54aeab6397
MLP,hybrid_open_set,2026,2,34,3bbd9f416434a113,ackflood,False,novelty,b39b6ae5dda33531
MLP,hybrid_open_set,2026,2,35,098ad6f9a251307c,benign,False,novelty,020fd876186249ed
MLP,hybrid_open_set,2026,2,36,50976dc6bf0e71ff,ackflood,False,novelty,4b0089386a1d46ec
MLP,hybrid_open_set,2026,2,37,56acfbcc520bd3cf,winnuke,False,novelty,dbaf01102ffb31aa
MLP,hybrid_open_set,2026,2,38,29400a19530d133b,benign,False,novelty,07c4bf40245b985e
MLP,hybrid_open_set,2026,2,39,cd346594988f5808,ackflood,False,novelty,0572fb06e8f48c44
MLP,hybrid_open_set,2026,2,40,f55d7b08d3b91ba1,teardrop,True,uncertainty,1b8d8d86b95179f1
MLP,hybrid_open_set,2026,2,41,708856d01333c64e,syn,False,uncertainty,eb1511166537477c
MLP,hybrid_open_set,2026,2,42,133171c58216e0bf,benign,False,uncertainty,efd283da96ba28d3
MLP,hybrid_open_set,2026,2,43,24b7b66546f1c075,ackflood,False,uncertainty,6d7f56a3f314dab8
MLP,hybrid_open_set,2026,2,44,d8e80bd1dae11c02,icmpflood,False,uncertainty,9cd80ddd81f7afcf
MLP,hybrid_open_set,2026,2,45,56790607fe1840eb,routeip,False,uncertainty,56239d2baf50ff43
MLP,hybrid_open_set,2026,2,46,0089e3e38b16c370,benign,False,uncertainty,6f9deb649c629366
MLP,hybrid_open_set,2026,2,47,88038ead0c5e81a8,syn,False,uncertainty,9b58eb4ca28cad6b
MLP,hybrid_open_set,2026,2,48,3950186b05daca17,icmpbig,False,random,4ae2d078b50034c6
MLP,hybrid_open_set,2026,2,49,6dc1f98256a3de82,ackflood,False,random,ad5acaa8c9c1d3be
MLP,hybrid_open_set,2026,2,50,bf24e3a250790bd9,smurf,False,random,0c6529c04298f723
MLP,hybrid_open_set,2026,3,51,17ce9647e16b08b1,land,True,expansion,1fb8b2e54d539a4d
MLP,hybrid_open_set,2026,3,52,82fa8866970be43c,teardrop,True,expansion,9ad199805828433e
MLP,hybrid_open_set,2026,3,53,94724a2f63edaa35,synflood,False,expansion,57f645b96ea3394a
MLP,hybrid_open_set,2026,3,54,c91282e85bd70098,pingofdeath,False,expansion,8def8df6002e88c9
MLP,hybrid_open_set,2026,3,55,a47355aa9aec0fbd,teardrop,True,expansion,082750811da479ba
MLP,hybrid_open_set,2026,3,56,c8cf46b902410680,teardrop,True,expansion,a8d86269e5cbaa82
MLP,hybrid_open_set,2026,3,57,b355d9f919a8554f,teardrop,True,expansion,6cc22f93c62d8820
MLP,hybrid_open_set,2026,3,58,e12843b8c0b48381,benign,False,novelty,eb112a4ad4db1d35
MLP,hybrid_open_set,2026,3,59,dc58458c437475d8,ackflood,False,novelty,2a3a540acc0017f1
MLP,hybrid_open_set,2026,3,60,1299a1166a8f9aee,icmpflood,False,novelty,73e358e9bc1f3bf9
MLP,hybrid_open_set,2026,3,61,1b36ca5aada52e10,ackpflood,True,novelty,456c6c1c5604adc9
MLP,hybrid_open_set,2026,3,62,fd128d7419daec28,pingofdeath,False,novelty,97b1a2b42a8f87ec
MLP,hybrid_open_set,2026,3,63,9f4643092a104a5f,winnuke,False,novelty,4f495fb21fbfbba0
MLP,hybrid_open_set,2026,3,64,69254fea9a7520d2,tcpall,False,novelty,25df2cbec14f457e
MLP,hybrid_open_set,2026,3,65,deab260451635c11,benign,False,uncertainty,5777838def6d12b4
MLP,hybrid_open_set,2026,3,66,c814da02e7c77dd3,fraggle,False,uncertainty,8dee1464df987eed
MLP,hybrid_open_set,2026,3,67,92ebec58c3f926ca,winnuke,False,uncertainty,1012f30d0d5c6099
MLP,hybrid_open_set,2026,3,68,77b398b1394e4fe6,fraggle,False,uncertainty,6f4f7da9f9f2df49
MLP,hybrid_open_set,2026,3,69,623054976f9a533d,benign,False,uncertainty,587a26b32907c413
MLP,hybrid_open_set,2026,3,70,0480d424b5a178e9,benign,False,uncertainty,0afca7c6fbffbc36
MLP,hybrid_open_set,2026,3,71,4efbb387b9db9c54,benign,False,uncertainty,c59a69b2e40c0e03
MLP,hybrid_open_set,2026,3,72,c070996c4486cdc6,benign,False,uncertainty,728c532c6f8aebff
MLP,hybrid_open_set,2026,3,73,bc870c39f935074c,icmpbig,False,random,11ef2328aebbae9a
MLP,hybrid_open_set,2026,3,74,25184272a13890e1,tcp,False,random,041bf9c2b20075af
MLP,hybrid_open_set,2026,3,75,bf884a2df951e097,ackflood,False,random,9f46bb47034242e0
MLP,hybrid_open_set,2026,4,76,0f0d778f39b4c82f,teardrop,True,expansion,c11110b107945ad1
MLP,hybrid_open_set,2026,4,77,031c167fee941085,land,True,expansion,1fb8b2e54d539a4d
MLP,hybrid_open_set,2026,4,78,45325575536c99e6,ackpflood,True,expansion,102d8c4dd3732eee
MLP,hybrid_open_set,2026,4,79,d9fb5a148538c1db,ackflood,False,expansion,f690c16b26140051
MLP,hybrid_open_set,2026,4,80,c7d890507d23d499,ackpflood,True,expansion,bd510951eca832d9
MLP,hybrid_open_set,2026,4,81,fb848bbc5bc946a7,ackpflood,True,expansion,811ae939f0302bde
MLP,hybrid_open_set,2026,4,82,b9903f9ebef598df,ackpflood,True,expansion,a1cb362fa310338d
MLP,hybrid_open_set,2026,4,83,d5a6cd8437236aba,benign,False,novelty,1c9d260dfb092a11
MLP,hybrid_open_set,2026,4,84,c3178d0da38f4af5,icmpflood,False,novelty,9cd80ddd81f7afcf
MLP,hybrid_open_set,2026,4,85,df8a8f2d80186bb3,benign,False,novelty,1877380525324c3f
MLP,hybrid_open_set,2026,4,86,95ca40502f488fbd,ackflood,False,novelty,c7fdcd78559c3214
MLP,hybrid_open_set,2026,4,87,c52c91d91f687a89,benign,False,novelty,cc140ed153379037
MLP,hybrid_open_set,2026,4,88,bfeab9473ca2835d,ackpflood,True,novelty,4b0089386a1d46ec
MLP,hybrid_open_set,2026,4,89,cea79607e84bbe29,benign,False,novelty,e99a6e6275a13160
MLP,hybrid_open_set,2026,4,90,2d0ff1ef3529bd5a,icmpflood,False,uncertainty,f4f004dec7bcadc2
MLP,hybrid_open_set,2026,4,91,276c96233c7534be,tcp,False,uncertainty,8a0c3de433c4f985
MLP,hybrid_open_set,2026,4,92,b578a8cb0810f79a,winnuke,False,uncertainty,58a1160e8243529c
MLP,hybrid_open_set,2026,4,93,58c6670ed22314aa,tcpall,False,uncertainty,25df2cbec14f457e
MLP,hybrid_open_set,2026,4,94,b42de4056d878898,teardrop,True,uncertainty,8dee1464df987eed
MLP,hybrid_open_set,2026,4,95,e52242b71dc5c0bd,icmpflood,False,uncertainty,56ea63614efd9957
MLP,hybrid_open_set,2026,4,96,fd51a74bec7a0c93,ackflood,False,uncertainty,0af6cd813a409667
MLP,hybrid_open_set,2026,4,97,abbd133c3c0ab4e2,land,True,uncertainty,ccfb10c2ea227cb4
MLP,hybrid_open_set,2026,4,98,15124d476fbe877a,tcp,False,random,e6758366f807eff9
MLP,hybrid_open_set,2026,4,99,bc478f2b3bf81dc0,icmpbig,False,random,bf640f01d7d74bf6
MLP,hybrid_open_set,2026,4,100,9ca3a44f3feb077c,pingofdeath,False,random,a94c8f730c9dfc2a
MLP,hybrid_open_set,2026,5,101,5d92c71a4f7c7ddf,land,True,expansion,1fb8b2e54d539a4d
MLP,hybrid_open_set,2026,5,102,9a7f63a946780b52,teardrop,True,expansion,9ad199805828433e
MLP,hybrid_open_set,2026,5,103,dbf363fb2189acb4,ackflood,False,expansion,fcfcf5187227b732
MLP,hybrid_open_set,2026,5,104,c1e0d660bcc4bf70,ackpflood,True,expansion,fc60f500fd93cd5e
MLP,hybrid_open_set,2026,5,105,4d179ef1cb060724,ackflood,False,expansion,a97f8a7b42128c44
MLP,hybrid_open_set,2026,5,106,5d3e5df0467e12bf,teardrop,True,expansion,082750811da479ba
MLP,hybrid_open_set,2026,5,107,26f67a99a154d1fc,teardrop,True,expansion,a8d86269e5cbaa82
MLP,hybrid_open_set,2026,5,108,d4965b9c57022064,benign,False,novelty,d348cd54aeab6397
MLP,hybrid_open_set,2026,5,109,3dbd0853e6bcb43f,fraggle,False,novelty,b732b8a05bb4f1eb
MLP,hybrid_open_set,2026,5,110,260a030817fd56fe,fraggle,False,novelty,f70efc29754c793e
MLP,hybrid_open_set,2026,5,111,23e0efd89e8b01da,fraggle,False,novelty,0e9fcd4aa45aaec8
MLP,hybrid_open_set,2026,5,112,e3ab64b6f2d8a7b9,fraggle,False,novelty,29e8fc014fedb81a
MLP,hybrid_open_set,2026,5,113,a8bdc49086b0a59a,benign,False,novelty,e2bc1c69f591cda8
MLP,hybrid_open_set,2026,5,114,72cd4cbda16dd929,benign,False,novelty,0cd520afb09d1e06
MLP,hybrid_open_set,2026,5,115,177548c4d7ca6f92,winnuke,False,uncertainty,f5a48ddbf1c96c1f
MLP,hybrid_open_set,2026,5,116,03f61e322db7dc6f,benign,False,uncertainty,a0d6456301dba38d
MLP,hybrid_open_set,2026,5,117,ec95b2a517d2053e,benign,False,uncertainty,2b4bc04f86e14ac9
MLP,hybrid_open_set,2026,5,118,96fb645555b2f80c,benign,False,uncertainty,4acc2f0f7088915f
MLP,hybrid_open_set,2026,5,119,afe1345d8219b571,icmpflood,False,uncertainty,d32db3bbd07fe8d5
MLP,hybrid_open_set,2026,5,120,f42321d2ab9b59da,teardrop,True,uncertainty,8dee1464df987eed
MLP,hybrid_open_set,2026,5,121,cb6dd3039c347a9a,synflood,False,uncertainty,6c42715b027415c5
MLP,hybrid_open_set,2026,5,122,58c240f6f1b0b887,ackpflood,True,uncertainty,bd510951eca832d9
MLP,hybrid_open_set,2026,5,123,a277c707da531eae,tcp,False,random,429d233b7ff583c8
MLP,hybrid_open_set,2026,5,124,fb9aaa3dce0fb39f,icmpflood,False,random,2224cc2bced63c2c
MLP,hybrid_open_set,2026,5,125,da519aac353fec6b,icmpbig,False,random,11ef2328aebbae9a
MLP,hybrid_open_set,2026,6,126,730ed64c5b9c870b,land,True,expansion,1fb8b2e54d539a4d
MLP,hybrid_open_set,2026,6,127,e97acc5f090410fe,teardrop,True,expansion,c11110b107945ad1
MLP,hybrid_open_set,2026,6,128,c75a4b95573021c2,ackpflood,True,expansion,fc60f500fd93cd5e
MLP,hybrid_open_set,2026,6,129,c3791df79f125f0b,ackpflood,True,expansion,811ae939f0302bde
MLP,hybrid_open_set,2026,6,130,cf1b9a5985036ec1,teardrop,True,expansion,805a5a00e86b35ad
MLP,hybrid_open_set,2026,6,131,164158af5bb970ff,teardrop,True,expansion,a5f48e7ead46309b
MLP,hybrid_open_set,2026,6,132,20d22fa03cdcb7be,ackpflood,True,expansion,66a381e6377a153b
MLP,hybrid_open_set,2026,6,133,8d9d51d2a9ac9227,benign,False,novelty,9347acdf3633cbde
MLP,hybrid_open_set,2026,6,134,59e7db96b7f4bd04,benign,False,novelty,b44597ef51e1bb2e
MLP,hybrid_open_set,2026,6,135,73eb77d022c44f8a,synflood,False,novelty,3edac50acc1fbacd
MLP,hybrid_open_set,2026,6,136,6afdb5f373df8f5e,benign,False,novelty,a93305badcf82230
MLP,hybrid_open_set,2026,6,137,02e3720d9d4ee7ef,benign,False,novelty,74dadab1aff7e5b8
MLP,hybrid_open_set,2026,6,138,ff877c15006b03d8,benign,False,novelty,773bbb12a445d5c1
MLP,hybrid_open_set,2026,6,139,b91eb1c349aa2ee4,benign,False,novelty,c238d7a0fad59f66
MLP,hybrid_open_set,2026,6,140,ebb77de1e8349a46,icmpflood,False,uncertainty,4ff57072ca177ed5
MLP,hybrid_open_set,2026,6,141,40be20a2da1845cf,ackflood,False,uncertainty,9cc2b15f1ce7108f
MLP,hybrid_open_set,2026,6,142,07865c654d9bb140,tcp,False,uncertainty,8a0c3de433c4f985
MLP,hybrid_open_set,2026,6,143,20a5919d39c109bd,ackflood,False,uncertainty,4ff5de31a8fc501e
MLP,hybrid_open_set,2026,6,144,f1d3536167ec027b,smurf,False,uncertainty,8dee1464df987eed
MLP,hybrid_open_set,2026,6,145,8c20dd959516e353,benign,False,uncertainty,2275dcaa42616486
MLP,hybrid_open_set,2026,6,146,6022057997288fbf,benign,False,uncertainty,4d126dd5b0ee0af7
MLP,hybrid_open_set,2026,6,147,d44a502eb7367262,smurf,False,uncertainty,77b0253fe462c2ed
MLP,hybrid_open_set,2026,6,148,1e7e40242edcc1a6,synflood,False,random,5428ff63d319154b
MLP,hybrid_open_set,2026,6,149,5fe2bcc9d7476dfd,winnuke,False,random,dea873800fdc3619
MLP,hybrid_open_set,2026,6,150,96193fbb75debe86,pingofdeath,False,random,67faf8664f52f170
MLP,hybrid_open_set,2026,7,151,240e5da246e9b7c3,land,True,expansion,1fb8b2e54d539a4d
MLP,hybrid_open_set,2026,7,152,cf8e7748b577ca16,teardrop,True,expansion,9ad199805828433e
MLP,hybrid_open_set,2026,7,153,224a364aec182fb3,ackpflood,True,expansion,63de70e0886d565d
MLP,hybrid_open_set,2026,7,154,ff1a78a87285ae81,teardrop,True,expansion,a8d86269e5cbaa82
MLP,hybrid_open_set,2026,7,155,ed513733b204883f,teardrop,True,expansion,082750811da479ba
MLP,hybrid_open_set,2026,7,156,4ef436e98bf8e336,ackpflood,True,expansion,20b6148f5a616add
MLP,hybrid_open_set,2026,7,157,2524309ae1b2449e,ackpflood,True,expansion,cb6b9393aaabda7f
MLP,hybrid_open_set,2026,7,158,a8d61bd51ca9944d,benign,False,novelty,251479a9a3859c8f
MLP,hybrid_open_set,2026,7,159,bc214ff82501e9de,fraggle,False,novelty,e49760fad684d512
MLP,hybrid_open_set,2026,7,160,e72f7b0f674afe7d,ackflood,False,novelty,c75c044192512f69
MLP,hybrid_open_set,2026,7,161,a313a7b218ae1f57,benign,False,novelty,a69a8df489a4e5f7
MLP,hybrid_open_set,2026,7,162,737139d093ebb767,winnuke,False,novelty,37f942f11b64936d
MLP,hybrid_open_set,2026,7,163,664c3614a260b35e,ackflood,False,novelty,3f66f07604f63960
MLP,hybrid_open_set,2026,7,164,b1e673d9ed6a5092,smurf,False,novelty,8dee1464df987eed
MLP,hybrid_open_set,2026,7,165,186f437b1c776503,syn,False,uncertainty,9b58eb4ca28cad6b
MLP,hybrid_open_set,2026,7,166,4be31da419a7ac1b,tcp,False,uncertainty,8a0c3de433c4f985
MLP,hybrid_open_set,2026,7,167,bd379726d232b408,benign,False,uncertainty,5c2ac51eebd3cc03
MLP,hybrid_open_set,2026,7,168,691b6ebd74e413e5,smurf,False,uncertainty,7dce35bfc3ec1175
MLP,hybrid_open_set,2026,7,169,971ce6eaa3299a08,tcpall,False,uncertainty,25df2cbec14f457e
MLP,hybrid_open_set,2026,7,170,63366a4a14e56a50,tcpall,False,uncertainty,6d190f0ade234a41
MLP,hybrid_open_set,2026,7,171,fddb159c556193c0,ackflood,False,uncertainty,955c88b6397974f8
MLP,hybrid_open_set,2026,7,172,eb65d77d96317a81,benign,False,uncertainty,19bd72f5569f0827
MLP,hybrid_open_set,2026,7,173,d7b12b9b05006cad,icmpflood,False,random,154119a1d6ccad37
MLP,hybrid_open_set,2026,7,174,15eee928731f0707,pingofdeath,False,random,f3f03e44091b2883
MLP,hybrid_open_set,2026,7,175,301b2d7e831cabac,icmpbig,False,random,11ef2328aebbae9a
MLP,hybrid_open_set,2026,8,176,594cb869b5d43f05,land,True,expansion,1fb8b2e54d539a4d
MLP,hybrid_open_set,2026,8,177,2b0a744cf59fcea6,teardrop,True,expansion,9ad199805828433e
MLP,hybrid_open_set,2026,8,178,a569771137ed049c,ackpflood,True,expansion,fc60f500fd93cd5e
MLP,hybrid_open_set,2026,8,179,91ab724ccb6fcbaf,teardrop,True,expansion,082750811da479ba
MLP,hybrid_open_set,2026,8,180,16d6ee3b579f8b3d,ackpflood,True,expansion,102d8c4dd3732eee
MLP,hybrid_open_set,2026,8,181,cb6d31c9fdf60fce,ackpflood,True,expansion,4ba9144a7ee6a55a
MLP,hybrid_open_set,2026,8,182,61c7ba258d80047e,ackpflood,True,expansion,456c6c1c5604adc9
MLP,hybrid_open_set,2026,8,183,ac0e19680ac5d842,winnuke,False,novelty,42d595e3bc4f3e90
MLP,hybrid_open_set,2026,8,184,ffffe733b450dbe4,ackflood,False,novelty,b39b6ae5dda33531
MLP,hybrid_open_set,2026,8,185,f5ee9276a0c2a50a,icmpflood,False,novelty,29d6e55666b26cd2
MLP,hybrid_open_set,2026,8,186,d3c4b1cf92fe4784,fraggle,False,novelty,ddd3e19da6341a4e
MLP,hybrid_open_set,2026,8,187,2b6db00ee004bbc2,benign,False,novelty,9a3ff8f7e465d195
MLP,hybrid_open_set,2026,8,188,38b7081fff1555fa,benign,False,novelty,dbbab94299988428
MLP,hybrid_open_set,2026,8,189,32f67fb42585f138,benign,False,novelty,4355ef8590b67ead
MLP,hybrid_open_set,2026,8,190,87de4685ad39877a,tcp,False,uncertainty,e2b86fd22c5c2742
MLP,hybrid_open_set,2026,8,191,6ed69e2d52532d5f,tcp,False,uncertainty,8a0c3de433c4f985
MLP,hybrid_open_set,2026,8,192,3cc146279d35e1c4,tcpall,False,uncertainty,6d190f0ade234a41
MLP,hybrid_open_set,2026,8,193,920cf8f751f515d7,benign,False,uncertainty,5b85c70acc64a10f
MLP,hybrid_open_set,2026,8,194,e8c8a4d2446ebfe9,tcp,False,uncertainty,eab058deef3ef772
MLP,hybrid_open_set,2026,8,195,63c56871198bc248,winnuke,False,uncertainty,f8c81dec99bdf5dc
MLP,hybrid_open_set,2026,8,196,229ac7a6aebcb097,winnuke,False,uncertainty,256d698a34dc5bb8
MLP,hybrid_open_set,2026,8,197,72ad441d62f8f207,benign,False,uncertainty,4d126dd5b0ee0af7
MLP,hybrid_open_set,2026,8,198,5cafbf8cda6719f3,icmpbig,False,random,11ef2328aebbae9a
MLP,hybrid_open_set,2026,8,199,c221fa463ee2fe7b,tcpfin1,False,random,1a1695b4f63d38b9
MLP,hybrid_open_set,2026,8,200,d974b9d1f25276a1,pingofdeath,False,random,5ab98b26b42a58a2
MLP,hybrid_open_set,2026,9,201,db2bfc0c3d500839,land,True,expansion,1fb8b2e54d539a4d
MLP,hybrid_open_set,2026,9,202,95261b78a64e5b40,ackpflood,True,expansion,102d8c4dd3732eee
MLP,hybrid_open_set,2026,9,203,584474a7ed584ded,teardrop,True,expansion,9ad199805828433e
MLP,hybrid_open_set,2026,9,204,c9432c6883ac96bf,ackpflood,True,expansion,fc60f500fd93cd5e
MLP,hybrid_open_set,2026,9,205,209405c9b1b1f6eb,ackpflood,True,expansion,4ba9144a7ee6a55a
MLP,hybrid_open_set,2026,9,206,014c94f0a6b6e652,ackpflood,True,expansion,bd510951eca832d9
MLP,hybrid_open_set,2026,9,207,83f57aa5c7b6c429,ackpflood,True,expansion,4828fe515575125d
MLP,hybrid_open_set,2026,9,208,14836edfcbd7167e,benign,False,novelty,40d6ed21caec9998
MLP,hybrid_open_set,2026,9,209,871b60d75929f84f,icmpflood,False,novelty,b0c50a45c0530dda
MLP,hybrid_open_set,2026,9,210,e4b1b0b63f82e321,benign,False,novelty,e6e7170296a1d0ef
MLP,hybrid_open_set,2026,9,211,0c96a7e4c72e7728,benign,False,novelty,ca41d1829735f01e
MLP,hybrid_open_set,2026,9,212,fdfe92bdae6249bb,benign,False,novelty,39ab12a9f8d5bbcd
MLP,hybrid_open_set,2026,9,213,15b4296081081d2e,ackflood,False,novelty,ce0d27ba0c751858
MLP,hybrid_open_set,2026,9,214,3ad19fe1f23bde9b,benign,False,novelty,3bb8b5476249adf5
MLP,hybrid_open_set,2026,9,215,7d1106a5ea32956c,routeip,False,uncertainty,7480dec5eaacca58
MLP,hybrid_open_set,2026,9,216,1c4f305c2efcb168,syn,False,uncertainty,9b58eb4ca28cad6b
MLP,hybrid_open_set,2026,9,217,4fa26ab1928f55a2,smurf,False,uncertainty,8dee1464df987eed
MLP,hybrid_open_set,2026,9,218,62e2b627358c58d5,benign,False,uncertainty,665875127c6c88bb
MLP,hybrid_open_set,2026,9,219,4dede7f7bbe1fde8,benign,False,uncertainty,454a9a2c0b0293f0
MLP,hybrid_open_set,2026,9,220,e87d06fc3433486b,ackflood,False,uncertainty,a3fbb0c3d3caf19f
MLP,hybrid_open_set,2026,9,221,4bd353d117423d46,routeip,False,uncertainty,753bbc2687bc83bf
MLP,hybrid_open_set,2026,9,222,0ca09a911e5b65e5,synflood,False,uncertainty,3edac50acc1fbacd
MLP,hybrid_open_set,2026,9,223,4ae99c5c93adcddd,pingofdeath,False,random,48646c620727f2f5
MLP,hybrid_open_set,2026,9,224,e12e64bc193c9701,winnuke,False,random,7762cd63be0f4cae
MLP,hybrid_open_set,2026,9,225,c0a878d0d0c4a94f,icmpbig,False,random,734d7e997233e84a
MLP,hybrid_open_set,2026,10,226,edfa5bd4e69a608d,land,True,expansion,1fb8b2e54d539a4d
MLP,hybrid_open_set,2026,10,227,724e0dcc3147d35c,ackpflood,True,expansion,811ae939f0302bde
MLP,hybrid_open_set,2026,10,228,34ef218d4914b572,teardrop,True,expansion,9ad199805828433e
MLP,hybrid_open_set,2026,10,229,66c2993aa87ee09b,ackpflood,True,expansion,456c6c1c5604adc9
MLP,hybrid_open_set,2026,10,230,715d2b1324e1bf2c,ackpflood,True,expansion,fc60f500fd93cd5e
MLP,hybrid_open_set,2026,10,231,9fcb9df0c77ff753,ackpflood,True,expansion,102d8c4dd3732eee
MLP,hybrid_open_set,2026,10,232,b9f17992a5c4372e,ackpflood,True,expansion,bd510951eca832d9
MLP,hybrid_open_set,2026,10,233,002ecbb2bc497bd4,benign,False,novelty,31fd0473124334e3
MLP,hybrid_open_set,2026,10,234,8189bc62c0e61085,icmpflood,False,novelty,40ed18d30a3f3f94
MLP,hybrid_open_set,2026,10,235,10a1f797dfa03729,winnuke,False,novelty,5a4979de7de90249
MLP,hybrid_open_set,2026,10,236,396eebce8a6fdf7e,benign,False,novelty,dce4ea2982f3dc12
MLP,hybrid_open_set,2026,10,237,28ca73f79c047097,benign,False,novelty,eeb2f11648658228
MLP,hybrid_open_set,2026,10,238,e5465fde86e0e627,synflood,False,novelty,99b949009a70a290
MLP,hybrid_open_set,2026,10,239,8c947c02efa77d86,winnuke,False,novelty,8d2bec8c0a0a17b1
MLP,hybrid_open_set,2026,10,240,d9eb592e604a7c14,synflood,False,uncertainty,de544a9dc8d202f6
MLP,hybrid_open_set,2026,10,241,db5cf16757e3f526,ackflood,False,uncertainty,548f0407c957c7db
MLP,hybrid_open_set,2026,10,242,f123efd6d1ffa099,benign,False,uncertainty,709431a81deb4b83
MLP,hybrid_open_set,2026,10,243,4396e2152833d3e4,synflood,False,uncertainty,eff0439f258f3de5
MLP,hybrid_open_set,2026,10,244,5936064ba7c2ae60,benign,False,uncertainty,dca984e6c2ea660a
MLP,hybrid_open_set,2026,10,245,ca53ce942fdcc871,benign,False,uncertainty,accc4c31543128d1
MLP,hybrid_open_set,2026,10,246,77262f294f6b0321,benign,False,uncertainty,2afd633f5625408e
MLP,hybrid_open_set,2026,10,247,3e1c5ac6616fdf47,benign,False,uncertainty,29cc6703702bf350
MLP,hybrid_open_set,2026,10,248,8efc307b37c2e437,pingofdeath,False,random,598a8498b751c292
MLP,hybrid_open_set,2026,10,249,0e957fb02010fc3c,icmpbig,False,random,11ef2328aebbae9a
MLP,hybrid_open_set,2026,10,250,994d5560520cf8f9,tcp,False,random,f57f6b08bbeb7e92
MLP,hybrid_open_set,2026,11,251,93a076a2b99e7900,land,True,expansion,1fb8b2e54d539a4d
MLP,hybrid_open_set,2026,11,252,806be646fdfe2c20,teardrop,True,expansion,9ad199805828433e
MLP,hybrid_open_set,2026,11,253,4f123abfb8c3de90,ackpflood,True,expansion,102d8c4dd3732eee
MLP,hybrid_open_set,2026,11,254,864e883dd26e3d13,ackpflood,True,expansion,fc60f500fd93cd5e
MLP,hybrid_open_set,2026,11,255,b70b70f6465aff80,ackpflood,True,expansion,20b6148f5a616add
MLP,hybrid_open_set,2026,11,256,4e74cc271a2e6980,ackpflood,True,expansion,3596388066ad64ce
MLP,hybrid_open_set,2026,11,257,f47d2cf9198790d4,ackpflood,True,expansion,456c6c1c5604adc9
MLP,hybrid_open_set,2026,11,258,3c95dfee6c725b01,benign,False,novelty,d90a7ac7b82911c5
MLP,hybrid_open_set,2026,11,259,d2a4bde6de24e9b8,ackflood,False,novelty,809a50edbef35f28
MLP,hybrid_open_set,2026,11,260,34b19b5441760929,icmpflood,False,novelty,424831393bd84b19
MLP,hybrid_open_set,2026,11,261,51a2ad1917dae810,benign,False,novelty,29ee2dd9ad39e9e2
MLP,hybrid_open_set,2026,11,262,7f9738eb11fd2de5,benign,False,novelty,06c1b16514c005b3
MLP,hybrid_open_set,2026,11,263,9b74f11d44c75253,winnuke,False,novelty,73832a19c6f3d45a
MLP,hybrid_open_set,2026,11,264,774fe288cdfd1b75,benign,False,novelty,3bb8b5476249adf5
MLP,hybrid_open_set,2026,11,265,0ff71c4cece35b66,smurf,False,uncertainty,8dee1464df987eed
MLP,hybrid_open_set,2026,11,266,3464b608d5f78027,tcp,False,uncertainty,b591e7d985b4e445
MLP,hybrid_open_set,2026,11,267,371e0c8d8eea7bd7,syn,False,uncertainty,9b58eb4ca28cad6b
MLP,hybrid_open_set,2026,11,268,8905b499a71533c3,fraggle,False,uncertainty,d64ebe3024c9d111
MLP,hybrid_open_set,2026,11,269,1a37eec336fd523c,ackflood,False,uncertainty,7f51c6253943bc74
MLP,hybrid_open_set,2026,11,270,f7810415e1a4604d,tcpall,False,uncertainty,6d190f0ade234a41
MLP,hybrid_open_set,2026,11,271,858b1d04af34ffb4,benign,False,uncertainty,1c7c3b042d741cf2
MLP,hybrid_open_set,2026,11,272,8ffef71be51a4461,benign,False,uncertainty,03a29583a98a67d3
MLP,hybrid_open_set,2026,11,273,8ddb09924662261c,icmpbig,False,random,11ef2328aebbae9a
MLP,hybrid_open_set,2026,11,274,aae5af36b1a01e21,pingofdeath,False,random,ef04f45f5ae4f7e2
MLP,hybrid_open_set,2026,11,275,743c8ed9420cc181,tcpfin1,False,random,1a1695b4f63d38b9
MLP,hybrid_open_set,2026,12,276,db8c331bc2009103,land,True,expansion,1fb8b2e54d539a4d
MLP,hybrid_open_set,2026,12,277,f8dd2ab24f35c439,teardrop,True,expansion,9ad199805828433e
MLP,hybrid_open_set,2026,12,278,47b8b1b5277e483f,ackpflood,True,expansion,b53c88af2976916d
MLP,hybrid_open_set,2026,12,279,e29444f45c1fb4c3,teardrop,True,expansion,082750811da479ba
MLP,hybrid_open_set,2026,12,280,fa8dcc1b2134010e,ackpflood,True,expansion,fc60f500fd93cd5e
MLP,hybrid_open_set,2026,12,281,4aa0303aff0fc979,ackpflood,True,expansion,102d8c4dd3732eee
MLP,hybrid_open_set,2026,12,282,34427163e7c7056b,ackpflood,True,expansion,4bb765e024664e6e
MLP,hybrid_open_set,2026,12,283,ca5ca60c326e7824,benign,False,novelty,9fdedf2a858f86d4
MLP,hybrid_open_set,2026,12,284,b250c5cf71658bb7,icmpflood,False,novelty,fe63ef14dc6ade7f
MLP,hybrid_open_set,2026,12,285,06de08b60d9040ea,ackflood,False,novelty,64a66b98e9f10c7f
MLP,hybrid_open_set,2026,12,286,20269a637e818bb6,benign,False,novelty,a93305badcf82230
MLP,hybrid_open_set,2026,12,287,86baaddd7d2d388c,synflood,False,novelty,3f922bf9130791f9
MLP,hybrid_open_set,2026,12,288,e80f8a56c78974d9,benign,False,novelty,48786b9df9541494
MLP,hybrid_open_set,2026,12,289,33af5a45964e4ebd,fraggle,False,novelty,8dee1464df987eed
MLP,hybrid_open_set,2026,12,290,177251a275611877,routeip,False,uncertainty,7480dec5eaacca58
MLP,hybrid_open_set,2026,12,291,634b23a6259979c6,tcpall,False,uncertainty,6d190f0ade234a41
MLP,hybrid_open_set,2026,12,292,c477c318f6e27423,benign,False,uncertainty,19bd72f5569f0827
MLP,hybrid_open_set,2026,12,293,7dc8dc0c0ff3e67b,tcpall,False,uncertainty,25df2cbec14f457e
MLP,hybrid_open_set,2026,12,294,3b7398039a834f80,routeip,False,uncertainty,753bbc2687bc83bf
MLP,hybrid_open_set,2026,12,295,82e0b622eaddc215,tcp,False,uncertainty,cd64136aeecc4532
MLP,hybrid_open_set,2026,12,296,d6e771b83ef48e9d,routeip,False,uncertainty,56239d2baf50ff43
MLP,hybrid_open_set,2026,12,297,93d51a79743b008e,tcpall,False,uncertainty,34ef57a4eef0d472
MLP,hybrid_open_set,2026,12,298,4771f08996bd9ce5,synflood,False,random,08577b792dff8f2d
MLP,hybrid_open_set,2026,12,299,639531cb2171ac80,tcpfin1,False,random,d430fed83df690c0
MLP,hybrid_open_set,2026,12,300,ff9bd8704e2b07f6,fraggle,False,random,be7206713e55be20
MLP,random,31415,1,1,1f6fec732bc49406,teardrop,True,random,f48deb88188adc11
MLP,random,31415,1,2,bdee5dbcf2d8b8c5,ackflood,False,random,c473f0d654afad63
MLP,random,31415,1,3,6e18c6f66c2879d8,icmpbig,False,random,11ef2328aebbae9a
MLP,random,31415,1,4,031fe2c652e21b3c,pingofdeath,False,random,972b8806a96cb638
MLP,random,31415,1,5,06a4cfd7358c15ea,tcpall,False,random,6d190f0ade234a41
MLP,random,31415,1,6,69b24ed52b27982c,synflood,False,random,ddaa6e8a5f6b0ad8
MLP,random,31415,1,7,9c5f185b2a6dbe91,fraggle,False,random,add455247e14b58f
MLP,random,31415,1,8,ad733f5cc94b604f,ackflood,False,random,d70241206e1b961c
MLP,random,31415,1,9,d937cc17a43b08aa,ackflood,False,random,43bc1a078d30907f
MLP,random,31415,1,10,612e17017a7253dd,icmpflood,False,random,42aac8b4eb1a4f58
MLP,random,31415,1,11,5fe2116b656d9c82,smurf,False,random,4614ba434a2c3470
MLP,random,31415,1,12,1876ccae978d2094,tcp,False,random,041bf9c2b20075af
MLP,random,31415,1,13,fdf01860e9cc72b2,ackflood,False,random,375706e3c87f9a71
MLP,random,31415,1,14,aa63cd3b4e101961,teardrop,True,random,f3a9ca77aa994aa6
MLP,random,31415,1,15,cb150d4d131c2c2e,fraggle,False,random,31339063f76812c2
MLP,random,31415,1,16,1703fc7ab09cd8d6,teardrop,True,random,c467981fa0a38bdc
MLP,random,31415,1,17,6328440f14a6a308,smurf,False,random,4fa0d6254c9cf7c8
MLP,random,31415,1,18,8296ffd59aae8942,icmpflood,False,random,62210e255f2d92f6
MLP,random,31415,1,19,22b8a8ac4fec2ffb,synflood,False,random,f4efa23870b784d1
MLP,random,31415,1,20,0bb84a4a4765cad1,ackflood,False,random,ff9763faa295915f
MLP,random,31415,1,21,1fccbc15f1a158f3,routeip,False,random,753bbc2687bc83bf
MLP,random,31415,1,22,3d427ca7b7397c96,tcp,False,random,041bf9c2b20075af
MLP,random,31415,1,23,7626d74c0cbd1ae9,benign,False,random,0a214e13c983032e
MLP,random,31415,1,24,644a7ad996246f14,icmpflood,False,random,0154d078c9a97f53
MLP,random,31415,1,25,f35e4bb7bedfbece,fraggle,False,random,add455247e14b58f
MLP,random,31415,2,26,35442eff35937ecc,fraggle,False,random,5d82b706517eb931
MLP,random,31415,2,27,24d0b8da50d3123e,icmpbig,False,random,4ae2d078b50034c6
MLP,random,31415,2,28,b0ac31368a20b013,tcpfin1,False,random,1a1695b4f63d38b9
MLP,random,31415,2,29,68e8ee3ef063530e,tcpall,False,random,25df2cbec14f457e
MLP,random,31415,2,30,78b8896d70f238cc,teardrop,True,random,9ad199805828433e
MLP,random,31415,2,31,0c52e93fbf8c0d3d,pingofdeath,False,random,2b239fe9e28f5902
MLP,random,31415,2,32,b57f09eeb34417c2,ackflood,False,random,821fabf5b78d3cd3
MLP,random,31415,2,33,7d8b95fb03e4c52d,synflood,False,random,9a51a03c51ef26d4
MLP,random,31415,2,34,4f891af998885f62,icmpflood,False,random,24b3540d86e5a98c
MLP,random,31415,2,35,34d72b64a0508cb8,icmpflood,False,random,185627a7cef083bb
MLP,random,31415,2,36,011da907c1faa5b8,land,True,random,1fb8b2e54d539a4d
MLP,random,31415,2,37,86fedfee4c14b999,synflood,False,random,6db1d125e06bedd8
MLP,random,31415,2,38,2e13632a71ff489b,tcp,False,random,270dd1a8adf0d6e3
MLP,random,31415,2,39,454b9a4df49bc354,pingofdeath,False,random,74e57f29f6fd91a5
MLP,random,31415,2,40,9f48d24f5f184a11,ackflood,False,random,479bd1a0a6cffb92
MLP,random,31415,2,41,e9791591720fceca,benign,False,random,f0948557f91e3bfd
MLP,random,31415,2,42,988016835d3d253e,tcp,False,random,609b2f411f37b70a
MLP,random,31415,2,43,005a631e606a0a14,smurf,False,random,f4df15c8bbacd8da
MLP,random,31415,2,44,ab43175b15bd2ef3,pingofdeath,False,random,85e2b4e7c0cf3c7f
MLP,random,31415,2,45,c11c6179b0b5dc54,teardrop,True,random,7409c11e289a47aa
MLP,random,31415,2,46,a96de0df74d128cf,fraggle,False,random,e9c5ad826faf87f5
MLP,random,31415,2,47,a4a3f9ebe55cad57,benign,False,random,f89cc093fed9b8b0
MLP,random,31415,2,48,640c54d3658ab6cc,syn,False,random,91a24eb6dfa53e45
MLP,random,31415,2,49,8dd465fe6d5fd5f0,smurf,False,random,0c6529c04298f723
MLP,random,31415,2,50,db730f5b5ad9d363,icmpbig,False,random,bf640f01d7d74bf6
MLP,random,31415,3,51,eb1225ee9d5c8fb0,benign,False,random,709431a81deb4b83
MLP,random,31415,3,52,e40d94b73718229f,icmpflood,False,random,8b8d12bcbb884e94
MLP,random,31415,3,53,a3b6e0117994c766,ackflood,False,random,057ed8cc5ca43cbc
MLP,random,31415,3,54,abc68dbf4b5f6c43,pingofdeath,False,random,c7404c80d6875d81
MLP,random,31415,3,55,615992eb751a6d75,icmpbig,False,random,bf640f01d7d74bf6
MLP,random,31415,3,56,fee73c153856117a,tcp,False,random,8a0c3de433c4f985
MLP,random,31415,3,57,8ff0979cd8ea79d3,tcpall,False,random,b768a355945e3c39
MLP,random,31415,3,58,953160633e43b29f,icmpbig,False,random,bf640f01d7d74bf6
MLP,random,31415,3,59,7c759ecc77d8fc68,icmpflood,False,random,eba1897b1c6caa90
MLP,random,31415,3,60,93bd8ca9c62d8c33,benign,False,random,0bb2a48ca97906d1
MLP,random,31415,3,61,534c382260dde96f,smurf,False,random,0c6529c04298f723
MLP,random,31415,3,62,f8938808ce29f61e,syn,False,random,e1c7428d5bdc3169
MLP,random,31415,3,63,21d83047bb3ed104,icmpbig,False,random,0d44d07bf6c3a3d7
MLP,random,31415,3,64,d15d2b4d8b25754f,tcpall,False,random,6d190f0ade234a41
MLP,random,31415,3,65,b1b5fc72ab444568,smurf,False,random,431faed7471d0139
MLP,random,31415,3,66,e331ddc1fd985bd0,routeip,False,random,7480dec5eaacca58
MLP,random,31415,3,67,344f81fc2fac7d80,pingofdeath,False,random,453b58f5b0bee4f2
MLP,random,31415,3,68,9f36693480c55689,tcp,False,random,66ee22db9c6bf1e5
MLP,random,31415,3,69,a6229547e8b27a2b,tcp,False,random,ab4c6c054d87c9d5
MLP,random,31415,3,70,4c7831b67b1b1876,ackpflood,True,random,811ae939f0302bde
MLP,random,31415,3,71,dbb7380425f51122,ackpflood,True,random,456c6c1c5604adc9
MLP,random,31415,3,72,eecedfe09b7ad04e,benign,False,random,51864c99dab8c318
MLP,random,31415,3,73,a98d0eb0ea50031d,pingofdeath,False,random,859978164315bfc5
MLP,random,31415,3,74,1cac98a47b7347ab,synflood,False,random,2b98e0f313025673
MLP,random,31415,3,75,9f16f5b21912729a,tcpall,False,random,25df2cbec14f457e
MLP,random,31415,4,76,efe8c86062978f98,syn,False,random,1f970c937f152aa7
MLP,random,31415,4,77,a19a36661d1c8fd0,tcpfin1,False,random,3c0b38c8dbf829f2
MLP,random,31415,4,78,8f4056e8f8650917,smurf,False,random,5074e463ae1ff129
MLP,random,31415,4,79,7020ff098f2c8e62,tcpall,False,random,6d190f0ade234a41
MLP,random,31415,4,80,6d8c624eb049bb31,benign,False,random,a318be9799421a51
MLP,random,31415,4,81,b9afe046e1660288,pingofdeath,False,random,8e43e89eb2841412
MLP,random,31415,4,82,d25d201dd5ea770b,smurf,False,random,5074e463ae1ff129
MLP,random,31415,4,83,512258be8afa4284,syn,False,random,e1c7428d5bdc3169
MLP,random,31415,4,84,b32ce934b4d6f628,smurf,False,random,4614ba434a2c3470
MLP,random,31415,4,85,85d9ba1a10c2ce41,routeip,False,random,753bbc2687bc83bf
MLP,random,31415,4,86,56d8c95f26429cc1,icmpbig,False,random,bf640f01d7d74bf6
MLP,random,31415,4,87,d57d52ba5323205a,ackflood,False,random,91a751c58fb86c3b
MLP,random,31415,4,88,a95947d08dddf012,teardrop,True,random,295e6b7bf677498a
MLP,random,31415,4,89,f4f00bb32320046f,smurf,False,random,502a72700cfe0186
MLP,random,31415,4,90,b5fe5daf4439f998,synflood,False,random,ab4ec89ba9d50e24
MLP,random,31415,4,91,bd1c9aa12e579501,smurf,False,random,5074e463ae1ff129
MLP,random,31415,4,92,c6e8d645505ef2d8,pingofdeath,False,random,7e79647a80fcb4e2
MLP,random,31415,4,93,3a1e0f94c0e99bf3,routeip,False,random,7480dec5eaacca58
MLP,random,31415,4,94,0e07eb6d2c3f043b,routeip,False,random,753bbc2687bc83bf
MLP,random,31415,4,95,08e1a2d847765862,synflood,False,random,74fc6c27c273eee5
MLP,random,31415,4,96,36ead04180a6a91f,pingofdeath,False,random,568a672df975062f
MLP,random,31415,4,97,699e5745086c931c,icmpbig,False,random,11ef2328aebbae9a
MLP,random,31415,4,98,a488e41d864667dd,pingofdeath,False,random,11cbb2daef6f6fdf
MLP,random,31415,4,99,e7a52d41ff342f13,fraggle,False,random,b64eb1170e43d14e
MLP,random,31415,4,100,8febc23adbe466e1,pingofdeath,False,random,4ffcafab13303c7d
MLP,random,31415,5,101,8bd0ae77c1bb3cc4,routeip,False,random,753bbc2687bc83bf
MLP,random,31415,5,102,dde43e27ba8ba07c,teardrop,True,random,c467981fa0a38bdc
MLP,random,31415,5,103,8af21c95833e3efd,icmpbig,False,random,11ef2328aebbae9a
MLP,random,31415,5,104,9d9e8503d914b8f5,tcp,False,random,eab058deef3ef772
MLP,random,31415,5,105,5d504383f83f57db,syn,False,random,9b58eb4ca28cad6b
MLP,random,31415,5,106,93a5c4470f86aa65,ackflood,False,random,1e7b3ee6fc2e9603
MLP,random,31415,5,107,bdacb4ad2a3e35c3,tcp,False,random,f57f6b08bbeb7e92
MLP,random,31415,5,108,fb3d0ae93b788072,tcp,False,random,761777b58d5a76ad
MLP,random,31415,5,109,cca2bf3956e8f1ae,ackflood,False,random,bcc8361b92e4378b
MLP,random,31415,5,110,7074d3a5afe30a6f,synflood,False,random,b2a98b435be94dac
MLP,random,31415,5,111,e6635af21bf3cee2,routeip,False,random,753bbc2687bc83bf
MLP,random,31415,5,112,918e28794fa46ff7,ackflood,False,random,04d990c106e8df8d
MLP,random,31415,5,113,af7dd6a0b4ae293c,icmpflood,False,random,0c9d4c22f83734c9
MLP,random,31415,5,114,fef1a0fd91ba35bd,ackpflood,True,random,811ae939f0302bde
MLP,random,31415,5,115,d1d6a75f53978b3e,benign,False,random,3f0ed79ae61b8206
MLP,random,31415,5,116,26ff14a8e3aecf94,benign,False,random,2eea8e33a603cd42
MLP,random,31415,5,117,86e94a2206505265,winnuke,False,random,410bcc024f654308
MLP,random,31415,5,118,a002528c581dfb3b,tcp,False,random,ef0542b9fa15660a
MLP,random,31415,5,119,a9d7da0e8e880d41,winnuke,False,random,0541563abf895aec
MLP,random,31415,5,120,8e3fc4c61bded2e8,teardrop,True,random,47f813adaf2ee0cf
MLP,random,31415,5,121,ef1294c445f9b699,synflood,False,random,9bbf9290c3fe1118
MLP,random,31415,5,122,41112374f8b2d4c5,routeip,False,random,753bbc2687bc83bf
MLP,random,31415,5,123,acf4a61ee21415c9,winnuke,False,random,cbc1442465cb63d2
MLP,random,31415,5,124,76109d620ab808b2,icmpbig,False,random,11ef2328aebbae9a
MLP,random,31415,5,125,24d532e79f47cec4,pingofdeath,False,random,27f8d5f3c02d28e1
MLP,random,31415,6,126,1edfc3323909772a,tcp,False,random,4da4e2ec5e248502
MLP,random,31415,6,127,95b76aac17338a84,tcpall,False,random,25df2cbec14f457e
MLP,random,31415,6,128,0536f0161cf121f2,routeip,False,random,753bbc2687bc83bf
MLP,random,31415,6,129,602103fec11544bd,tcpfin1,False,random,1a1695b4f63d38b9
MLP,random,31415,6,130,fee6af44e98e6ed3,synflood,False,random,e6c6a18a8d709a14
MLP,random,31415,6,131,468d8011d24a49cd,routeip,False,random,dabc063a26814dbc
MLP,random,31415,6,132,f263d4c4744a0bde,teardrop,True,random,f48deb88188adc11
MLP,random,31415,6,133,b804f87cc0788f8e,ackpflood,True,random,456c6c1c5604adc9
MLP,random,31415,6,134,8a231c709be8c0bf,tcp,False,random,20728b55be28c7ad
MLP,random,31415,6,135,c141d39be8b8d6ca,smurf,False,random,5abdfe35de26a909
MLP,random,31415,6,136,2b77296f3029d032,fraggle,False,random,add455247e14b58f
MLP,random,31415,6,137,2a5fd5f06cb9024c,synflood,False,random,32157103057e5ee3
MLP,random,31415,6,138,b6eff049b723933d,benign,False,random,dadd3f697783d936
MLP,random,31415,6,139,2cc4201b4941459c,winnuke,False,random,0541563abf895aec
MLP,random,31415,6,140,4776121b13cbc874,benign,False,random,f7c5a8ca224dbbd6
MLP,random,31415,6,141,0d09c38d15e9d6ae,smurf,False,random,7a0f26ba532cc489
MLP,random,31415,6,142,83a85fe8efac5e5a,tcp,False,random,4da4e2ec5e248502
MLP,random,31415,6,143,914c885fae3c426a,winnuke,False,random,0541563abf895aec
MLP,random,31415,6,144,53c05a4a94407523,pingofdeath,False,random,788523788fb4db2b
MLP,random,31415,6,145,c6a3e700420d3b0d,tcpfin1,False,random,3da3facffa0f3564
MLP,random,31415,6,146,ecd5d2c2ff6f0399,benign,False,random,587a26b32907c413
MLP,random,31415,6,147,c503c842e0d8a248,fraggle,False,random,add455247e14b58f
MLP,random,31415,6,148,bbbe3c74fb30da07,smurf,False,random,3e9394b05a6c9bde
MLP,random,31415,6,149,9e2804a8e057ba80,syn,False,random,9b58eb4ca28cad6b
MLP,random,31415,6,150,cc1ad40d86321114,syn,False,random,9b58eb4ca28cad6b
MLP,random,31415,7,151,63fe465a4ed70fbb,smurf,False,random,d997b1c9d0cf219b
MLP,random,31415,7,152,b07cc1fa603013d1,fraggle,False,random,5034e5ea57497093
MLP,random,31415,7,153,1d130ef8f31e283a,tcpall,False,random,34ef57a4eef0d472
MLP,random,31415,7,154,dce51d038ecca648,syn,False,random,91a24eb6dfa53e45
MLP,random,31415,7,155,5f4c7d2db9de7e1f,ackflood,False,random,375706e3c87f9a71
MLP,random,31415,7,156,5f9e1b537c0099b6,synflood,False,random,d5b778b0f845c89a
MLP,random,31415,7,157,7dacd078ce808a90,synflood,False,random,fe43b1f044b4f68f
MLP,random,31415,7,158,bc63e9afe9da0f6f,routeip,False,random,7480dec5eaacca58
MLP,random,31415,7,159,939c45e3376fbf8a,tcpfin1,False,random,3da3facffa0f3564
MLP,random,31415,7,160,6ce258a12a218898,tcpfin1,False,random,3da3facffa0f3564
MLP,random,31415,7,161,c65d450d0d30a4fd,icmpflood,False,random,e04bd5af7fce780e
MLP,random,31415,7,162,62768f8318399fd5,winnuke,False,random,7d51cac6cee735b5
MLP,random,31415,7,163,c610335451bec744,land,True,random,1fb8b2e54d539a4d
MLP,random,31415,7,164,73607543761a67b2,teardrop,True,random,7409c11e289a47aa
MLP,random,31415,7,165,925a17229d0b0563,synflood,False,random,60614af22415ad59
MLP,random,31415,7,166,e74577385bec34c9,synflood,False,random,74fc6c27c273eee5
MLP,random,31415,7,167,42e398d7342e2976,winnuke,False,random,0541563abf895aec
MLP,random,31415,7,168,2a25dd784904c7b6,icmpflood,False,random,eba1897b1c6caa90
MLP,random,31415,7,169,617effd49d817e59,winnuke,False,random,0541563abf895aec
MLP,random,31415,7,170,743fcfc2a53a13cb,pingofdeath,False,random,b23d7a00cb1b5cd0
MLP,random,31415,7,171,0308d7d1ca40782a,fraggle,False,random,add455247e14b58f
MLP,random,31415,7,172,c1fb5a988bdf56d7,tcpfin1,False,random,3da3facffa0f3564
MLP,random,31415,7,173,64365b23c57d776b,fraggle,False,random,31339063f76812c2
MLP,random,31415,7,174,b399ae6b0a94b45f,icmpflood,False,random,115e4272d4eeb02e
MLP,random,31415,7,175,e9a00c93078eaa0e,winnuke,False,random,410bcc024f654308
MLP,random,31415,8,176,04afdd601e6c8909,smurf,False,random,0c6529c04298f723
MLP,random,31415,8,177,740f16d966129124,icmpflood,False,random,86cbcd29c1a0caec
MLP,random,31415,8,178,c5f96b9711da50fe,icmpbig,False,random,11ef2328aebbae9a
MLP,random,31415,8,179,efee20e3118bffe4,icmpflood,False,random,1e473fac722d652b
MLP,random,31415,8,180,39f74976850293ce,tcp,False,random,965b7aeaadad8c08
MLP,random,31415,8,181,85e0e4d5cf174ef1,tcp,False,random,66ee22db9c6bf1e5
MLP,random,31415,8,182,a56281127ad8151a,routeip,False,random,dabc063a26814dbc
MLP,random,31415,8,183,524b0975d6b0000a,tcpall,False,random,6d190f0ade234a41
MLP,random,31415,8,184,4571eabadccd5b6a,benign,False,random,eb112a4ad4db1d35
MLP,random,31415,8,185,b3e0a1795ee15166,fraggle,False,random,579d736edc011386
MLP,random,31415,8,186,e8f8722591afe2ba,icmpbig,False,random,bf640f01d7d74bf6
MLP,random,31415,8,187,da998c52acb31775,icmpflood,False,random,73e358e9bc1f3bf9
MLP,random,31415,8,188,a2b104b296c751a9,fraggle,False,random,c17c98136ce15895
MLP,random,31415,8,189,3bb089441b3b8a54,ackflood,False,random,0723eaa8df5aacf6
MLP,random,31415,8,190,45d2614d04d927a3,pingofdeath,False,random,6c968b0b493c8cff
MLP,random,31415,8,191,f250310768e5935f,tcpall,False,random,25df2cbec14f457e
MLP,random,31415,8,192,8471f758b29f4ffc,routeip,False,random,753bbc2687bc83bf
MLP,random,31415,8,193,4c01444e1a4e75ac,smurf,False,random,b873637c61f6e122
MLP,random,31415,8,194,4ea76d464ee679fe,winnuke,False,random,0541563abf895aec
MLP,random,31415,8,195,4b51b1d50933f62e,icmpbig,False,random,11ef2328aebbae9a
MLP,random,31415,8,196,603901fc19d6e912,tcpall,False,random,25df2cbec14f457e
MLP,random,31415,8,197,ec0382956bce8f03,teardrop,True,random,47f813adaf2ee0cf
MLP,random,31415,8,198,56e8235d06c3230f,icmpflood,False,random,2196a909b270f9ea
MLP,random,31415,8,199,2329929f06dad2fb,icmpbig,False,random,11ef2328aebbae9a
MLP,random,31415,8,200,30838e1f49f9b3cf,routeip,False,random,7480dec5eaacca58
MLP,random,31415,9,201,a6c7fafa4bf9249b,icmpbig,False,random,bf640f01d7d74bf6
MLP,random,31415,9,202,c5aaa999a406660a,icmpflood,False,random,075e1bef7fb56df8
MLP,random,31415,9,203,f640bf4cdb223924,icmpbig,False,random,734d7e997233e84a
MLP,random,31415,9,204,ec530ccb91eb0f2a,pingofdeath,False,random,832327d2bb794dec
MLP,random,31415,9,205,775179685948ac1d,winnuke,False,random,0541563abf895aec
MLP,random,31415,9,206,a3e6f104c2b14395,tcp,False,random,66ee22db9c6bf1e5
MLP,random,31415,9,207,aa375f72336550f1,syn,False,random,91a24eb6dfa53e45
MLP,random,31415,9,208,5605f43487a7be95,tcp,False,random,1084ff896fa95aab
MLP,random,31415,9,209,11ff4f9cc6eae22f,icmpflood,False,random,4c9e0370c07a8339
MLP,random,31415,9,210,0287c288394e32fe,pingofdeath,False,random,d2a3cfe1160c2ba6
MLP,random,31415,9,211,533c3cdf834de973,tcp,False,random,4da4e2ec5e248502
MLP,random,31415,9,212,30b673b59909a817,winnuke,False,random,0541563abf895aec
MLP,random,31415,9,213,8c8c667cfce232db,winnuke,False,random,03feff61a0475f32
MLP,random,31415,9,214,7941497c2695119f,ackflood,False,random,f8cba5697937110c
MLP,random,31415,9,215,8658a19289f97e2f,tcp,False,random,1084ff896fa95aab
MLP,random,31415,9,216,a53510dcc569cc19,icmpflood,False,random,a42f8cb07a65154e
MLP,random,31415,9,217,8f71ed89bf85400f,tcp,False,random,b591e7d985b4e445
MLP,random,31415,9,218,8f0b77517971a00d,icmpbig,False,random,11ef2328aebbae9a
MLP,random,31415,9,219,096892a3c87b1070,tcpall,False,random,f487d01518b04483
MLP,random,31415,9,220,e25264fd11389fed,smurf,False,random,d835387b7576ae2c
MLP,random,31415,9,221,e3fd6d26c4478bb0,ackflood,False,random,4355ef8590b67ead
MLP,random,31415,9,222,42d8ba9d3ac42680,pingofdeath,False,random,0a79fbbd87f0af56
MLP,random,31415,9,223,fd1f73501e191faf,land,True,random,11ca897764624b71
MLP,random,31415,9,224,5fa1226fb1cc6080,pingofdeath,False,random,fdfd31f0874ffe00
MLP,random,31415,9,225,bec7b85aa0bd26b4,syn,False,random,91a24eb6dfa53e45
MLP,random,31415,10,226,03cfc0723a68eac6,benign,False,random,95defcb7f911fecd
MLP,random,31415,10,227,bbf11e8a10898846,fraggle,False,random,e703b1ef2fbb0212
MLP,random,31415,10,228,f9580c249dda06b4,fraggle,False,random,5034e5ea57497093
MLP,random,31415,10,229,73f91b241fc5c72a,icmpbig,False,random,bf640f01d7d74bf6
MLP,random,31415,10,230,cfbd948a97a6f43f,icmpbig,False,random,bf640f01d7d74bf6
MLP,random,31415,10,231,05c8844146704ca4,benign,False,random,a58aaac0e1e96b44
MLP,random,31415,10,232,bf205d7accf61d08,routeip,False,random,7480dec5eaacca58
MLP,random,31415,10,233,3ff6c3d7246a2c3b,benign,False,random,59097f3a0f0db565
MLP,random,31415,10,234,90ad7377ec217b8f,pingofdeath,False,random,bda13f66cb11fcdf
MLP,random,31415,10,235,459ede2b5fa0025b,syn,False,random,91a24eb6dfa53e45
MLP,random,31415,10,236,57f172b1f3f40b7a,pingofdeath,False,random,0955e603ae891def
MLP,random,31415,10,237,cde87999acfbab80,synflood,False,random,d12b6d97bdd50642
MLP,random,31415,10,238,c2357aa804c606af,icmpflood,False,random,968102c9fdb61a70
MLP,random,31415,10,239,e643c3ae8a6254c9,teardrop,True,random,5bc4c1106c05ca18
MLP,random,31415,10,240,bc6aa1c829e0e4bc,tcpfin1,False,random,3da3facffa0f3564
MLP,random,31415,10,241,56cfe641c78ab95d,tcpfin1,False,random,3da3facffa0f3564
MLP,random,31415,10,242,ec804e99b45c285f,syn,False,random,91a24eb6dfa53e45
MLP,random,31415,10,243,d1214be121766be3,land,True,random,1fb8b2e54d539a4d
MLP,random,31415,10,244,dbd6d77a6bbfb62c,synflood,False,random,2b98e0f313025673
MLP,random,31415,10,245,6e08fc09f3e52d9e,tcpall,False,random,25df2cbec14f457e
MLP,random,31415,10,246,ffffe733b450dbe4,ackflood,False,random,b39b6ae5dda33531
MLP,random,31415,10,247,c934312f6fccf378,pingofdeath,False,random,1ac7cb990f422f34
MLP,random,31415,10,248,b8f904bddc5459d1,fraggle,False,random,dfe9d116fd351d70
MLP,random,31415,10,249,5ee54797d84bafc4,tcp,False,random,1dbaada03a343f6d
MLP,random,31415,10,250,5b11ac48e6ab8e84,pingofdeath,False,random,8f21796984db6823
MLP,random,31415,11,251,74d7e043289f74e2,tcp,False,random,3cfae88868a8518e
MLP,random,31415,11,252,37b8d67b34f7079e,synflood,False,random,2758c9d1858b9c82
MLP,random,31415,11,253,0c0cec2772495825,syn,False,random,9b58eb4ca28cad6b
MLP,random,31415,11,254,6b0ed8eebad1930a,winnuke,False,random,0541563abf895aec
MLP,random,31415,11,255,bef76fd39b88e8a1,routeip,False,random,56239d2baf50ff43
MLP,random,31415,11,256,7855b8723f47d883,pingofdeath,False,random,788523788fb4db2b
MLP,random,31415,11,257,93c7e130c9bcf7d8,synflood,False,random,32e495f0bc06c218
MLP,random,31415,11,258,4f5ea1c29878b31d,smurf,False,random,4614ba434a2c3470
MLP,random,31415,11,259,211dd5f655f57b5a,tcp,False,random,8a0c3de433c4f985
MLP,random,31415,11,260,ea2e3a211040b84e,smurf,False,random,a308417f193109ef
MLP,random,31415,11,261,eb0fcd90375a9364,syn,False,random,91a24eb6dfa53e45
MLP,random,31415,11,262,1d4bba49f37f76f2,icmpbig,False,random,bf640f01d7d74bf6
MLP,random,31415,11,263,9f3d017c1d709cad,tcp,False,random,8a0c3de433c4f985
MLP,random,31415,11,264,a69d3ea8fff48b40,smurf,False,random,5c2860410a71cff3
MLP,random,31415,11,265,1af03285985eb9d1,tcp,False,random,041bf9c2b20075af
MLP,random,31415,11,266,103f79189ce4e4b7,synflood,False,random,e6c6a18a8d709a14
MLP,random,31415,11,267,2c334afd0ff47ea7,tcpfin1,False,random,d430fed83df690c0
MLP,random,31415,11,268,eab6bc6a98342664,synflood,False,random,b2a98b435be94dac
MLP,random,31415,11,269,4f3a5e4333375044,routeip,False,random,753bbc2687bc83bf
MLP,random,31415,11,270,164ac96ca7c84e04,syn,False,random,91a24eb6dfa53e45
MLP,random,31415,11,271,943a41948a8e04a0,tcp,False,random,90fd74b0affb5fa2
MLP,random,31415,11,272,21d824128b5ed81a,tcp,False,random,761777b58d5a76ad
MLP,random,31415,11,273,2e46fd1918e8ea7f,syn,False,random,9b58eb4ca28cad6b
MLP,random,31415,11,274,33e6b69c9d81c4cd,tcp,False,random,00136c523ef9a2bf
MLP,random,31415,11,275,86d49ab4883f9d40,fraggle,False,random,31339063f76812c2
MLP,random,31415,12,276,6f3e833893ba7d80,routeip,False,random,753bbc2687bc83bf
MLP,random,31415,12,277,4d17167601583bd5,teardrop,True,random,c11110b107945ad1
MLP,random,31415,12,278,bfc7505db7221090,icmpflood,False,random,61d2bcc733191d8b
MLP,random,31415,12,279,7254fc9d0b9565fb,benign,False,random,da4c560eb24ac82a
MLP,random,31415,12,280,46c1f76209f3a023,pingofdeath,False,random,8dd76d1cbbc38dfe
MLP,random,31415,12,281,8af2bf837682bc81,ackflood,False,random,79598b094c4a22a8
MLP,random,31415,12,282,d642fda4b13807fd,smurf,False,random,3086e9fb4b491225
MLP,random,31415,12,283,f33e868b373c09bb,icmpbig,False,random,bf640f01d7d74bf6
MLP,random,31415,12,284,fa8805351f9a80cd,tcpfin1,False,random,1a1695b4f63d38b9
MLP,random,31415,12,285,8b51e51b01a680fb,syn,False,random,1f970c937f152aa7
MLP,random,31415,12,286,1580ded8178d0a95,routeip,False,random,753bbc2687bc83bf
MLP,random,31415,12,287,ee435bc3e5520adc,pingofdeath,False,random,7588e68873032002
MLP,random,31415,12,288,613aa674dd513ebd,pingofdeath,False,random,4897d869f753d5d6
MLP,random,31415,12,289,14c8de45d03eebd1,icmpbig,False,random,bf640f01d7d74bf6
MLP,random,31415,12,290,10a1f797dfa03729,winnuke,False,random,5a4979de7de90249
MLP,random,31415,12,291,45f689fedb7ceeb4,teardrop,True,random,74a345693602c106
MLP,random,31415,12,292,e4d51955722e72c7,syn,False,random,9b58eb4ca28cad6b
MLP,random,31415,12,293,a241a2c483b96fec,syn,False,random,1f970c937f152aa7
MLP,random,31415,12,294,952a5249e493f5b1,benign,False,random,b107abca7185dfb2
MLP,random,31415,12,295,426b4d23253f1138,routeip,False,random,7480dec5eaacca58
MLP,random,31415,12,296,5b6b51128e3bff2a,winnuke,False,random,0541563abf895aec
MLP,random,31415,12,297,7ab9409547006181,land,True,random,1fb8b2e54d539a4d
MLP,random,31415,12,298,13858c42a6eedd4b,tcpall,False,random,6d190f0ade234a41
MLP,random,31415,12,299,326a933cbbf173ba,tcpall,False,random,c946f18387edcc93
MLP,random,31415,12,300,0f79107ad82fc3d5,tcpall,False,random,25df2cbec14f457e
MLP,uncertainty,31415,1,1,882e31548f951f31,routeip,False,uncertainty,e9b6245ed6428809
MLP,uncertainty,31415,1,2,abbd133c3c0ab4e2,land,True,uncertainty,ccfb10c2ea227cb4
MLP,uncertainty,31415,1,3,de9443a9cc96b18d,fraggle,False,uncertainty,f43d2e5bb0b91202
MLP,uncertainty,31415,1,4,bd379726d232b408,benign,False,uncertainty,5c2ac51eebd3cc03
MLP,uncertainty,31415,1,5,d92b68b5096cc374,land,True,uncertainty,1fb8b2e54d539a4d
MLP,uncertainty,31415,1,6,58fa8ff7212e80f9,land,True,uncertainty,11ca897764624b71
MLP,uncertainty,31415,1,7,94998211bd79c624,benign,False,uncertainty,f43d2e5bb0b91202
MLP,uncertainty,31415,1,8,0f7c27d3f451dfb6,land,True,uncertainty,1fb8b2e54d539a4d
MLP,uncertainty,31415,1,9,32056ea12709f649,land,True,uncertainty,1fb8b2e54d539a4d
MLP,uncertainty,31415,1,10,9d5d65e66b9e76fd,land,True,uncertainty,1fb8b2e54d539a4d
MLP,uncertainty,31415,1,11,86fd9dfeaede2bed,land,True,uncertainty,1fb8b2e54d539a4d
MLP,uncertainty,31415,1,12,fb7766f54caf18fc,land,True,uncertainty,1fb8b2e54d539a4d
MLP,uncertainty,31415,1,13,fd73b9c58e0e41a8,land,True,uncertainty,1fb8b2e54d539a4d
MLP,uncertainty,31415,1,14,b69010c56eb3916d,land,True,uncertainty,1fb8b2e54d539a4d
MLP,uncertainty,31415,1,15,00a312751d884573,land,True,uncertainty,11ca897764624b71
MLP,uncertainty,31415,1,16,cc9866900a0620b9,land,True,uncertainty,1fb8b2e54d539a4d
MLP,uncertainty,31415,1,17,2f12e27d3e469e3a,land,True,uncertainty,1fb8b2e54d539a4d
MLP,uncertainty,31415,1,18,a9473dead9f23f68,land,True,uncertainty,11ca897764624b71
MLP,uncertainty,31415,1,19,17a32b7804686ad8,land,True,uncertainty,1fb8b2e54d539a4d
MLP,uncertainty,31415,1,20,5025a628f7fabd06,land,True,uncertainty,1fb8b2e54d539a4d
MLP,uncertainty,31415,1,21,aa21184b4c2a490d,land,True,uncertainty,1fb8b2e54d539a4d
MLP,uncertainty,31415,1,22,ad231f0d8d32fcdd,land,True,uncertainty,1fb8b2e54d539a4d
MLP,uncertainty,31415,1,23,64fbc51e99190c18,benign,False,uncertainty,29e8fc014fedb81a
MLP,uncertainty,31415,1,24,ad0efd4d489a7655,land,True,uncertainty,1fb8b2e54d539a4d
MLP,uncertainty,31415,1,25,bb438b6a64f7f76d,land,True,uncertainty,11ca897764624b71
MLP,uncertainty,31415,2,26,708856d01333c64e,syn,False,uncertainty,eb1511166537477c
MLP,uncertainty,31415,2,27,c814da02e7c77dd3,fraggle,False,uncertainty,8dee1464df987eed
MLP,uncertainty,31415,2,28,0f398402a953d82d,benign,False,uncertainty,709431a81deb4b83
MLP,uncertainty,31415,2,29,b42de4056d878898,teardrop,True,uncertainty,8dee1464df987eed
MLP,uncertainty,31415,2,30,a252083cc6747eee,benign,False,uncertainty,95defcb7f911fecd
MLP,uncertainty,31415,2,31,b964f083226ec6ae,benign,False,uncertainty,29cc6703702bf350
MLP,uncertainty,31415,2,32,049a7e9426e635ba,benign,False,uncertainty,113a46e9f303ab17
MLP,uncertainty,31415,2,33,e2486dd8ce5500c4,benign,False,uncertainty,3aa6c1455743dfbf
MLP,uncertainty,31415,2,34,50976dc6bf0e71ff,ackflood,False,uncertainty,4b0089386a1d46ec
MLP,uncertainty,31415,2,35,2211ca82cb1636dc,benign,False,uncertainty,95defcb7f911fecd
MLP,uncertainty,31415,2,36,8b9a4e94ddc92ed3,benign,False,uncertainty,dca984e6c2ea660a
MLP,uncertainty,31415,2,37,26ab06d4a448ac39,benign,False,uncertainty,430f65a62d5e6af7
MLP,uncertainty,31415,2,38,1e6cb0b7d1073d4e,benign,False,uncertainty,fb388d8dbb5b1050
MLP,uncertainty,31415,2,39,3ce032a02bd1bf41,benign,False,uncertainty,accc4c31543128d1
MLP,uncertainty,31415,2,40,f66cae99881c04fe,benign,False,uncertainty,95defcb7f911fecd
MLP,uncertainty,31415,2,41,de5183fd26d3be91,benign,False,uncertainty,fb388d8dbb5b1050
MLP,uncertainty,31415,2,42,ebb3c18cecb64a16,benign,False,uncertainty,430f65a62d5e6af7
MLP,uncertainty,31415,2,43,8871242ff3045164,benign,False,uncertainty,83e5023cb470ee1e
MLP,uncertainty,31415,2,44,8f8fdfaea426eb34,benign,False,uncertainty,430f65a62d5e6af7
MLP,uncertainty,31415,2,45,be093109e7b45365,benign,False,uncertainty,a4ceefc76172556b
MLP,uncertainty,31415,2,46,b2a6ba063dfd9c9b,smurf,False,uncertainty,91a3370d77012f8a
MLP,uncertainty,31415,2,47,19f29307b09c6e8f,benign,False,uncertainty,29cc6703702bf350
MLP,uncertainty,31415,2,48,0fd553f831ec26f1,benign,False,uncertainty,accc4c31543128d1
MLP,uncertainty,31415,2,49,b7e0e51f97c0b677,benign,False,uncertainty,430f65a62d5e6af7
MLP,uncertainty,31415,2,50,3b032e627f91658a,benign,False,uncertainty,e211abd85dc820ee
MLP,uncertainty,31415,3,51,3bb2e1c9eeace4f8,icmpflood,False,uncertainty,414b96fbbd01c62d
MLP,uncertainty,31415,3,52,6239d3f69c73c627,fraggle,False,uncertainty,a288afd0cf82b7e0
MLP,uncertainty,31415,3,53,cea79607e84bbe29,benign,False,uncertainty,e99a6e6275a13160
MLP,uncertainty,31415,3,54,94724a2f63edaa35,synflood,False,uncertainty,57f645b96ea3394a
MLP,uncertainty,31415,3,55,9a01e7e68cb550f8,benign,False,uncertainty,6a1ab7cc7b631ae0
MLP,uncertainty,31415,3,56,add1b1a9de8e44fc,benign,False,uncertainty,12f5dc781ba2b524
MLP,uncertainty,31415,3,57,24b7b66546f1c075,ackflood,False,uncertainty,6d7f56a3f314dab8
MLP,uncertainty,31415,3,58,bb77f6364d263463,syn,False,uncertainty,fe7c3cf12bf1b9ed
MLP,uncertainty,31415,3,59,c8ff3d3726a9253f,benign,False,uncertainty,29e8fc014fedb81a
MLP,uncertainty,31415,3,60,1ad6d78b18feac48,tcp,False,uncertainty,38f5eac31aa5a3a8
MLP,uncertainty,31415,3,61,a35dfdbb3e2e74d9,fraggle,False,uncertainty,89a9ded50a0ddfca
MLP,uncertainty,31415,3,62,89270c80e2d61649,benign,False,uncertainty,c1657b18b21011b2
MLP,uncertainty,31415,3,63,cd498af86dd82ec3,benign,False,uncertainty,02d39623ca8105d3
MLP,uncertainty,31415,3,64,0506c3f75dbc40a2,benign,False,uncertainty,a9725501bb249177
MLP,uncertainty,31415,3,65,0480d424b5a178e9,benign,False,uncertainty,0afca7c6fbffbc36
MLP,uncertainty,31415,3,66,5dbb9d7c6e48066f,tcp,False,uncertainty,1e164be85ffb711e
MLP,uncertainty,31415,3,67,8609841e0c00298e,tcp,False,uncertainty,b7fb993d5309177f
MLP,uncertainty,31415,3,68,0394a01882eb96c7,benign,False,uncertainty,4c5395c15431505f
MLP,uncertainty,31415,3,69,2dbf4bacd5c1fca4,syn,False,uncertainty,6407d7ec4d6128a0
MLP,uncertainty,31415,3,70,b1fd9e3cc1cf92b6,benign,False,uncertainty,aa2454f61a6647dd
MLP,uncertainty,31415,3,71,d95942f765a30d13,tcp,False,uncertainty,a21762d34e57e5d3
MLP,uncertainty,31415,3,72,1db7eb641088292f,fraggle,False,uncertainty,0e97058d9ab8e995
MLP,uncertainty,31415,3,73,dd3d7f0d3c2d6991,benign,False,uncertainty,09378433123151e8
MLP,uncertainty,31415,3,74,8af72e8664723fa7,benign,False,uncertainty,9347acdf3633cbde
MLP,uncertainty,31415,3,75,07dc21d7d3b70fd2,benign,False,uncertainty,0cd520afb09d1e06
MLP,uncertainty,31415,4,76,133171c58216e0bf,benign,False,uncertainty,efd283da96ba28d3
MLP,uncertainty,31415,4,77,9206fa4cf36b750d,benign,False,uncertainty,80b48f4cd277d383
MLP,uncertainty,31415,4,78,df8a8f2d80186bb3,benign,False,uncertainty,1877380525324c3f
MLP,uncertainty,31415,4,79,f909545958acceaf,benign,False,uncertainty,ddd3e19da6341a4e
MLP,uncertainty,31415,4,80,62e2b627358c58d5,benign,False,uncertainty,665875127c6c88bb
MLP,uncertainty,31415,4,81,d3fde55c515f0369,fraggle,False,uncertainty,ddd3e19da6341a4e
MLP,uncertainty,31415,4,82,c988d7d97855eb31,benign,False,uncertainty,ca41d1829735f01e
MLP,uncertainty,31415,4,83,72d66f335dcc3ec8,fraggle,False,uncertainty,767deb28f373c08c
MLP,uncertainty,31415,4,84,b405acf8ecde3385,benign,False,uncertainty,ddd3e19da6341a4e
MLP,uncertainty,31415,4,85,fe866a4621f0ecdc,fraggle,False,uncertainty,e47f93de2de9e5d7
MLP,uncertainty,31415,4,86,925102ff739e574f,benign,False,uncertainty,f61586e7f154590d
MLP,uncertainty,31415,4,87,0c7e27cede94a83d,benign,False,uncertainty,ddd3e19da6341a4e
MLP,uncertainty,31415,4,88,b170e244329bd410,fraggle,False,uncertainty,ddd3e19da6341a4e
MLP,uncertainty,31415,4,89,f2190687ed729e29,benign,False,uncertainty,5cc2dd94211444f9
MLP,uncertainty,31415,4,90,6bbefeb5f00eb089,benign,False,uncertainty,c238d7a0fad59f66
MLP,uncertainty,31415,4,91,b2f65703aed8b1db,icmpbig,False,uncertainty,8dee1464df987eed
MLP,uncertainty,31415,4,92,18396e39851284f9,fraggle,False,uncertainty,58dbcf0c231c6870
MLP,uncertainty,31415,4,93,e33f7ae3f0f46a12,benign,False,uncertainty,728c532c6f8aebff
MLP,uncertainty,31415,4,94,d516a6ae86b6e2c8,benign,False,uncertainty,a56169f967bfe521
MLP,uncertainty,31415,4,95,0dfd011e87ffe1c0,fraggle,False,uncertainty,dfe9d116fd351d70
MLP,uncertainty,31415,4,96,002ecbb2bc497bd4,benign,False,uncertainty,31fd0473124334e3
MLP,uncertainty,31415,4,97,596a5754d9a5f612,fraggle,False,uncertainty,f61586e7f154590d
MLP,uncertainty,31415,4,98,28dbae50689b8e49,benign,False,uncertainty,5777838def6d12b4
MLP,uncertainty,31415,4,99,a8d61bd51ca9944d,benign,False,uncertainty,251479a9a3859c8f
MLP,uncertainty,31415,4,100,6b9e572bb7e0b573,fraggle,False,uncertainty,9f2915b8ae07ff0a
MLP,uncertainty,31415,5,101,bfeab9473ca2835d,ackpflood,True,uncertainty,4b0089386a1d46ec
MLP,uncertainty,31415,5,102,73eb77d022c44f8a,synflood,False,uncertainty,3edac50acc1fbacd
MLP,uncertainty,31415,5,103,c91282e85bd70098,pingofdeath,False,uncertainty,8def8df6002e88c9
MLP,uncertainty,31415,5,104,32f67fb42585f138,benign,False,uncertainty,4355ef8590b67ead
MLP,uncertainty,31415,5,105,931f67331944d031,benign,False,uncertainty,2b4bc04f86e14ac9
MLP,uncertainty,31415,5,106,ef850fc14c773b19,benign,False,uncertainty,4aed5a33f2ad08fe
MLP,uncertainty,31415,5,107,3ad19fe1f23bde9b,benign,False,uncertainty,3bb8b5476249adf5
MLP,uncertainty,31415,5,108,fddb159c556193c0,ackflood,False,uncertainty,955c88b6397974f8
MLP,uncertainty,31415,5,109,dcfd673dbcc28836,routeip,False,uncertainty,753bbc2687bc83bf
MLP,uncertainty,31415,5,110,0f7b19d3a4972ec4,benign,False,uncertainty,8debd0824a747e10
MLP,uncertainty,31415,5,111,f8dde1480265276a,winnuke,False,uncertainty,decd98c001b312c1
MLP,uncertainty,31415,5,112,6ad9ebba52843db9,benign,False,uncertainty,8debd0824a747e10
MLP,uncertainty,31415,5,113,0089e3e38b16c370,benign,False,uncertainty,6f9deb649c629366
MLP,uncertainty,31415,5,114,d5f42979dd49a556,ackflood,False,uncertainty,e8349f9b32d48274
MLP,uncertainty,31415,5,115,c292d5138aed28dd,benign,False,uncertainty,3b9d155d2bb2bfda
MLP,uncertainty,31415,5,116,379576a41c5b88fd,synflood,False,uncertainty,e7000593c3dc2f16
MLP,uncertainty,31415,5,117,114f31dd6d815f4b,routeip,False,uncertainty,b71dc100eb642b93
MLP,uncertainty,31415,5,118,774fe288cdfd1b75,benign,False,uncertainty,3bb8b5476249adf5
MLP,uncertainty,31415,5,119,08f0307bbbe8e3fa,benign,False,uncertainty,2b4bc04f86e14ac9
MLP,uncertainty,31415,5,120,c085affd7b68a2c6,benign,False,uncertainty,2b4bc04f86e14ac9
MLP,uncertainty,31415,5,121,fd51a74bec7a0c93,ackflood,False,uncertainty,0af6cd813a409667
MLP,uncertainty,31415,5,122,880745990f051720,benign,False,uncertainty,2b4bc04f86e14ac9
MLP,uncertainty,31415,5,123,1e721c8a7488bbfc,benign,False,uncertainty,3b541d78c11a2ddd
MLP,uncertainty,31415,5,124,a637743572fd8e39,routeip,False,uncertainty,753bbc2687bc83bf
MLP,uncertainty,31415,5,125,aefba5dc6e5af83d,benign,False,uncertainty,07c4bf40245b985e
MLP,uncertainty,31415,6,126,108f2bb4b299b0c6,syn,False,uncertainty,9b58eb4ca28cad6b
MLP,uncertainty,31415,6,127,2346e007cce546fa,benign,False,uncertainty,80b48f4cd277d383
MLP,uncertainty,31415,6,128,429c3ac42862d59f,routeip,False,uncertainty,874b3ea3d487c33d
MLP,uncertainty,31415,6,129,2dbfcbbb9697373e,syn,False,uncertainty,9b58eb4ca28cad6b
MLP,uncertainty,31415,6,130,186f437b1c776503,syn,False,uncertainty,9b58eb4ca28cad6b
MLP,uncertainty,31415,6,131,83a1867ad7dfa1eb,routeip,False,uncertainty,f7bede44f92b40de
MLP,uncertainty,31415,6,132,ee1faf291df154ff,syn,False,uncertainty,9b58eb4ca28cad6b
MLP,uncertainty,31415,6,133,5a2fbabec589e4da,syn,False,uncertainty,9b58eb4ca28cad6b
MLP,uncertainty,31415,6,134,e7fcc43571fd0c6b,syn,False,uncertainty,9b58eb4ca28cad6b
MLP,uncertainty,31415,6,135,20269a637e818bb6,benign,False,uncertainty,a93305badcf82230
MLP,uncertainty,31415,6,136,cebfed887bb11777,benign,False,uncertainty,1aa21722f6a57080
MLP,uncertainty,31415,6,137,a7a6959a499e9277,winnuke,False,uncertainty,8d2bec8c0a0a17b1
MLP,uncertainty,31415,6,138,4e068bac2133ba57,syn,False,uncertainty,9b58eb4ca28cad6b
MLP,uncertainty,31415,6,139,644ddddda959e6df,ackpflood,True,uncertainty,bd510951eca832d9
MLP,uncertainty,31415,6,140,fba7a3e28014e955,benign,False,uncertainty,5cc2dd94211444f9
MLP,uncertainty,31415,6,141,cf219dc01b5a0f44,pingofdeath,False,uncertainty,8dee1464df987eed
MLP,uncertainty,31415,6,142,d03c5bf3fdc75cd9,syn,False,uncertainty,9b58eb4ca28cad6b
MLP,uncertainty,31415,6,143,04bc9a1a62576c92,syn,False,uncertainty,9b58eb4ca28cad6b
MLP,uncertainty,31415,6,144,371e0c8d8eea7bd7,syn,False,uncertainty,9b58eb4ca28cad6b
MLP,uncertainty,31415,6,145,54cf938ba4a968a7,benign,False,uncertainty,2c00b56bb206171a
MLP,uncertainty,31415,6,146,32eb3035509e91a4,routeip,False,uncertainty,d23350d7699c607e
MLP,uncertainty,31415,6,147,ca5ca60c326e7824,benign,False,uncertainty,9fdedf2a858f86d4
MLP,uncertainty,31415,6,148,d25ce50f21f56850,fraggle,False,uncertainty,00590a63c69b896e
MLP,uncertainty,31415,6,149,7122e642a279f7c0,syn,False,uncertainty,9b58eb4ca28cad6b
MLP,uncertainty,31415,6,150,a72de92f912858e3,syn,False,uncertainty,6b84a0e61a2680c1
MLP,uncertainty,31415,7,151,9aea22b82273e0b2,ackpflood,True,uncertainty,fc60f500fd93cd5e
MLP,uncertainty,31415,7,152,a14fba59daf3160a,ackflood,False,uncertainty,62edec7f537fb122
MLP,uncertainty,31415,7,153,b2f69541bedf2ab2,ackpflood,True,uncertainty,811ae939f0302bde
MLP,uncertainty,31415,7,154,f47d2cf9198790d4,ackpflood,True,uncertainty,456c6c1c5604adc9
MLP,uncertainty,31415,7,155,6e6da78b1ab91a20,ackpflood,True,uncertainty,4bb765e024664e6e
MLP,uncertainty,31415,7,156,e5e1a05f82cc5c97,ackpflood,True,uncertainty,bd510951eca832d9
MLP,uncertainty,31415,7,157,1af076bc8f186e34,ackpflood,True,uncertainty,3596388066ad64ce
MLP,uncertainty,31415,7,158,d14c077c4ca3935a,ackpflood,True,uncertainty,811ae939f0302bde
MLP,uncertainty,31415,7,159,a5162503e02847e7,ackpflood,True,uncertainty,811ae939f0302bde
MLP,uncertainty,31415,7,160,51ff705cba7670fd,ackpflood,True,uncertainty,bd510951eca832d9
MLP,uncertainty,31415,7,161,cb6d31c9fdf60fce,ackpflood,True,uncertainty,4ba9144a7ee6a55a
MLP,uncertainty,31415,7,162,3548b8d4f2f87605,ackpflood,True,uncertainty,4bb765e024664e6e
MLP,uncertainty,31415,7,163,8905b499a71533c3,fraggle,False,uncertainty,d64ebe3024c9d111
MLP,uncertainty,31415,7,164,13f443dc88020d24,ackpflood,True,uncertainty,bd510951eca832d9
MLP,uncertainty,31415,7,165,fef1a0fd91ba35bd,ackpflood,True,uncertainty,811ae939f0302bde
MLP,uncertainty,31415,7,166,330afac55b61f679,ackpflood,True,uncertainty,e913946de0fe1ff8
MLP,uncertainty,31415,7,167,b804f87cc0788f8e,ackpflood,True,uncertainty,456c6c1c5604adc9
MLP,uncertainty,31415,7,168,a8496ded2d816fca,benign,False,uncertainty,e1a46cfd513b89a2
MLP,uncertainty,31415,7,169,66c2993aa87ee09b,ackpflood,True,uncertainty,456c6c1c5604adc9
MLP,uncertainty,31415,7,170,0d41ca399cb7e882,ackpflood,True,uncertainty,a1cb362fa310338d
MLP,uncertainty,31415,7,171,18c7b7d3f07be0fb,ackpflood,True,uncertainty,811ae939f0302bde
MLP,uncertainty,31415,7,172,8a03b178c2835382,ackpflood,True,uncertainty,fc60f500fd93cd5e
MLP,uncertainty,31415,7,173,2709dc8113f5b47f,ackpflood,True,uncertainty,a1cb362fa310338d
MLP,uncertainty,31415,7,174,a31ba1ee8b0683fa,ackpflood,True,uncertainty,4bb765e024664e6e
MLP,uncertainty,31415,7,175,caf850fda1804129,ackpflood,True,uncertainty,811ae939f0302bde
MLP,uncertainty,31415,8,176,0985528301472117,ackflood,False,uncertainty,24bc129ea328abef
MLP,uncertainty,31415,8,177,3786bb4ef0003ae4,ackflood,False,uncertainty,a3fbb0c3d3caf19f
MLP,uncertainty,31415,8,178,e344d45c317e72e0,ackflood,False,uncertainty,70c3f9bc53331a58
MLP,uncertainty,31415,8,179,fc9ff3351c6a11da,ackflood,False,uncertainty,bb6eff2b21bdb85b
MLP,uncertainty,31415,8,180,635683bff40d093a,ackflood,False,uncertainty,a3fbb0c3d3caf19f
MLP,uncertainty,31415,8,181,ca1313c191b3ffa8,ackflood,False,uncertainty,70c3f9bc53331a58
MLP,uncertainty,31415,8,182,217935a624c01832,ackflood,False,uncertainty,691bc31b7b8bd7ba
MLP,uncertainty,31415,8,183,cabdb27b4298d8fd,ackflood,False,uncertainty,24bc129ea328abef
MLP,uncertainty,31415,8,184,f399b780c66ac2a7,ackflood,False,uncertainty,70c3f9bc53331a58
MLP,uncertainty,31415,8,185,66b9915b35928f1e,ackflood,False,uncertainty,e1930b0d070d6377
MLP,uncertainty,31415,8,186,36356d80511b2988,ackflood,False,uncertainty,916554f35b67fa9a
MLP,uncertainty,31415,8,187,1480c41cbacdca83,ackflood,False,uncertainty,5b46b5845f645c38
MLP,uncertainty,31415,8,188,1453c1a7eae42190,ackflood,False,uncertainty,a0d6456301dba38d
MLP,uncertainty,31415,8,189,569bb4c9134815e3,ackflood,False,uncertainty,daaf64ac6e183760
MLP,uncertainty,31415,8,190,ddd673ba7161bfdb,ackflood,False,uncertainty,353f76aaf31cb525
MLP,uncertainty,31415,8,191,8590c549d3755bdb,ackflood,False,uncertainty,353f76aaf31cb525
MLP,uncertainty,31415,8,192,4aa0b3763b85c8e1,synflood,False,uncertainty,4ab6d6bb4e016169
MLP,uncertainty,31415,8,193,6b3082efbabf2522,ackflood,False,uncertainty,5b46b5845f645c38
MLP,uncertainty,31415,8,194,971c440d306f1382,ackflood,False,uncertainty,5b46b5845f645c38
MLP,uncertainty,31415,8,195,c0ebaa42659fb2cb,ackflood,False,uncertainty,7016edd27ed81e4d
MLP,uncertainty,31415,8,196,b2321afeffd55578,ackflood,False,uncertainty,05771019d42a1cc0
MLP,uncertainty,31415,8,197,69254fea9a7520d2,tcpall,False,uncertainty,25df2cbec14f457e
MLP,uncertainty,31415,8,198,a9a190b25cd2ce10,ackflood,False,uncertainty,673f5ca20ba9a712
MLP,uncertainty,31415,8,199,7324a37e276d84b5,ackflood,False,uncertainty,a0d6456301dba38d
MLP,uncertainty,31415,8,200,5d2376a5920124d4,ackflood,False,uncertainty,916554f35b67fa9a
MLP,uncertainty,31415,9,201,3dbd0853e6bcb43f,fraggle,False,uncertainty,b732b8a05bb4f1eb
MLP,uncertainty,31415,9,202,4fa26ab1928f55a2,smurf,False,uncertainty,8dee1464df987eed
MLP,uncertainty,31415,9,203,672764312a49a3a6,tcp,False,uncertainty,57eca39e0d266170
MLP,uncertainty,31415,9,204,a8bdc49086b0a59a,benign,False,uncertainty,e2bc1c69f591cda8
MLP,uncertainty,31415,9,205,b41913fd11722122,benign,False,uncertainty,5f4c7ba49bfc005a
MLP,uncertainty,31415,9,206,f42321d2ab9b59da,teardrop,True,uncertainty,8dee1464df987eed
MLP,uncertainty,31415,9,207,b2afb214e0f5ee82,routeip,False,uncertainty,fe7c3cf12bf1b9ed
MLP,uncertainty,31415,9,208,33af5a45964e4ebd,fraggle,False,uncertainty,8dee1464df987eed
MLP,uncertainty,31415,9,209,a3f6137f69ee0d6e,benign,False,uncertainty,41a48522f4e5a91e
MLP,uncertainty,31415,9,210,4a67577f37289d5e,benign,False,uncertainty,dadd3f697783d936
MLP,uncertainty,31415,9,211,c6e58140fa4c90a1,benign,False,uncertainty,d82a8a71201201e0
MLP,uncertainty,31415,9,212,8fd5ed92deb484a0,benign,False,uncertainty,928b0194cc28822f
MLP,uncertainty,31415,9,213,74d716ee363170e0,benign,False,uncertainty,9347acdf3633cbde
MLP,uncertainty,31415,9,214,621fe97d4e17afb7,benign,False,uncertainty,5777838def6d12b4
MLP,uncertainty,31415,9,215,ac57cd14ee0ff21a,fraggle,False,uncertainty,a288afd0cf82b7e0
MLP,uncertainty,31415,9,216,e82a7ce62ef206f8,benign,False,uncertainty,928b0194cc28822f
MLP,uncertainty,31415,9,217,a313a7b218ae1f57,benign,False,uncertainty,a69a8df489a4e5f7
MLP,uncertainty,31415,9,218,2be22d2411603cb1,tcp,False,uncertainty,601ed47822cbb048
MLP,uncertainty,31415,9,219,8ffef71be51a4461,benign,False,uncertainty,03a29583a98a67d3
MLP,uncertainty,31415,9,220,e8bdf783f98a5716,benign,False,uncertainty,c59a69b2e40c0e03
MLP,uncertainty,31415,9,221,9647ef4debabc7e2,fraggle,False,uncertainty,dfe9d116fd351d70
MLP,uncertainty,31415,9,222,920233e97d9863cf,benign,False,uncertainty,dc9ddff06116a43e
MLP,uncertainty,31415,9,223,02e3720d9d4ee7ef,benign,False,uncertainty,74dadab1aff7e5b8
MLP,uncertainty,31415,9,224,286b946d98f51edf,benign,False,uncertainty,16e6f1eee76e7c81
MLP,uncertainty,31415,9,225,4267206ce44d97ee,tcpall,False,uncertainty,6d190f0ade234a41
MLP,uncertainty,31415,10,226,c3178d0da38f4af5,icmpflood,False,uncertainty,9cd80ddd81f7afcf
MLP,uncertainty,31415,10,227,d3bac5a9e7162550,icmpflood,False,uncertainty,d9b9c9bc8c6404aa
MLP,uncertainty,31415,10,228,871b60d75929f84f,icmpflood,False,uncertainty,b0c50a45c0530dda
MLP,uncertainty,31415,10,229,6235729f0404352c,tcpall,False,uncertainty,6d190f0ade234a41
MLP,uncertainty,31415,10,230,06a23ca4994a3b83,icmpflood,False,uncertainty,33e73d2b94a0af2d
MLP,uncertainty,31415,10,231,beb8833bc4edd14e,icmpflood,False,uncertainty,a290371e0ecd0930
MLP,uncertainty,31415,10,232,fd128d7419daec28,pingofdeath,False,uncertainty,97b1a2b42a8f87ec
MLP,uncertainty,31415,10,233,64d239e9edb5982a,icmpflood,False,uncertainty,2567ba0bb30cb008
MLP,uncertainty,31415,10,234,93b18e84f2e027df,icmpflood,False,uncertainty,df39d5f9fdf6506f
MLP,uncertainty,31415,10,235,8cb2d5569c4019be,routeip,False,uncertainty,753bbc2687bc83bf
MLP,uncertainty,31415,10,236,04ded38fc7c39d2b,tcpall,False,uncertainty,6d190f0ade234a41
MLP,uncertainty,31415,10,237,25d9fd6e7220c116,tcpall,False,uncertainty,6d190f0ade234a41
MLP,uncertainty,31415,10,238,118b29625fe9cd8a,icmpflood,False,uncertainty,ab5c24ea55f0d959
MLP,uncertainty,31415,10,239,bc2f2d6ec12c0497,tcp,False,uncertainty,cd64136aeecc4532
MLP,uncertainty,31415,10,240,5ab27e916b13102a,routeip,False,uncertainty,753bbc2687bc83bf
MLP,uncertainty,31415,10,241,71a192bb6832f52b,routeip,False,uncertainty,753bbc2687bc83bf
MLP,uncertainty,31415,10,242,3aa36d7de93317ad,routeip,False,uncertainty,753bbc2687bc83bf
MLP,uncertainty,31415,10,243,692dc2d11fc11643,routeip,False,uncertainty,753bbc2687bc83bf
MLP,uncertainty,31415,10,244,73293e00cc96bc0f,tcpall,False,uncertainty,6d190f0ade234a41
MLP,uncertainty,31415,10,245,10828e96a43d1f33,tcpall,False,uncertainty,6d190f0ade234a41
MLP,uncertainty,31415,10,246,12dd5b0b54e84f5f,routeip,False,uncertainty,753bbc2687bc83bf
MLP,uncertainty,31415,10,247,800c58af88fe5a21,tcp,False,uncertainty,1a03e14e9a76d222
MLP,uncertainty,31415,10,248,7836252c554f7397,routeip,False,uncertainty,753bbc2687bc83bf
MLP,uncertainty,31415,10,249,ed34c14f23fa0729,routeip,False,uncertainty,753bbc2687bc83bf
MLP,uncertainty,31415,10,250,58a53457fd79d72d,routeip,False,uncertainty,753bbc2687bc83bf
MLP,uncertainty,31415,11,251,d767155f29d15f1f,tcpall,False,uncertainty,25df2cbec14f457e
MLP,uncertainty,31415,11,252,1e0955e77a0d0b3a,tcp,False,uncertainty,e9b6245ed6428809
MLP,uncertainty,31415,11,253,260a030817fd56fe,fraggle,False,uncertainty,f70efc29754c793e
MLP,uncertainty,31415,11,254,e3ab64b6f2d8a7b9,fraggle,False,uncertainty,29e8fc014fedb81a
MLP,uncertainty,31415,11,255,34c4dc8be8308914,winnuke,False,uncertainty,5d07afdd0d80b016
MLP,uncertainty,31415,11,256,229ac7a6aebcb097,winnuke,False,uncertainty,256d698a34dc5bb8
MLP,uncertainty,31415,11,257,098ad6f9a251307c,benign,False,uncertainty,020fd876186249ed
MLP,uncertainty,31415,11,258,8402e8d800c90ff2,tcpall,False,uncertainty,25df2cbec14f457e
MLP,uncertainty,31415,11,259,30838e1f49f9b3cf,routeip,False,uncertainty,7480dec5eaacca58
MLP,uncertainty,31415,11,260,7436ed3a53ae0601,tcpall,False,uncertainty,25df2cbec14f457e
MLP,uncertainty,31415,11,261,700f2dd02f01fd0c,tcpall,False,uncertainty,25df2cbec14f457e
MLP,uncertainty,31415,11,262,1dd37ae87cddaffb,tcpall,False,uncertainty,25df2cbec14f457e
MLP,uncertainty,31415,11,263,e6ce59254036eaf4,tcpall,False,uncertainty,25df2cbec14f457e
MLP,uncertainty,31415,11,264,d783a3e00cebc50c,tcpall,False,uncertainty,34ef57a4eef0d472
MLP,uncertainty,31415,11,265,b3e625682c3830a4,tcpall,False,uncertainty,25df2cbec14f457e
MLP,uncertainty,31415,11,266,0c39761ca9f8b44e,tcpall,False,uncertainty,25df2cbec14f457e
MLP,uncertainty,31415,11,267,63f965e475932565,tcpall,False,uncertainty,25df2cbec14f457e
MLP,uncertainty,31415,11,268,7045c7dec1dbd625,tcpall,False,uncertainty,25df2cbec14f457e
MLP,uncertainty,31415,11,269,4e87ea80021b012f,tcpall,False,uncertainty,25df2cbec14f457e
MLP,uncertainty,31415,11,270,95be08592c10ef2d,tcpall,False,uncertainty,25df2cbec14f457e
MLP,uncertainty,31415,11,271,24349f9689598814,tcpall,False,uncertainty,25df2cbec14f457e
MLP,uncertainty,31415,11,272,8238d3f9c0fa8166,routeip,False,uncertainty,7480dec5eaacca58
MLP,uncertainty,31415,11,273,ca2123da403e0360,winnuke,False,uncertainty,6affca51b257451e
MLP,uncertainty,31415,11,274,005b815c920f30b8,tcpall,False,uncertainty,25df2cbec14f457e
MLP,uncertainty,31415,11,275,7dc8dc0c0ff3e67b,tcpall,False,uncertainty,25df2cbec14f457e
MLP,uncertainty,31415,12,276,38be3d1941d90a0a,benign,False,uncertainty,783afc98f9cd9e14
MLP,uncertainty,31415,12,277,edcc2fb75d279e29,ackflood,False,uncertainty,eb7295e589c8a90a
MLP,uncertainty,31415,12,278,7ad6679287383a03,benign,False,uncertainty,a16ca96fd67cfe94
MLP,uncertainty,31415,12,279,a020a109fb419b2f,benign,False,uncertainty,365be9ef9eb024b3
MLP,uncertainty,31415,12,280,cf65acb43c966f74,winnuke,False,uncertainty,f8ac14f0a7423f6e
MLP,uncertainty,31415,12,281,8a6ccc2a096ad617,winnuke,False,uncertainty,73832a19c6f3d45a
MLP,uncertainty,31415,12,282,82ca55649885f1e8,benign,False,uncertainty,783afc98f9cd9e14
MLP,uncertainty,31415,12,283,5aa1ba6da20e3b36,benign,False,uncertainty,a58aaac0e1e96b44
MLP,uncertainty,31415,12,284,94a2f046121e159f,ackflood,False,uncertainty,04d990c106e8df8d
MLP,uncertainty,31415,12,285,18930ff0f6dd3f14,winnuke,False,uncertainty,15abbad2135556ce
MLP,uncertainty,31415,12,286,3665bde346c2034a,icmpflood,False,uncertainty,3460114999b42b69
MLP,uncertainty,31415,12,287,6ee6ee2554a052e0,icmpflood,False,uncertainty,c3c493f31df0a1f7
MLP,uncertainty,31415,12,288,3be01f2ad0cda20a,ackflood,False,uncertainty,46bebe71925e6952
MLP,uncertainty,31415,12,289,537d68f61e0bee5a,icmpflood,False,uncertainty,616a881d066a792c
MLP,uncertainty,31415,12,290,b57d0ca6f7a82655,benign,False,uncertainty,1b3ed2bdad3c9904
MLP,uncertainty,31415,12,291,1873afac8cdefcdc,benign,False,uncertainty,a58aaac0e1e96b44
MLP,uncertainty,31415,12,292,6a25caf632d9085e,icmpflood,False,uncertainty,fd851eb5092b050f
MLP,uncertainty,31415,12,293,d7ad5c046d442cfe,benign,False,uncertainty,84761c361752d36c
MLP,uncertainty,31415,12,294,c0effccb77651bb8,ackflood,False,uncertainty,43ac779b936eac15
MLP,uncertainty,31415,12,295,041da83813cd4b89,benign,False,uncertainty,b5ce651bcd412291
MLP,uncertainty,31415,12,296,9506fae1eddc1d77,icmpflood,False,uncertainty,fb046498b8506f29
MLP,uncertainty,31415,12,297,ad6e945554b7faed,benign,False,uncertainty,a16ca96fd67cfe94
MLP,uncertainty,31415,12,298,bc83297ca7c5e362,ackflood,False,uncertainty,684a8275bee22c32
MLP,uncertainty,31415,12,299,6f9d26600fc9ad54,benign,False,uncertainty,a58aaac0e1e96b44
MLP,uncertainty,31415,12,300,926d670cf2280de8,icmpflood,False,uncertainty,c3c493f31df0a1f7
MLP,hybrid_open_set,31415,1,1,7bb96bd8e11f6f46,land,True,novelty,654556dfa59443af
MLP,hybrid_open_set,31415,1,2,9e47de4adb8b3b05,benign,False,novelty,728c532c6f8aebff
MLP,hybrid_open_set,31415,1,3,28ca73f79c047097,benign,False,novelty,eeb2f11648658228
MLP,hybrid_open_set,31415,1,4,bfeab9473ca2835d,ackpflood,True,novelty,4b0089386a1d46ec
MLP,hybrid_open_set,31415,1,5,df8a8f2d80186bb3,benign,False,novelty,1877380525324c3f
MLP,hybrid_open_set,31415,1,6,bd379726d232b408,benign,False,novelty,5c2ac51eebd3cc03
MLP,hybrid_open_set,31415,1,7,b42de4056d878898,teardrop,True,novelty,8dee1464df987eed
MLP,hybrid_open_set,31415,1,8,2cc4d999d13cf9c1,benign,False,novelty,9b520c58eca0f020
MLP,hybrid_open_set,31415,1,9,4ca5a0ed4ba0fd90,benign,False,novelty,72335435f22607d4
MLP,hybrid_open_set,31415,1,10,882e31548f951f31,routeip,False,novelty,e9b6245ed6428809
MLP,hybrid_open_set,31415,1,11,c97906bf58eba041,benign,False,novelty,d885854c7f6382e6
MLP,hybrid_open_set,31415,1,12,abbd133c3c0ab4e2,land,True,novelty,ccfb10c2ea227cb4
MLP,hybrid_open_set,31415,1,13,cd554f4c69389e5e,benign,False,novelty,c59a69b2e40c0e03
MLP,hybrid_open_set,31415,1,14,92b7e29d3281bb80,benign,False,novelty,30a7ae77c2cf7c9f
MLP,hybrid_open_set,31415,1,15,64fbc51e99190c18,benign,False,uncertainty,29e8fc014fedb81a
MLP,hybrid_open_set,31415,1,16,5af935bd8145b55f,land,True,uncertainty,1fb8b2e54d539a4d
MLP,hybrid_open_set,31415,1,17,50358f87908c1f9c,land,True,uncertainty,11ca897764624b71
MLP,hybrid_open_set,31415,1,18,2e2da1aae652644c,land,True,uncertainty,1379c5ba91c02310
MLP,hybrid_open_set,31415,1,19,2db66fda28bbc372,land,True,uncertainty,3b6e34b87aba8d44
MLP,hybrid_open_set,31415,1,20,94998211bd79c624,benign,False,uncertainty,f43d2e5bb0b91202
MLP,hybrid_open_set,31415,1,21,8ca1479f28f65001,land,True,uncertainty,1fb8b2e54d539a4d
MLP,hybrid_open_set,31415,1,22,171c19b0f5f2b84c,land,True,uncertainty,1fb8b2e54d539a4d
MLP,hybrid_open_set,31415,1,23,a2ba91ee239b4a74,syn,False,random,91a24eb6dfa53e45
MLP,hybrid_open_set,31415,1,24,7ab4a82b1f6f549c,icmpbig,False,random,11ef2328aebbae9a
MLP,hybrid_open_set,31415,1,25,f7e1759199c9e6b8,winnuke,False,random,3b38ffd1115ba2cb
MLP,hybrid_open_set,31415,2,26,6957a866b3350873,land,True,expansion,1fb8b2e54d539a4d
MLP,hybrid_open_set,31415,2,27,858b1d04af34ffb4,benign,False,expansion,1c7c3b042d741cf2
MLP,hybrid_open_set,31415,2,28,a85f70a3836d4077,fraggle,False,expansion,9f2915b8ae07ff0a
MLP,hybrid_open_set,31415,2,29,133171c58216e0bf,benign,False,expansion,efd283da96ba28d3
MLP,hybrid_open_set,31415,2,30,3bb2e1c9eeace4f8,icmpflood,False,expansion,414b96fbbd01c62d
MLP,hybrid_open_set,31415,2,31,91dae497d7aa3982,icmpbig,False,expansion,c8e97d132ab405b7
MLP,hybrid_open_set,31415,2,32,f55d7b08d3b91ba1,teardrop,True,expansion,1b8d8d86b95179f1
MLP,hybrid_open_set,31415,2,33,974b87e3f3acddfc,benign,False,novelty,2c4faa6739d599f7
MLP,hybrid_open_set,31415,2,34,45325575536c99e6,ackpflood,True,novelty,102d8c4dd3732eee
MLP,hybrid_open_set,31415,2,35,f9f263aad20f075f,tcp,False,novelty,f26bb482d4cb7d0f
MLP,hybrid_open_set,31415,2,36,ede1ea3ccd72d0c9,ackflood,False,novelty,f1ab7d45fc653c5b
MLP,hybrid_open_set,31415,2,37,dad259555860179b,synflood,False,novelty,eff0439f258f3de5
MLP,hybrid_open_set,31415,2,38,fd128d7419daec28,pingofdeath,False,novelty,97b1a2b42a8f87ec
MLP,hybrid_open_set,31415,2,39,f8dde1480265276a,winnuke,False,novelty,decd98c001b312c1
MLP,hybrid_open_set,31415,2,40,94e196af0ce3cb47,tcpall,False,uncertainty,25df2cbec14f457e
MLP,hybrid_open_set,31415,2,41,cf219dc01b5a0f44,pingofdeath,False,uncertainty,8dee1464df987eed
MLP,hybrid_open_set,31415,2,42,0506c3f75dbc40a2,benign,False,uncertainty,a9725501bb249177
MLP,hybrid_open_set,31415,2,43,260a030817fd56fe,fraggle,False,uncertainty,f70efc29754c793e
MLP,hybrid_open_set,31415,2,44,c1ab2d84439d4c95,benign,False,uncertainty,e211abd85dc820ee
MLP,hybrid_open_set,31415,2,45,c9da29b6162ea537,winnuke,False,uncertainty,8d18e37fc0aaa106
MLP,hybrid_open_set,31415,2,46,708856d01333c64e,syn,False,uncertainty,eb1511166537477c
MLP,hybrid_open_set,31415,2,47,50976dc6bf0e71ff,ackflood,False,uncertainty,4b0089386a1d46ec
MLP,hybrid_open_set,31415,2,48,92ecb60a565d1cb0,icmpflood,False,random,081b2c49eb201711
MLP,hybrid_open_set,31415,2,49,02c2ed73904b59b8,tcpfin1,False,random,1a1695b4f63d38b9
MLP,hybrid_open_set,31415,2,50,4c6f3e87326d8280,synflood,False,random,e8ff537063f2d506
MLP,hybrid_open_set,31415,3,51,d2dae6aefead4ec8,land,True,expansion,1fb8b2e54d539a4d
MLP,hybrid_open_set,31415,3,52,b249336db4286fd5,ackpflood,True,expansion,3596388066ad64ce
MLP,hybrid_open_set,31415,3,53,59e7db96b7f4bd04,benign,False,expansion,b44597ef51e1bb2e
MLP,hybrid_open_set,31415,3,54,38b7081fff1555fa,benign,False,expansion,dbbab94299988428
MLP,hybrid_open_set,31415,3,55,ac368d0ef23960ba,pingofdeath,False,expansion,1255b338bb026993
MLP,hybrid_open_set,31415,3,56,c91282e85bd70098,pingofdeath,False,expansion,8def8df6002e88c9
MLP,hybrid_open_set,31415,3,57,e7f8d2fbd6490e18,pingofdeath,False,expansion,e22b26c88a648dc2
MLP,hybrid_open_set,31415,3,58,c14fbaa4144a1a59,fraggle,False,novelty,f4315e349aa63da3
MLP,hybrid_open_set,31415,3,59,3ed6bf26d6f8712d,benign,False,novelty,7dc076eb6526397d
MLP,hybrid_open_set,31415,3,60,c8ff3d3726a9253f,benign,False,novelty,29e8fc014fedb81a
MLP,hybrid_open_set,31415,3,61,9a01e7e68cb550f8,benign,False,novelty,6a1ab7cc7b631ae0
MLP,hybrid_open_set,31415,3,62,2ea6cc14d5544632,benign,False,novelty,72335435f22607d4
MLP,hybrid_open_set,31415,3,63,24b7b66546f1c075,ackflood,False,novelty,6d7f56a3f314dab8
MLP,hybrid_open_set,31415,3,64,cea79607e84bbe29,benign,False,novelty,e99a6e6275a13160
MLP,hybrid_open_set,31415,3,65,e5465fde86e0e627,synflood,False,uncertainty,99b949009a70a290
MLP,hybrid_open_set,31415,3,66,9da3fd1f93546f57,tcp,False,uncertainty,66ee22db9c6bf1e5
MLP,hybrid_open_set,31415,3,67,8e45d6f9289ec008,benign,False,uncertainty,3b490b93ba8770b8
MLP,hybrid_open_set,31415,3,68,15b4296081081d2e,ackflood,False,uncertainty,ce0d27ba0c751858
MLP,hybrid_open_set,31415,3,69,3af07e944f42bd68,tcp,False,uncertainty,204d11826f747524
MLP,hybrid_open_set,31415,3,70,b58151dc768c1c50,benign,False,uncertainty,84a28558ec25e4c7
MLP,hybrid_open_set,31415,3,71,88e9fe4bbb67372f,winnuke,False,uncertainty,444f8e92a8b10e21
MLP,hybrid_open_set,31415,3,72,b6be6a1266e69ff4,icmpflood,False,uncertainty,86cbcd29c1a0caec
MLP,hybrid_open_set,31415,3,73,8dc9f4859fc2a8ea,icmpbig,False,random,11ef2328aebbae9a
MLP,hybrid_open_set,31415,3,74,f87dd3653b003ffb,synflood,False,random,5428ff63d319154b
MLP,hybrid_open_set,31415,3,75,6039499e19eb6574,tcp,False,random,ef0542b9fa15660a
MLP,hybrid_open_set,31415,4,76,0cb82f09f618b5c6,land,True,expansion,1fb8b2e54d539a4d
MLP,hybrid_open_set,31415,4,77,c2493f1ab88460ea,teardrop,True,expansion,f3a9ca77aa994aa6
MLP,hybrid_open_set,31415,4,78,2524309ae1b2449e,ackpflood,True,expansion,cb6b9393aaabda7f
MLP,hybrid_open_set,31415,4,79,f1d3536167ec027b,smurf,False,expansion,8dee1464df987eed
MLP,hybrid_open_set,31415,4,80,4e74cc271a2e6980,ackpflood,True,expansion,3596388066ad64ce
MLP,hybrid_open_set,31415,4,81,dbf363fb2189acb4,ackflood,False,expansion,fcfcf5187227b732
MLP,hybrid_open_set,31415,4,82,296ab6f64f3eee8a,ackflood,False,expansion,62edec7f537fb122
MLP,hybrid_open_set,31415,4,83,c5a93dcfbc20b264,benign,False,novelty,589841c4b4fdf4f5
MLP,hybrid_open_set,31415,4,84,bd434d14ac35a9f0,fraggle,False,novelty,862b48b8e0bf2317
MLP,hybrid_open_set,31415,4,85,1e0955e77a0d0b3a,tcp,False,novelty,e9b6245ed6428809
MLP,hybrid_open_set,31415,4,86,3dbd0853e6bcb43f,fraggle,False,novelty,b732b8a05bb4f1eb
MLP,hybrid_open_set,31415,4,87,6eeddabd1c047d52,benign,False,novelty,491e61a16e46f2ef
MLP,hybrid_open_set,31415,4,88,2dedfa4ecbe884da,benign,False,novelty,4c5395c15431505f
MLP,hybrid_open_set,31415,4,89,0f6ee175cf02d627,benign,False,novelty,dadd3f697783d936
MLP,hybrid_open_set,31415,4,90,c6b0e76d4106009e,syn,False,uncertainty,e1c7428d5bdc3169
MLP,hybrid_open_set,31415,4,91,73ed4d57c4940184,icmpflood,False,uncertainty,73e358e9bc1f3bf9
MLP,hybrid_open_set,31415,4,92,971ce6eaa3299a08,tcpall,False,uncertainty,25df2cbec14f457e
MLP,hybrid_open_set,31415,4,93,659f87b94b8dae95,smurf,False,uncertainty,40c6004a07e71a22
MLP,hybrid_open_set,31415,4,94,afe1345d8219b571,icmpflood,False,uncertainty,d32db3bbd07fe8d5
MLP,hybrid_open_set,31415,4,95,fddb159c556193c0,ackflood,False,uncertainty,955c88b6397974f8
MLP,hybrid_open_set,31415,4,96,931f67331944d031,benign,False,uncertainty,2b4bc04f86e14ac9
MLP,hybrid_open_set,31415,4,97,0985528301472117,ackflood,False,uncertainty,24bc129ea328abef
MLP,hybrid_open_set,31415,4,98,511bfbbb03e7b49a,tcpfin1,False,random,1a1695b4f63d38b9
MLP,hybrid_open_set,31415,4,99,ac81aa6a262ea230,icmpbig,False,random,bf640f01d7d74bf6
MLP,hybrid_open_set,31415,4,100,45d7479d4b181f84,winnuke,False,random,f2bb81b58b76d553
MLP,hybrid_open_set,31415,5,101,2915da4e7bf442a8,land,True,expansion,1fb8b2e54d539a4d
MLP,hybrid_open_set,31415,5,102,363a18d446b5c240,teardrop,True,expansion,f3a9ca77aa994aa6
MLP,hybrid_open_set,31415,5,103,32faa01c3d09f219,ackpflood,True,expansion,fc60f500fd93cd5e
MLP,hybrid_open_set,31415,5,104,f47d2cf9198790d4,ackpflood,True,expansion,456c6c1c5604adc9
MLP,hybrid_open_set,31415,5,105,c815db6e25266093,ackpflood,True,expansion,b53c88af2976916d
MLP,hybrid_open_set,31415,5,106,d88485163d495148,ackpflood,True,expansion,599530fe5fc03bed
MLP,hybrid_open_set,31415,5,107,741b4d7614f4fbe6,ackpflood,True,expansion,2acdf22aafbfa79e
MLP,hybrid_open_set,31415,5,108,0155b120de999e79,fraggle,False,novelty,3b61be8d56279b8f
MLP,hybrid_open_set,31415,5,109,a203d27dd887e07b,winnuke,False,novelty,de3334d5164d5868
MLP,hybrid_open_set,31415,5,110,871b60d75929f84f,icmpflood,False,novelty,b0c50a45c0530dda
MLP,hybrid_open_set,31415,5,111,7ad6679287383a03,benign,False,novelty,a16ca96fd67cfe94
MLP,hybrid_open_set,31415,5,112,de9443a9cc96b18d,fraggle,False,novelty,f43d2e5bb0b91202
MLP,hybrid_open_set,31415,5,113,77b398b1394e4fe6,fraggle,False,novelty,6f4f7da9f9f2df49
MLP,hybrid_open_set,31415,5,114,4fa26ab1928f55a2,smurf,False,novelty,8dee1464df987eed
MLP,hybrid_open_set,31415,5,115,4e068bac2133ba57,syn,False,uncertainty,9b58eb4ca28cad6b
MLP,hybrid_open_set,31415,5,116,3ad19fe1f23bde9b,benign,False,uncertainty,3bb8b5476249adf5
MLP,hybrid_open_set,31415,5,117,bb57df2c249a2098,benign,False,uncertainty,99fce00383bcc248
MLP,hybrid_open_set,31415,5,118,c0f666ae1f765484,benign,False,uncertainty,8debd0824a747e10
MLP,hybrid_open_set,31415,5,119,74676b5683f72aa4,winnuke,False,uncertainty,9b42df083d9b9445
MLP,hybrid_open_set,31415,5,120,3801128c46629e2b,winnuke,False,uncertainty,131bc75297b371aa
MLP,hybrid_open_set,31415,5,121,19db7a4688fe58e6,winnuke,False,uncertainty,cf5bb50065af2bd6
MLP,hybrid_open_set,31415,5,122,e40e7e02762491aa,winnuke,False,uncertainty,e0d7ee3ec0148f5c
MLP,hybrid_open_set,31415,5,123,9bdf436a78da4016,tcp,False,random,609b2f411f37b70a
MLP,hybrid_open_set,31415,5,124,87a954582c202260,ackflood,False,random,7016edd27ed81e4d
MLP,hybrid_open_set,31415,5,125,f43d171a4d8bafa5,icmpbig,False,random,11ef2328aebbae9a
MLP,hybrid_open_set,31415,6,126,96c657fb7c090506,land,True,expansion,1fb8b2e54d539a4d
MLP,hybrid_open_set,31415,6,127,189b1614b6cfa8f7,ackpflood,True,expansion,811ae939f0302bde
MLP,hybrid_open_set,31415,6,128,fba696ddb56680e6,teardrop,True,expansion,f3a9ca77aa994aa6
MLP,hybrid_open_set,31415,6,129,f5c72a1887363ba6,ackpflood,True,expansion,4bb765e024664e6e
MLP,hybrid_open_set,31415,6,130,a668696b7402ad58,ackpflood,True,expansion,bd510951eca832d9
MLP,hybrid_open_set,31415,6,131,fb5ab5a5222ab601,ackpflood,True,expansion,a1cb362fa310338d
MLP,hybrid_open_set,31415,6,132,310ea075972cb67c,ackpflood,True,expansion,63de70e0886d565d
MLP,hybrid_open_set,31415,6,133,551351d6bd024d95,benign,False,novelty,773bbb12a445d5c1
MLP,hybrid_open_set,31415,6,134,ffffe733b450dbe4,ackflood,False,novelty,b39b6ae5dda33531
MLP,hybrid_open_set,31415,6,135,b2f65703aed8b1db,icmpbig,False,novelty,8dee1464df987eed
MLP,hybrid_open_set,31415,6,136,6e57764aae3a3263,benign,False,novelty,a93305badcf82230
MLP,hybrid_open_set,31415,6,137,098ad6f9a251307c,benign,False,novelty,020fd876186249ed
MLP,hybrid_open_set,31415,6,138,f46aa3f427f48935,benign,False,novelty,7d718e834fc6c4f9
MLP,hybrid_open_set,31415,6,139,24e558113744f590,benign,False,novelty,0ab089a7af1b6c3e
MLP,hybrid_open_set,31415,6,140,50629074d4711539,winnuke,False,uncertainty,9e2d2b1121228ee5
MLP,hybrid_open_set,31415,6,141,d44a502eb7367262,smurf,False,uncertainty,77b0253fe462c2ed
MLP,hybrid_open_set,31415,6,142,bd95875c21bb177f,tcp,False,uncertainty,2f9c208e7c08dd91
MLP,hybrid_open_set,31415,6,143,e3ab64b6f2d8a7b9,fraggle,False,uncertainty,29e8fc014fedb81a
MLP,hybrid_open_set,31415,6,144,d9eb592e604a7c14,synflood,False,uncertainty,de544a9dc8d202f6
MLP,hybrid_open_set,31415,6,145,0ef0c84ec2e42779,tcpall,False,uncertainty,25df2cbec14f457e
MLP,hybrid_open_set,31415,6,146,6022057997288fbf,benign,False,uncertainty,4d126dd5b0ee0af7
MLP,hybrid_open_set,31415,6,147,ef4fc99869206ef6,teardrop,True,uncertainty,f48deb88188adc11
MLP,hybrid_open_set,31415,6,148,b671e51986310ff1,synflood,False,random,76684c02635f367e
MLP,hybrid_open_set,31415,6,149,630952788ad9d256,icmpbig,False,random,11ef2328aebbae9a
MLP,hybrid_open_set,31415,6,150,dd21c3e39b39a33a,tcpfin1,False,random,3da3facffa0f3564
MLP,hybrid_open_set,31415,7,151,233a64f3883ad6db,ackpflood,True,expansion,102d8c4dd3732eee
MLP,hybrid_open_set,31415,7,152,cbafa68918a12756,teardrop,True,expansion,082750811da479ba
MLP,hybrid_open_set,31415,7,153,206f4f71511ff378,land,True,expansion,1fb8b2e54d539a4d
MLP,hybrid_open_set,31415,7,154,b51bb1cf33e8a3e4,ackpflood,True,expansion,811ae939f0302bde
MLP,hybrid_open_set,31415,7,155,0ea1e3d23cef3a95,ackpflood,True,expansion,4bb765e024664e6e
MLP,hybrid_open_set,31415,7,156,f2a7c4d3cdde6bb8,ackpflood,True,expansion,fc60f500fd93cd5e
MLP,hybrid_open_set,31415,7,157,2ffd6157412d749e,teardrop,True,expansion,c11110b107945ad1
MLP,hybrid_open_set,31415,7,158,f4448727bab3631f,benign,False,novelty,a56169f967bfe521
MLP,hybrid_open_set,31415,7,159,6f922a831856ebc4,benign,False,novelty,4f5bc0a70d6eb027
MLP,hybrid_open_set,31415,7,160,94724a2f63edaa35,synflood,False,novelty,57f645b96ea3394a
MLP,hybrid_open_set,31415,7,161,a8bdc49086b0a59a,benign,False,novelty,e2bc1c69f591cda8
MLP,hybrid_open_set,31415,7,162,0e0a195daa233e94,benign,False,novelty,9347acdf3633cbde
MLP,hybrid_open_set,31415,7,163,54a3582b1c70aa1c,benign,False,novelty,773bbb12a445d5c1
MLP,hybrid_open_set,31415,7,164,6bbefeb5f00eb089,benign,False,novelty,c238d7a0fad59f66
MLP,hybrid_open_set,31415,7,165,4914abf5bcc99dda,routeip,False,uncertainty,753bbc2687bc83bf
MLP,hybrid_open_set,31415,7,166,0ff71c4cece35b66,smurf,False,uncertainty,8dee1464df987eed
MLP,hybrid_open_set,31415,7,167,c2d7ccc86a82a752,fraggle,False,uncertainty,f9e22ed483f78ab2
MLP,hybrid_open_set,31415,7,168,2baf2e04e7b3fb9d,fraggle,False,uncertainty,36fcf0fe50c2537d
MLP,hybrid_open_set,31415,7,169,061d1cee08452caa,benign,False,uncertainty,728c532c6f8aebff
MLP,hybrid_open_set,31415,7,170,72d66f335dcc3ec8,fraggle,False,uncertainty,767deb28f373c08c
MLP,hybrid_open_set,31415,7,171,9dbd88c8ce6351f0,fraggle,False,uncertainty,f4315e349aa63da3
MLP,hybrid_open_set,31415,7,172,d36d7fbf6712ed1d,fraggle,False,uncertainty,882f3253d30ad29e
MLP,hybrid_open_set,31415,7,173,84d073c48e8b2b2b,icmpbig,False,random,11ef2328aebbae9a
MLP,hybrid_open_set,31415,7,174,c1040ab3a749bff3,pingofdeath,False,random,728f1d55e253b568
MLP,hybrid_open_set,31415,7,175,dca842b2b24016cb,winnuke,False,random,1750a61fc2649263
MLP,hybrid_open_set,31415,8,176,72b341bfb7d509b2,teardrop,True,expansion,c11110b107945ad1
MLP,hybrid_open_set,31415,8,177,e4b3cf34c4169eb0,ackpflood,True,expansion,102d8c4dd3732eee
MLP,hybrid_open_set,31415,8,178,972425e541a02397,land,True,expansion,1fb8b2e54d539a4d
MLP,hybrid_open_set,31415,8,179,6ff9790d941d61ec,teardrop,True,expansion,a5f48e7ead46309b
MLP,hybrid_open_set,31415,8,180,6c2851b6868cd0cb,ackpflood,True,expansion,fc60f500fd93cd5e
MLP,hybrid_open_set,31415,8,181,209405c9b1b1f6eb,ackpflood,True,expansion,4ba9144a7ee6a55a
MLP,hybrid_open_set,31415,8,182,1e7673fd8adc290a,ackpflood,True,expansion,456c6c1c5604adc9
MLP,hybrid_open_set,31415,8,183,bf0d67f65184d520,benign,False,novelty,a16ca96fd67cfe94
MLP,hybrid_open_set,31415,8,184,02e3720d9d4ee7ef,benign,False,novelty,74dadab1aff7e5b8
MLP,hybrid_open_set,31415,8,185,33af5a45964e4ebd,fraggle,False,novelty,8dee1464df987eed
MLP,hybrid_open_set,31415,8,186,a67e71e64d7e6abe,benign,False,novelty,e8b1b668a6e1c101
MLP,hybrid_open_set,31415,8,187,97d186b844696194,benign,False,novelty,989d3bb6655367a4
MLP,hybrid_open_set,31415,8,188,19b64384e7be4196,benign,False,novelty,a25ee499885790e4
MLP,hybrid_open_set,31415,8,189,5aa1ba6da20e3b36,benign,False,novelty,a58aaac0e1e96b44
MLP,hybrid_open_set,31415,8,190,bf89ea3776c1819c,routeip,False,uncertainty,753bbc2687bc83bf
MLP,hybrid_open_set,31415,8,191,8990bea1a219a012,icmpflood,False,uncertainty,616a881d066a792c
MLP,hybrid_open_set,31415,8,192,243187f7cfeda5a9,synflood,False,uncertainty,e929e30ecd5f16b7
MLP,hybrid_open_set,31415,8,193,e374bb14c616a65f,benign,False,uncertainty,fd1a611a48d937a7
MLP,hybrid_open_set,31415,8,194,b2a6ba063dfd9c9b,smurf,False,uncertainty,91a3370d77012f8a
MLP,hybrid_open_set,31415,8,195,4ee0c3f398caad4d,benign,False,uncertainty,3b9d155d2bb2bfda
MLP,hybrid_open_set,31415,8,196,ed3e1f56d953740b,tcpall,False,uncertainty,25df2cbec14f457e
MLP,hybrid_open_set,31415,8,197,a3f6137f69ee0d6e,benign,False,uncertainty,41a48522f4e5a91e
MLP,hybrid_open_set,31415,8,198,0d22aa6b45072bc0,tcpfin1,False,random,3da3facffa0f3564
MLP,hybrid_open_set,31415,8,199,ef148a6fa275a613,icmpbig,False,random,11ef2328aebbae9a
MLP,hybrid_open_set,31415,8,200,bc431af8a2f8f4cd,winnuke,False,random,410bcc024f654308
MLP,hybrid_open_set,31415,9,201,dee30e713f33dad2,teardrop,True,expansion,c11110b107945ad1
MLP,hybrid_open_set,31415,9,202,60000e6ecb5d4f8c,ackpflood,True,expansion,811ae939f0302bde
MLP,hybrid_open_set,31415,9,203,ca8303bfff8220b4,land,True,expansion,1fb8b2e54d539a4d
MLP,hybrid_open_set,31415,9,204,9cd8304d69650cdb,ackpflood,True,expansion,102d8c4dd3732eee
MLP,hybrid_open_set,31415,9,205,dbb7380425f51122,ackpflood,True,expansion,456c6c1c5604adc9
MLP,hybrid_open_set,31415,9,206,34ef218d4914b572,teardrop,True,expansion,9ad199805828433e
MLP,hybrid_open_set,31415,9,207,31dee19b7cc2c451,ackpflood,True,expansion,4bb765e024664e6e
MLP,hybrid_open_set,31415,9,208,c9d1236c7fc395c5,benign,False,novelty,04303d1e265cefbe
MLP,hybrid_open_set,31415,9,209,a313a7b218ae1f57,benign,False,novelty,a69a8df489a4e5f7
MLP,hybrid_open_set,31415,9,210,6c01d798142cd576,synflood,False,novelty,e7000593c3dc2f16
MLP,hybrid_open_set,31415,9,211,2be22d2411603cb1,tcp,False,novelty,601ed47822cbb048
MLP,hybrid_open_set,31415,9,212,553fad40d3c2b89a,benign,False,novelty,8a67a7be53c6accd
MLP,hybrid_open_set,31415,9,213,b578a8cb0810f79a,winnuke,False,novelty,58a1160e8243529c
MLP,hybrid_open_set,31415,9,214,5b32c1e03f58e35a,benign,False,novelty,301004225cdb7d56
MLP,hybrid_open_set,31415,9,215,8c6d525fd20635af,tcp,False,uncertainty,cd64136aeecc4532
MLP,hybrid_open_set,31415,9,216,f42321d2ab9b59da,teardrop,True,uncertainty,8dee1464df987eed
MLP,hybrid_open_set,31415,9,217,09a1f7ea90ad3a0e,tcpall,False,uncertainty,6d190f0ade234a41
MLP,hybrid_open_set,31415,9,218,fc9ff3351c6a11da,ackflood,False,uncertainty,bb6eff2b21bdb85b
MLP,hybrid_open_set,31415,9,219,b405acf8ecde3385,benign,False,uncertainty,ddd3e19da6341a4e
MLP,hybrid_open_set,31415,9,220,920cf8f751f515d7,benign,False,uncertainty,5b85c70acc64a10f
MLP,hybrid_open_set,31415,9,221,e77e3656b01269be,routeip,False,uncertainty,753bbc2687bc83bf
MLP,hybrid_open_set,31415,9,222,b9dfed343d9678cb,routeip,False,uncertainty,56239d2baf50ff43
MLP,hybrid_open_set,31415,9,223,7833b35fdb633550,icmpflood,False,random,74fb7d9ab0637b04
MLP,hybrid_open_set,31415,9,224,1c04c0e0e4d6cccf,icmpbig,False,random,4ae2d078b50034c6
MLP,hybrid_open_set,31415,9,225,593ad66e958b9950,synflood,False,random,5428ff63d319154b
MLP,hybrid_open_set,31415,10,226,22125975b0de8ad1,land,True,expansion,1fb8b2e54d539a4d
MLP,hybrid_open_set,31415,10,227,66c2993aa87ee09b,ackpflood,True,expansion,456c6c1c5604adc9
MLP,hybrid_open_set,31415,10,228,eab19797860cc08e,teardrop,True,expansion,9ad199805828433e
MLP,hybrid_open_set,31415,10,229,83f57aa5c7b6c429,ackpflood,True,expansion,4828fe515575125d
MLP,hybrid_open_set,31415,10,230,54d9c8117621424c,ackpflood,True,expansion,fc60f500fd93cd5e
MLP,hybrid_open_set,31415,10,231,63330e2dbdba3a24,ackpflood,True,expansion,102d8c4dd3732eee
MLP,hybrid_open_set,31415,10,232,23709770f6c78d62,ackpflood,True,expansion,bd510951eca832d9
MLP,hybrid_open_set,31415,10,233,e2cb5b985407e4e9,winnuke,False,novelty,8f3c96c5d90890db
MLP,hybrid_open_set,31415,10,234,2a3edceee525b380,benign,False,novelty,424831393bd84b19
MLP,hybrid_open_set,31415,10,235,2fc943094aea7a1a,winnuke,False,novelty,4a38d9f9029d9a57
MLP,hybrid_open_set,31415,10,236,497a222aeeba0f53,benign,False,novelty,194d6a9326bb2719
MLP,hybrid_open_set,31415,10,237,41620ffa603afb0a,benign,False,novelty,f60367a2705cfe6d
MLP,hybrid_open_set,31415,10,238,6b3c1a652c44b8df,benign,False,novelty,dffc77416b778742
MLP,hybrid_open_set,31415,10,239,31166959ddc80ba4,winnuke,False,novelty,547014e3696dc9a9
MLP,hybrid_open_set,31415,10,240,96ea9205017a9e2e,routeip,False,uncertainty,753bbc2687bc83bf
MLP,hybrid_open_set,31415,10,241,6888cbe845734f6c,syn,False,uncertainty,91a24eb6dfa53e45
MLP,hybrid_open_set,31415,10,242,11ed75ab37d17114,benign,False,uncertainty,3693a387b5cc347d
MLP,hybrid_open_set,31415,10,243,bec60f8c951a06e4,benign,False,uncertainty,66d17f222c081b65
MLP,hybrid_open_set,31415,10,244,16e487e4e876b0cc,icmpbig,False,uncertainty,1255b338bb026993
MLP,hybrid_open_set,31415,10,245,d258e1f6a0ce67b3,winnuke,False,uncertainty,73832a19c6f3d45a
MLP,hybrid_open_set,31415,10,246,32f67fb42585f138,benign,False,uncertainty,4355ef8590b67ead
MLP,hybrid_open_set,31415,10,247,623054976f9a533d,benign,False,uncertainty,587a26b32907c413
MLP,hybrid_open_set,31415,10,248,10b7c99e747f6510,icmpbig,False,random,4ae2d078b50034c6
MLP,hybrid_open_set,31415,10,249,e79e9dc06b060f95,tcpfin1,False,random,3da3facffa0f3564
MLP,hybrid_open_set,31415,10,250,759e2e48240939e6,pingofdeath,False,random,3eb75adce7787a91
MLP,hybrid_open_set,31415,11,251,018f193427ae257e,land,True,expansion,1fb8b2e54d539a4d
MLP,hybrid_open_set,31415,11,252,1f20def9354436a2,ackpflood,True,expansion,bd510951eca832d9
MLP,hybrid_open_set,31415,11,253,28a49cfa021676a0,teardrop,True,expansion,9ad199805828433e
MLP,hybrid_open_set,31415,11,254,39f11821b9e20375,ackpflood,True,expansion,102d8c4dd3732eee
MLP,hybrid_open_set,31415,11,255,ee247fd80c2acbe0,ackpflood,True,expansion,811ae939f0302bde
MLP,hybrid_open_set,31415,11,256,bbd4aaf148b58023,ackpflood,True,expansion,4828fe515575125d
MLP,hybrid_open_set,31415,11,257,dd2cefdb413490d3,ackpflood,True,expansion,456c6c1c5604adc9
MLP,hybrid_open_set,31415,11,258,22dd97c9e1c94b23,benign,False,novelty,84761c361752d36c
MLP,hybrid_open_set,31415,11,259,40343b0e9c0fb108,benign,False,novelty,741888662f247d04
MLP,hybrid_open_set,31415,11,260,1e6f9175a65af3b4,ackflood,False,novelty,e8349f9b32d48274
MLP,hybrid_open_set,31415,11,261,8f040707bc5a1639,benign,False,novelty,cb660c5484a53b1e
MLP,hybrid_open_set,31415,11,262,ebb77de1e8349a46,icmpflood,False,novelty,4ff57072ca177ed5
MLP,hybrid_open_set,31415,11,263,3ae665bc0635f527,benign,False,novelty,bd8f818b26501948
MLP,hybrid_open_set,31415,11,264,79149a8689eccda8,benign,False,novelty,2275dcaa42616486
MLP,hybrid_open_set,31415,11,265,e60e30f2049a1994,fraggle,False,uncertainty,6b9460e705b82c7e
MLP,hybrid_open_set,31415,11,266,2d343796936cc441,tcpall,False,uncertainty,25df2cbec14f457e
MLP,hybrid_open_set,31415,11,267,86090c712db3ee36,smurf,False,uncertainty,8dee1464df987eed
MLP,hybrid_open_set,31415,11,268,67f1352e3ea75b24,winnuke,False,uncertainty,8d2bec8c0a0a17b1
MLP,hybrid_open_set,31415,11,269,ca3066c114d09c2f,ackflood,False,uncertainty,3093d04cc166e598
MLP,hybrid_open_set,31415,11,270,92751cc0451bde95,synflood,False,uncertainty,eb1511166537477c
MLP,hybrid_open_set,31415,11,271,c0bfcfa85a40c212,fraggle,False,uncertainty,a288afd0cf82b7e0
MLP,hybrid_open_set,31415,11,272,a4cf79f0369da224,benign,False,uncertainty,728c532c6f8aebff
MLP,hybrid_open_set,31415,11,273,13c30843e3ea702d,icmpbig,False,random,11ef2328aebbae9a
MLP,hybrid_open_set,31415,11,274,f454bcae5e5f1a40,tcp,False,random,761777b58d5a76ad
MLP,hybrid_open_set,31415,11,275,cb54e9457f99dac6,pingofdeath,False,random,300f0422d69a0629
MLP,hybrid_open_set,31415,12,276,76a1cdae4adbb951,land,True,expansion,1fb8b2e54d539a4d
MLP,hybrid_open_set,31415,12,277,2eee101987c4a4a0,teardrop,True,expansion,9ad199805828433e
MLP,hybrid_open_set,31415,12,278,25bf6129f9e3ccec,ackpflood,True,expansion,102d8c4dd3732eee
MLP,hybrid_open_set,31415,12,279,d6a1642409e0ad98,ackpflood,True,expansion,456c6c1c5604adc9
MLP,hybrid_open_set,31415,12,280,b9f17992a5c4372e,ackpflood,True,expansion,bd510951eca832d9
MLP,hybrid_open_set,31415,12,281,989154960f8893a1,teardrop,True,expansion,082750811da479ba
MLP,hybrid_open_set,31415,12,282,a4e087241203fbe6,ackpflood,True,expansion,811ae939f0302bde
MLP,hybrid_open_set,31415,12,283,3878c05787fe37c1,benign,False,novelty,0314e996d818a09f
MLP,hybrid_open_set,31415,12,284,f5ee9276a0c2a50a,icmpflood,False,novelty,29d6e55666b26cd2
MLP,hybrid_open_set,31415,12,285,57ed49109f0fbcbb,synflood,False,novelty,5203fe11149b419c
MLP,hybrid_open_set,31415,12,286,e170147145327d0e,benign,False,novelty,1f6b1652b8751375
MLP,hybrid_open_set,31415,12,287,a4c13a181a5d70b4,benign,False,novelty,dadd3f697783d936
MLP,hybrid_open_set,31415,12,288,70c1e71a4dde697c,benign,False,novelty,4c5395c15431505f
MLP,hybrid_open_set,31415,12,289,9cb6c75f66efa9fe,benign,False,novelty,1c9d260dfb092a11
MLP,hybrid_open_set,31415,12,290,672ecc250eb336b4,syn,False,uncertainty,9b58eb4ca28cad6b
MLP,hybrid_open_set,31415,12,291,ab48c4873ad28180,smurf,False,uncertainty,49fcf6252a0c1c58
MLP,hybrid_open_set,31415,12,292,5fb3122f3baaad84,tcp,False,uncertainty,37a9a8c212ea1776
MLP,hybrid_open_set,31415,12,293,5f749999fe512802,syn,False,uncertainty,91a24eb6dfa53e45
MLP,hybrid_open_set,31415,12,294,fd51a74bec7a0c93,ackflood,False,uncertainty,0af6cd813a409667
MLP,hybrid_open_set,31415,12,295,3cafa0c256a538d7,benign,False,uncertainty,804b7a29a733e0ed
MLP,hybrid_open_set,31415,12,296,eb65d77d96317a81,benign,False,uncertainty,19bd72f5569f0827
MLP,hybrid_open_set,31415,12,297,7836252c554f7397,routeip,False,uncertainty,753bbc2687bc83bf
MLP,hybrid_open_set,31415,12,298,71d42a27090bbf83,tcpfin1,False,random,1a1695b4f63d38b9
MLP,hybrid_open_set,31415,12,299,b9b85c28aa5027cb,winnuke,False,random,0541563abf895aec
MLP,hybrid_open_set,31415,12,300,053011b6bc8e306a,icmpflood,False,random,047d30ab6b70e255
RandomForest,random,42,1,1,de539284581e9cf1,ackflood,False,random,04d990c106e8df8d
RandomForest,random,42,1,2,c85ba181715fed92,fraggle,False,random,31339063f76812c2
RandomForest,random,42,1,3,06678eb8ed75cbb0,pingofdeath,False,random,ad08b780717c5442
RandomForest,random,42,1,4,389a40d022242a74,smurf,False,random,f4df15c8bbacd8da
RandomForest,random,42,1,5,55fcf5679e9d1c98,tcp,False,random,011282156978621d
RandomForest,random,42,1,6,b5282014780eb0e5,syn,False,random,91a24eb6dfa53e45
RandomForest,random,42,1,7,94e9dff02ce5d297,icmpflood,False,random,d7934432c908d759
RandomForest,random,42,1,8,dc14b29a911ce6c9,icmpbig,False,random,11ef2328aebbae9a
RandomForest,random,42,1,9,89f40e17436c692f,icmpflood,False,random,e04bd5af7fce780e
RandomForest,random,42,1,10,028ea99aacbd6a68,winnuke,False,random,0541563abf895aec
RandomForest,random,42,1,11,7beac8961e5bbc94,tcpall,False,random,6d190f0ade234a41
RandomForest,random,42,1,12,2bfb40c83489907e,fraggle,False,random,b3489406a3603fc9
RandomForest,random,42,1,13,03f9d1c7830b8551,fraggle,False,random,5034e5ea57497093
RandomForest,random,42,1,14,e1c6cf1442a6d189,ackflood,False,random,91a751c58fb86c3b
RandomForest,random,42,1,15,3e1b7d33c2ba960d,synflood,False,random,2b98e0f313025673
RandomForest,random,42,1,16,43997857fd65a098,benign,False,random,856de0f6513f45cf
RandomForest,random,42,1,17,a53299afe9332e4d,smurf,False,random,4aab606646c3d5b3
RandomForest,random,42,1,18,5c3faf678f40a5a6,icmpflood,False,random,64e3fd3e66978134
RandomForest,random,42,1,19,805824ea89af886f,tcp,False,random,dd41d42db133230c
RandomForest,random,42,1,20,7d09ea3f67fc0187,routeip,False,random,56239d2baf50ff43
RandomForest,random,42,1,21,ebb89914769c5293,routeip,False,random,753bbc2687bc83bf
RandomForest,random,42,1,22,9ea882a48a7a4c3e,syn,False,random,91a24eb6dfa53e45
RandomForest,random,42,1,23,3b3a2f67523699eb,ackflood,False,random,6bb81de1d0cf2c47
RandomForest,random,42,1,24,36f9e601340e45cd,routeip,False,random,7480dec5eaacca58
RandomForest,random,42,1,25,2b43c458e898e1a2,icmpflood,False,random,54c22838c01ff8b2
RandomForest,random,42,2,26,cdc59d8abe6f21ff,syn,False,random,91a24eb6dfa53e45
RandomForest,random,42,2,27,a9b15fd275f570ea,winnuke,False,random,1ce2e8caa5f469c2
RandomForest,random,42,2,28,8d9fded96b982978,tcpfin1,False,random,3da3facffa0f3564
RandomForest,random,42,2,29,49e0b73bbccfc446,land,True,random,1fb8b2e54d539a4d
RandomForest,random,42,2,30,da2f85b20ff71240,ackflood,False,random,05043ca58d1f320c
RandomForest,random,42,2,31,fd9c36a7aeedc33a,routeip,False,random,7480dec5eaacca58
RandomForest,random,42,2,32,e5a9ed0c7910fa50,smurf,False,random,51f422901e09f434
RandomForest,random,42,2,33,08464aed11bfde3c,synflood,False,random,e6f6666a94ae1df5
RandomForest,random,42,2,34,3a8fe125b8f494ad,smurf,False,random,4614ba434a2c3470
RandomForest,random,42,2,35,459d82206f2f156b,icmpflood,False,random,11c8d385c80125c4
RandomForest,random,42,2,36,c32918afafde42b4,tcpall,False,random,6d190f0ade234a41
RandomForest,random,42,2,37,d48857427a5ed75a,winnuke,False,random,1849caca41fe6d11
RandomForest,random,42,2,38,044f01afbfd5fdd5,icmpbig,False,random,11ef2328aebbae9a
RandomForest,random,42,2,39,9d4cfb1ce54a2182,icmpflood,False,random,195cff201c45896e
RandomForest,random,42,2,40,d5509965aa70bb87,icmpflood,False,random,9397e12222e77f92
RandomForest,random,42,2,41,a23e4b940d2bff5b,teardrop,True,random,c467981fa0a38bdc
RandomForest,random,42,2,42,433a3eb9b8805072,routeip,False,random,753bbc2687bc83bf
RandomForest,random,42,2,43,4a40b7ae7f189064,tcp,False,random,965b7aeaadad8c08
RandomForest,random,42,2,44,45daf80ce79494a6,icmpbig,False,random,11ef2328aebbae9a
RandomForest,random,42,2,45,97e24c3b5788880f,tcp,False,random,31d7ddf9c9026127
RandomForest,random,42,2,46,b9a39520b7c1d83f,smurf,False,random,f4df15c8bbacd8da
RandomForest,random,42,2,47,e1385026a4d30cc0,synflood,False,random,1a19d32173c52742
RandomForest,random,42,2,48,35b0d71679c34dc9,icmpflood,False,random,26a11576ba9153bd
RandomForest,random,42,2,49,4fcec37274015d35,synflood,False,random,52059e7dd2c9f03e
RandomForest,random,42,2,50,e052cc6946309b38,icmpbig,False,random,16a4d78bdc124527
RandomForest,random,42,3,51,b28dd5483085f6f1,pingofdeath,False,random,7b858a3777d0f748
RandomForest,random,42,3,52,0c3818b78e76f2f9,smurf,False,random,f4df15c8bbacd8da
RandomForest,random,42,3,53,d7efa1218ab53f9f,fraggle,False,random,28d1ae72bd2f58ec
RandomForest,random,42,3,54,4bfc763d59123ae0,routeip,False,random,753bbc2687bc83bf
RandomForest,random,42,3,55,f03c5790b683d0c1,syn,False,random,91a24eb6dfa53e45
RandomForest,random,42,3,56,259f15f47c22cc0c,ackflood,False,random,899e7504f0387857
RandomForest,random,42,3,57,f28e6ac7039fda39,ackflood,False,random,d7bcc6ea6628c41c
RandomForest,random,42,3,58,9e1e664cea9ca678,syn,False,random,91a24eb6dfa53e45
RandomForest,random,42,3,59,d011fc33534fe4ea,routeip,False,random,7480dec5eaacca58
RandomForest,random,42,3,60,03c903b4e6ba3deb,winnuke,False,random,bfdb1ca3e0a20667
RandomForest,random,42,3,61,d7d678f513f54fbb,pingofdeath,False,random,334efcfa4f3469a0
RandomForest,random,42,3,62,f5655e6bfd3faa60,tcpfin1,False,random,1dbaada03a343f6d
RandomForest,random,42,3,63,0b249e0603d87b3d,routeip,False,random,753bbc2687bc83bf
RandomForest,random,42,3,64,feeb1a277013bd99,land,True,random,1fb8b2e54d539a4d
RandomForest,random,42,3,65,726a537f3727ef03,winnuke,False,random,410bcc024f654308
RandomForest,random,42,3,66,42108268027db10e,tcpall,False,random,25df2cbec14f457e
RandomForest,random,42,3,67,b10069f1656d32e8,tcp,False,random,8a0c3de433c4f985
RandomForest,random,42,3,68,8f2ff25f65ac133b,winnuke,False,random,0541563abf895aec
RandomForest,random,42,3,69,490e4fa50f4f3729,syn,False,random,91a24eb6dfa53e45
RandomForest,random,42,3,70,d5e4612390154d62,tcpfin1,False,random,1a1695b4f63d38b9
RandomForest,random,42,3,71,654e48efd3585a88,winnuke,False,random,2a429c750d8035e7
RandomForest,random,42,3,72,3f26a9b02a32c94c,pingofdeath,False,random,7694892c003357cf
RandomForest,random,42,3,73,0565e10a2cde50f6,icmpbig,False,random,11ef2328aebbae9a
RandomForest,random,42,3,74,bde50f6ace0d52e1,syn,False,random,91a24eb6dfa53e45
RandomForest,random,42,3,75,da8f2ffbba2cd8ca,fraggle,False,random,7783cad29f1484b7
RandomForest,random,42,4,76,b278111a65b4bb15,benign,False,random,728c532c6f8aebff
RandomForest,random,42,4,77,89f73f72604fea8c,tcpfin1,False,random,3da3facffa0f3564
RandomForest,random,42,4,78,ffd162eaafb21fd9,tcp,False,random,cd64136aeecc4532
RandomForest,random,42,4,79,c891181471ab56dd,synflood,False,random,5428ff63d319154b
RandomForest,random,42,4,80,7852f79061b622fb,tcp,False,random,2fe8b757aa694f1f
RandomForest,random,42,4,81,311d0008532483bc,fraggle,False,random,5034e5ea57497093
RandomForest,random,42,4,82,6c7ef47a98f9167e,tcpfin1,False,random,1a1695b4f63d38b9
RandomForest,random,42,4,83,5eb1fd80b32cfdf0,icmpflood,False,random,195cff201c45896e
RandomForest,random,42,4,84,7b2b0b77becec278,fraggle,False,random,31339063f76812c2
RandomForest,random,42,4,85,c1c1156fc24dc46a,ackflood,False,random,7585b896692048e5
RandomForest,random,42,4,86,e7df4b9324e3ca41,syn,False,random,91a24eb6dfa53e45
RandomForest,random,42,4,87,81bc01fd23cc44a6,winnuke,False,random,410bcc024f654308
RandomForest,random,42,4,88,96f94b0236cc22a6,synflood,False,random,76684c02635f367e
RandomForest,random,42,4,89,77867dce8cb7851d,synflood,False,random,264886fc421b09cd
RandomForest,random,42,4,90,b4c72e8ec8d0e63d,synflood,False,random,76684c02635f367e
RandomForest,random,42,4,91,90c1a116e4139081,benign,False,random,2afd633f5625408e
RandomForest,random,42,4,92,4a254a59b21c4b1e,pingofdeath,False,random,2b254b60556a78d2
RandomForest,random,42,4,93,2db46ffe2d6f3fd3,syn,False,random,9b58eb4ca28cad6b
RandomForest,random,42,4,94,4fca4767ba9d9bbd,routeip,False,random,7480dec5eaacca58
RandomForest,random,42,4,95,2291b38bcba21d51,tcpfin1,False,random,e4236da2a6400c34
RandomForest,random,42,4,96,e0bfa9f859b5ada5,teardrop,True,random,c11110b107945ad1
RandomForest,random,42,4,97,17f4d839e8409f86,synflood,False,random,3d307ee5db225ecd
RandomForest,random,42,4,98,cf756ccb5eb6fa4c,pingofdeath,False,random,6a7c9eb2abe5f85a
RandomForest,random,42,4,99,6f33364236f29e9c,ackflood,False,random,e6e7170296a1d0ef
RandomForest,random,42,4,100,28d31bb25bb98c33,winnuke,False,random,4bc6d5668cbbe29a
RandomForest,random,42,5,101,5a8bc29c755db791,tcp,False,random,3a24691524162b9d
RandomForest,random,42,5,102,a9ec3437f87e47ee,smurf,False,random,f4df15c8bbacd8da
RandomForest,random,42,5,103,881bcde3ddeb129c,ackpflood,True,random,811ae939f0302bde
RandomForest,random,42,5,104,67b03c1f7c6a4832,synflood,False,random,76684c02635f367e
RandomForest,random,42,5,105,e7d5b2b7fe18f690,routeip,False,random,753bbc2687bc83bf
RandomForest,random,42,5,106,8e3782717010a693,winnuke,False,random,d4174c793de26221
RandomForest,random,42,5,107,fd85ed90b188901b,synflood,False,random,2b98e0f313025673
RandomForest,random,42,5,108,faa4ba0d338470b3,fraggle,False,random,01e2c01fba8621af
RandomForest,random,42,5,109,8ae7a0a4cd65caa6,icmpbig,False,random,11ef2328aebbae9a
RandomForest,random,42,5,110,506c0bccda855e30,routeip,False,random,753bbc2687bc83bf
RandomForest,random,42,5,111,fad514b89a50e543,synflood,False,random,d12b6d97bdd50642
RandomForest,random,42,5,112,852c2275a81a66a4,icmpflood,False,random,46c4f94197429bd3
RandomForest,random,42,5,113,1d1acc72bf44fb98,winnuke,False,random,9473c75e574f4be3
RandomForest,random,42,5,114,302bddd86cdbeffd,benign,False,random,b09860e3a37e636d
RandomForest,random,42,5,115,ea1f366febc6e82b,pingofdeath,False,random,528da3dd89c7c975
RandomForest,random,42,5,116,ff0c6c157238dba8,pingofdeath,False,random,c6be43f2d10fd034
RandomForest,random,42,5,117,5f8da17c29d53cda,tcpall,False,random,25df2cbec14f457e
RandomForest,random,42,5,118,8eb7a78d7d749f67,synflood,False,random,d6ef080e033d4da8
RandomForest,random,42,5,119,a8321d0a65768a4e,icmpflood,False,random,86cbcd29c1a0caec
RandomForest,random,42,5,120,effe5a47ee55e840,smurf,False,random,e6aaedee4e69efa3
RandomForest,random,42,5,121,af337e2998586cba,pingofdeath,False,random,a0b7a4151449894b
RandomForest,random,42,5,122,03347b13240e6438,winnuke,False,random,414d115dbcbdff66
RandomForest,random,42,5,123,5c5d6755245319a2,smurf,False,random,0c6529c04298f723
RandomForest,random,42,5,124,dc6b47398c66b6a8,teardrop,True,random,7409c11e289a47aa
RandomForest,random,42,5,125,25072f3cfb9e8bcd,tcpall,False,random,25df2cbec14f457e
RandomForest,random,42,6,126,85c98a0f2bef01f7,synflood,False,random,c8dcc68eceb08b3e
RandomForest,random,42,6,127,5c028aec94d1a58b,icmpflood,False,random,b81687c57ee91e39
RandomForest,random,42,6,128,bc0e46636c4bba77,teardrop,True,random,7ad4650073f193c0
RandomForest,random,42,6,129,19f59506592a9fe0,tcpfin1,False,random,3da3facffa0f3564
RandomForest,random,42,6,130,76001e2834668b1c,tcp,False,random,50ddf0aae9d8a792
RandomForest,random,42,6,131,89270c80e2d61649,benign,False,random,c1657b18b21011b2
RandomForest,random,42,6,132,cfbd5216880463e8,fraggle,False,random,31339063f76812c2
RandomForest,random,42,6,133,702771ed1a9a641d,benign,False,random,a0ee160349745fc6
RandomForest,random,42,6,134,eca978525db5c73d,pingofdeath,False,random,b2d52641513562f2
RandomForest,random,42,6,135,e5d9f2b4521ff5f3,ackflood,False,random,f8cba5697937110c
RandomForest,random,42,6,136,67ebc54e6105cb2c,syn,False,random,91a24eb6dfa53e45
RandomForest,random,42,6,137,4dd5b4ee1dcec097,tcpfin1,False,random,3da3facffa0f3564
RandomForest,random,42,6,138,65a5b4d4aea3f7de,icmpflood,False,random,a2001e0898aa103a
RandomForest,random,42,6,139,0a2f1e1e0f21b631,teardrop,True,random,c11110b107945ad1
RandomForest,random,42,6,140,64421b00a3bcc106,icmpbig,False,random,11ef2328aebbae9a
RandomForest,random,42,6,141,3cfa11f4137b18d8,ackpflood,True,random,811ae939f0302bde
RandomForest,random,42,6,142,de70a59cccf9f295,icmpflood,False,random,6aefc493fc6983a1
RandomForest,random,42,6,143,8486cc03b3990ce7,fraggle,False,random,5a65026acc1ff666
RandomForest,random,42,6,144,414e001ba3f0312d,smurf,False,random,4614ba434a2c3470
RandomForest,random,42,6,145,c2cc8cb19e2674e9,routeip,False,random,7480dec5eaacca58
RandomForest,random,42,6,146,8b726e62233e3989,ackflood,False,random,d21c7e8c0496b689
RandomForest,random,42,6,147,8e3736075be3a9ae,fraggle,False,random,f0a49b544399111c
RandomForest,random,42,6,148,9d4560d61f5d07e7,synflood,False,random,90f44592fe8d3fd4
RandomForest,random,42,6,149,34c649e729c0824c,ackflood,False,random,2e0cd3ce21eca303
RandomForest,random,42,6,150,5a4732007857bfb0,tcpall,False,random,25df2cbec14f457e
RandomForest,random,42,7,151,3871bcc92be3ed1d,ackflood,False,random,821fabf5b78d3cd3
RandomForest,random,42,7,152,f694300b32db8a9d,synflood,False,random,ae11e65f53c68f0f
RandomForest,random,42,7,153,22c6afb8227c88e5,pingofdeath,False,random,a22a5d501a4a0d04
RandomForest,random,42,7,154,36678e1a29033340,tcp,False,random,90fd74b0affb5fa2
RandomForest,random,42,7,155,ae945e572bafd5e9,pingofdeath,False,random,3692fa49e4cf7dd5
RandomForest,random,42,7,156,8ec72f1bb38a8489,pingofdeath,False,random,931fc76a27676529
RandomForest,random,42,7,157,62015f201728b189,icmpbig,False,random,bf640f01d7d74bf6
RandomForest,random,42,7,158,f22ae86531ca4af8,tcp,False,random,965b7aeaadad8c08
RandomForest,random,42,7,159,7704f5aafc1a08ed,routeip,False,random,7480dec5eaacca58
RandomForest,random,42,7,160,3f5172243c9c0454,fraggle,False,random,08e5f0c0c9b3c650
RandomForest,random,42,7,161,7199258029b7a8a4,benign,False,random,8065ba3a8c909bd6
RandomForest,random,42,7,162,474e5c6330556158,smurf,False,random,8837e27807246aec
RandomForest,random,42,7,163,c482afa568869c8b,icmpflood,False,random,242f118ba29b625b
RandomForest,random,42,7,164,3f480b3a34e58433,fraggle,False,random,31339063f76812c2
RandomForest,random,42,7,165,59d0ae9e33283326,icmpbig,False,random,11ef2328aebbae9a
RandomForest,random,42,7,166,d0ed2424fe6a8e78,benign,False,random,3aa6c1455743dfbf
RandomForest,random,42,7,167,fa9043003ffe7d4e,routeip,False,random,753bbc2687bc83bf
RandomForest,random,42,7,168,af1b8c0c264ed44a,land,True,random,1fb8b2e54d539a4d
RandomForest,random,42,7,169,46febe32d8b3c1cf,tcpfin1,False,random,1a1695b4f63d38b9
RandomForest,random,42,7,170,fa6c906de739dc71,ackflood,False,random,7baffe9b07ebb6a4
RandomForest,random,42,7,171,a6ebb843ab912dcc,tcpall,False,random,6d190f0ade234a41
RandomForest,random,42,7,172,c1f299db04f1a590,teardrop,True,random,74a345693602c106
RandomForest,random,42,7,173,efbd4636c0875be7,synflood,False,random,2c22c78e264c20f7
RandomForest,random,42,7,174,255d6418d8b98dc4,winnuke,False,random,0541563abf895aec
RandomForest,random,42,7,175,dc57b162eaee6430,pingofdeath,False,random,4897d869f753d5d6
RandomForest,random,42,8,176,c2b2f3e96e89c97a,pingofdeath,False,random,528da3dd89c7c975
RandomForest,random,42,8,177,950f42e98e7ed79f,fraggle,False,random,add455247e14b58f
RandomForest,random,42,8,178,15eeb592039e0922,winnuke,False,random,b72c7eefdba9dfd7
RandomForest,random,42,8,179,b20913fe92be1a1d,tcp,False,random,dd41d42db133230c
RandomForest,random,42,8,180,fcdb76c3780eaee8,icmpflood,False,random,195cff201c45896e
RandomForest,random,42,8,181,3ca8c1ec686b3123,ackflood,False,random,be7ee44a657202f1
RandomForest,random,42,8,182,cfbac525875729b8,synflood,False,random,60b6b14d278e0d4e
RandomForest,random,42,8,183,87de4685ad39877a,tcp,False,random,e2b86fd22c5c2742
RandomForest,random,42,8,184,f68a3abf2f572d2a,tcpfin1,False,random,3da3facffa0f3564
RandomForest,random,42,8,185,4bca2414d579b41d,smurf,False,random,a308417f193109ef
RandomForest,random,42,8,186,b1d866a6c64314bc,land,True,random,1fb8b2e54d539a4d
RandomForest,random,42,8,187,06fcdb7f4005f85a,benign,False,random,95be21fef3e34d5d
RandomForest,random,42,8,188,52ac346f8d6e9201,syn,False,random,9b58eb4ca28cad6b
RandomForest,random,42,8,189,e34702fec1db3bde,tcp,False,random,cd64136aeecc4532
RandomForest,random,42,8,190,3428aa12d95b05de,pingofdeath,False,random,2436c07aee906a16
RandomForest,random,42,8,191,4a0569ed3def6451,smurf,False,random,5074e463ae1ff129
RandomForest,random,42,8,192,78a34f0a0526d2f6,synflood,False,random,2b98e0f313025673
RandomForest,random,42,8,193,c3cc5f224b50ed1b,syn,False,random,1f970c937f152aa7
RandomForest,random,42,8,194,aa63cd3b4e101961,teardrop,True,random,f3a9ca77aa994aa6
RandomForest,random,42,8,195,a2a952d5673238a1,tcpall,False,random,6d190f0ade234a41
RandomForest,random,42,8,196,993d17e243bcd29e,fraggle,False,random,3cf27a7bcc2d512e
RandomForest,random,42,8,197,963c3a7d793d3be5,ackflood,False,random,601302e56fa040d6
RandomForest,random,42,8,198,dcdb8749f0e96bb0,synflood,False,random,f4efa23870b784d1
RandomForest,random,42,8,199,578656d436d0a9ab,benign,False,random,9b520c58eca0f020
RandomForest,random,42,8,200,56a5f18f05ea7c62,smurf,False,random,4614ba434a2c3470
RandomForest,random,42,9,201,07e4ede6ed56ea27,icmpbig,False,random,11ef2328aebbae9a
RandomForest,random,42,9,202,ceb52ab3fb309ea1,benign,False,random,183a5295ecb14e20
RandomForest,random,42,9,203,b2a48411436164ad,tcpfin1,False,random,3da3facffa0f3564
RandomForest,random,42,9,204,9230b7a41ee2bf8c,tcp,False,random,dd41d42db133230c
RandomForest,random,42,9,205,8a5d31943e1ea08f,winnuke,False,random,0541563abf895aec
RandomForest,random,42,9,206,6bbb185f2f69a6af,benign,False,random,3c1d6d751e63c93b
RandomForest,random,42,9,207,14a5471c3e7348ef,winnuke,False,random,0541563abf895aec
RandomForest,random,42,9,208,37c91a29674866b5,smurf,False,random,4614ba434a2c3470
RandomForest,random,42,9,209,717760459c807270,ackpflood,True,random,bd510951eca832d9
RandomForest,random,42,9,210,5f64b9d7ea5635c7,ackflood,False,random,f83ae387e0bdf50e
RandomForest,random,42,9,211,665698ca68c83d05,land,True,random,1fb8b2e54d539a4d
RandomForest,random,42,9,212,fb3c80d71e0d4a47,icmpbig,False,random,bf640f01d7d74bf6
RandomForest,random,42,9,213,ebd23fb1e6c69b8b,land,True,random,1fb8b2e54d539a4d
RandomForest,random,42,9,214,94a01a8c73614aa7,benign,False,random,2afd633f5625408e
RandomForest,random,42,9,215,db8c331bc2009103,land,True,random,1fb8b2e54d539a4d
RandomForest,random,42,9,216,96e1ba93809ac9bd,pingofdeath,False,random,c5bf68edf933ca07
RandomForest,random,42,9,217,c9bea20018cb0a95,icmpbig,False,random,11ef2328aebbae9a
RandomForest,random,42,9,218,2346e007cce546fa,benign,False,random,80b48f4cd277d383
RandomForest,random,42,9,219,aa997b4f32452f00,icmpflood,False,random,216576aa0b3057ad
RandomForest,random,42,9,220,ce5a613f4a56e43e,icmpflood,False,random,0e00e5ec9f2c4190
RandomForest,random,42,9,221,67d0fbf8f58bd581,benign,False,random,0c4eab26a143f4c3
RandomForest,random,42,9,222,9a8cc134dc9cd8cf,benign,False,random,27ecfce52bbb917a
RandomForest,random,42,9,223,ab81afaa0deb15f9,tcp,False,random,024943c95e462297
RandomForest,random,42,9,224,daaf8cf3fcf5bdd3,winnuke,False,random,feec1d5dd9687485
RandomForest,random,42,9,225,dd663a16791d3f97,icmpflood,False,random,8a92680589ae2e5b
RandomForest,random,42,10,226,6964d4471a93f186,icmpflood,False,random,46c4f94197429bd3
RandomForest,random,42,10,227,4c2400510b19c76c,icmpflood,False,random,9f7b52fecb82316b
RandomForest,random,42,10,228,cd2ed61c9dba8d42,ackflood,False,random,375706e3c87f9a71
RandomForest,random,42,10,229,19461de2815fe5f1,synflood,False,random,264886fc421b09cd
RandomForest,random,42,10,230,8ab8f483f2226b55,icmpbig,False,random,11ef2328aebbae9a
RandomForest,random,42,10,231,6d10e30f6deddaa8,routeip,False,random,753bbc2687bc83bf
RandomForest,random,42,10,232,3c35bc3b1875c065,icmpflood,False,random,1f3cdb4b41bd6398
RandomForest,random,42,10,233,4549afcf30b22aa9,tcp,False,random,58ec369bf1912a56
RandomForest,random,42,10,234,4bf28ee8786f25b5,icmpbig,False,random,11ef2328aebbae9a
RandomForest,random,42,10,235,abf2de48f75af4f9,benign,False,random,0281275bb82665dc
RandomForest,random,42,10,236,38164a4a43f92e22,synflood,False,random,8a3ed2acaafa363b
RandomForest,random,42,10,237,d63c87b648470d6f,ackpflood,True,random,811ae939f0302bde
RandomForest,random,42,10,238,9af31bd4349042d7,icmpflood,False,random,ae30493b2761b1b1
RandomForest,random,42,10,239,06da3d773017bc2f,icmpbig,False,random,11ef2328aebbae9a
RandomForest,random,42,10,240,02476c849dd6a689,benign,False,random,8884cc9ba987dc59
RandomForest,random,42,10,241,c333c653dfc8d419,tcp,False,random,cd64136aeecc4532
RandomForest,random,42,10,242,07df6b2643940bf9,fraggle,False,random,e9c5ad826faf87f5
RandomForest,random,42,10,243,aae8fb1a202701c1,tcp,False,random,20728b55be28c7ad
RandomForest,random,42,10,244,527b9fffb0256083,routeip,False,random,7480dec5eaacca58
RandomForest,random,42,10,245,e4a8f32dd8605be4,routeip,False,random,7480dec5eaacca58
RandomForest,random,42,10,246,7b04f328d199bf5c,winnuke,False,random,0541563abf895aec
RandomForest,random,42,10,247,ef9e313457220af8,teardrop,True,random,47f813adaf2ee0cf
RandomForest,random,42,10,248,6d8dfc88f1a71c77,tcp,False,random,ef0542b9fa15660a
RandomForest,random,42,10,249,c5348d383438f035,teardrop,True,random,7409c11e289a47aa
RandomForest,random,42,10,250,573b41452a5a8616,land,True,random,1fb8b2e54d539a4d
RandomForest,random,42,11,251,840ce53b2583b3ee,syn,False,random,91a24eb6dfa53e45
RandomForest,random,42,11,252,9fdde3c537cf1769,benign,False,random,8bc21facc0653155
RandomForest,random,42,11,253,e7cfaac8189d59ea,synflood,False,random,9a51a03c51ef26d4
RandomForest,random,42,11,254,02cf9c943a1a3e16,winnuke,False,random,6e9e85f898949f72
RandomForest,random,42,11,255,81a6a5096fc90334,pingofdeath,False,random,9fcb498b7a7b6fc2
RandomForest,random,42,11,256,801ba3bdc29d7612,icmpflood,False,random,d32db3bbd07fe8d5
RandomForest,random,42,11,257,4ed03072c931d754,synflood,False,random,76684c02635f367e
RandomForest,random,42,11,258,45f08e34fa62ab15,tcpfin1,False,random,1a1695b4f63d38b9
RandomForest,random,42,11,259,582bca19b9d88eb0,tcpfin1,False,random,3da3facffa0f3564
RandomForest,random,42,11,260,f64a54a9a1b70451,ackpflood,True,random,bd510951eca832d9
RandomForest,random,42,11,261,f87fa797564b4f02,syn,False,random,91a24eb6dfa53e45
RandomForest,random,42,11,262,5b7145d435697cac,icmpbig,False,random,11ef2328aebbae9a
RandomForest,random,42,11,263,fe00ef121bf081d1,icmpbig,False,random,11ef2328aebbae9a
RandomForest,random,42,11,264,ef9eeeeb812fc9e3,tcp,False,random,8a0c3de433c4f985
RandomForest,random,42,11,265,e9190476dc4ac9fc,icmpbig,False,random,11ef2328aebbae9a
RandomForest,random,42,11,266,7708f47e4dd91ee7,teardrop,True,random,7409c11e289a47aa
RandomForest,random,42,11,267,0faef092c7097087,benign,False,random,fb388d8dbb5b1050
RandomForest,random,42,11,268,fca8c0c9243705ed,winnuke,False,random,e396d71ce460dfc5
RandomForest,random,42,11,269,f7362492b0d68648,routeip,False,random,7480dec5eaacca58
RandomForest,random,42,11,270,cf06046c593aeb51,winnuke,False,random,410bcc024f654308
RandomForest,random,42,11,271,34e529a7b94d59a5,benign,False,random,0a6809ab3a8c9cd5
RandomForest,random,42,11,272,e89f1e870a5a25ad,ackpflood,True,random,bd510951eca832d9
RandomForest,random,42,11,273,aca137cafc96b55e,icmpflood,False,random,424831393bd84b19
RandomForest,random,42,11,274,153f4828fa63adf4,synflood,False,random,a8dd0bf30ca32d5f
RandomForest,random,42,11,275,ed27629fe98c15c1,pingofdeath,False,random,2e15591b9476cce4
RandomForest,random,42,12,276,c2e9642d42a830a0,benign,False,random,2d70bdcea42b6257
RandomForest,random,42,12,277,a64b666e70b36bf4,land,True,random,1fb8b2e54d539a4d
RandomForest,random,42,12,278,97481fb7553ad741,routeip,False,random,7480dec5eaacca58
RandomForest,random,42,12,279,1a0fb7f04e7e386f,tcp,False,random,58ec369bf1912a56
RandomForest,random,42,12,280,aeed3c27eba0e428,fraggle,False,random,add455247e14b58f
RandomForest,random,42,12,281,fb6d00a4d0173d9e,fraggle,False,random,57b5d45129971226
RandomForest,random,42,12,282,7f0a82d604e814bf,tcpall,False,random,25df2cbec14f457e
RandomForest,random,42,12,283,5b2d948601878b59,ackflood,False,random,4355ef8590b67ead
RandomForest,random,42,12,284,664c3614a260b35e,ackflood,False,random,3f66f07604f63960
RandomForest,random,42,12,285,82b463c2072ab159,routeip,False,random,dabc063a26814dbc
RandomForest,random,42,12,286,f9d8f7da7dc46a73,icmpflood,False,random,ae30493b2761b1b1
RandomForest,random,42,12,287,0ada5f81eb752e7a,winnuke,False,random,0541563abf895aec
RandomForest,random,42,12,288,0ec782b3c7eb2452,icmpflood,False,random,e04bd5af7fce780e
RandomForest,random,42,12,289,007234348a2c107c,routeip,False,random,dabc063a26814dbc
RandomForest,random,42,12,290,7739bf3991f5f627,smurf,False,random,4614ba434a2c3470
RandomForest,random,42,12,291,979f474f3564cdab,land,True,random,1fb8b2e54d539a4d
RandomForest,random,42,12,292,a8241c634d1d7482,fraggle,False,random,add455247e14b58f
RandomForest,random,42,12,293,b6b63241b27fade9,benign,False,random,d1662524bee772e4
RandomForest,random,42,12,294,f0eadca433b4118f,icmpbig,False,random,bf640f01d7d74bf6
RandomForest,random,42,12,295,fc99ad638c6f0933,smurf,False,random,0c6529c04298f723
RandomForest,random,42,12,296,9c2323cb0c23eb40,winnuke,False,random,0541563abf895aec
RandomForest,random,42,12,297,0d4725fc7ee5f3e4,syn,False,random,1f970c937f152aa7
RandomForest,random,42,12,298,41270351dab4821a,icmpflood,False,random,1a8a950154dcb23e
RandomForest,random,42,12,299,e1272a9e070302e7,syn,False,random,6407d7ec4d6128a0
RandomForest,random,42,12,300,9d0502180efbe2e0,fraggle,False,random,5034e5ea57497093
RandomForest,uncertainty,42,1,1,7bb96bd8e11f6f46,land,True,uncertainty,654556dfa59443af
RandomForest,uncertainty,42,1,2,2e2da1aae652644c,land,True,uncertainty,1379c5ba91c02310
RandomForest,uncertainty,42,1,3,fd128d7419daec28,pingofdeath,False,uncertainty,97b1a2b42a8f87ec
RandomForest,uncertainty,42,1,4,94e2114f1fb7478b,land,True,uncertainty,1fb8b2e54d539a4d
RandomForest,uncertainty,42,1,5,23c666827c297357,land,True,uncertainty,1fb8b2e54d539a4d
RandomForest,uncertainty,42,1,6,e4fd10f0d1a9d561,land,True,uncertainty,1fb8b2e54d539a4d
RandomForest,uncertainty,42,1,7,635dad88c65b30dc,land,True,uncertainty,1fb8b2e54d539a4d
RandomForest,uncertainty,42,1,8,1482e00706597d64,land,True,uncertainty,1fb8b2e54d539a4d
RandomForest,uncertainty,42,1,9,6d60b068b4221e94,land,True,uncertainty,1fb8b2e54d539a4d
RandomForest,uncertainty,42,1,10,f0624e4e8d48abf9,land,True,uncertainty,1fb8b2e54d539a4d
RandomForest,uncertainty,42,1,11,5475326f1bec1b36,land,True,uncertainty,1fb8b2e54d539a4d
RandomForest,uncertainty,42,1,12,284ffb984d516e31,land,True,uncertainty,1fb8b2e54d539a4d
RandomForest,uncertainty,42,1,13,f1317df76c5c2ff8,land,True,uncertainty,1fb8b2e54d539a4d
RandomForest,uncertainty,42,1,14,866d73dcbe031087,land,True,uncertainty,1fb8b2e54d539a4d
RandomForest,uncertainty,42,1,15,22963aaebeefda4c,land,True,uncertainty,1fb8b2e54d539a4d
RandomForest,uncertainty,42,1,16,9b151e76e70c4ad2,land,True,uncertainty,1fb8b2e54d539a4d
RandomForest,uncertainty,42,1,17,597c8d17872e4d1a,land,True,uncertainty,1fb8b2e54d539a4d
RandomForest,uncertainty,42,1,18,a78dc54fb3a699ea,land,True,uncertainty,1fb8b2e54d539a4d
RandomForest,uncertainty,42,1,19,03fb9cddec2ad19a,land,True,uncertainty,1fb8b2e54d539a4d
RandomForest,uncertainty,42,1,20,cd2fc420698e86e2,land,True,uncertainty,1fb8b2e54d539a4d
RandomForest,uncertainty,42,1,21,9cf39830ab3215d2,land,True,uncertainty,1fb8b2e54d539a4d
RandomForest,uncertainty,42,1,22,dbafc83c74650fb3,land,True,uncertainty,1fb8b2e54d539a4d
RandomForest,uncertainty,42,1,23,a651d72cee75c31a,land,True,uncertainty,1fb8b2e54d539a4d
RandomForest,uncertainty,42,1,24,eabd09186b901986,land,True,uncertainty,1fb8b2e54d539a4d
RandomForest,uncertainty,42,1,25,3d6133a9c1e76b5b,land,True,uncertainty,1fb8b2e54d539a4d
RandomForest,uncertainty,42,2,26,8486cc03b3990ce7,fraggle,False,uncertainty,5a65026acc1ff666
RandomForest,uncertainty,42,2,27,a20610318914e0d7,benign,False,uncertainty,b59c05154e7ca71c
RandomForest,uncertainty,42,2,28,373f82cd28504e92,ackpflood,True,uncertainty,31c3aa5d3b7409e8
RandomForest,uncertainty,42,2,29,1dc7ed41b7ac95d6,ackpflood,True,uncertainty,e0beecf3b3b8b78c
RandomForest,uncertainty,42,2,30,b578a8cb0810f79a,winnuke,False,uncertainty,58a1160e8243529c
RandomForest,uncertainty,42,2,31,098ad6f9a251307c,benign,False,uncertainty,020fd876186249ed
RandomForest,uncertainty,42,2,32,c2f4ad3fa30b4974,ackflood,False,uncertainty,f1ef3b8b705a7243
RandomForest,uncertainty,42,2,33,162959f3d540d393,benign,False,uncertainty,ab607084f5641487
RandomForest,uncertainty,42,2,34,7a2ad615bc9ab923,ackflood,False,uncertainty,f1ef3b8b705a7243
RandomForest,uncertainty,42,2,35,bb62c75b815aa242,benign,False,uncertainty,441214b0416b5bc0
RandomForest,uncertainty,42,2,36,a8bdc49086b0a59a,benign,False,uncertainty,e2bc1c69f591cda8
RandomForest,uncertainty,42,2,37,518715a71308da60,ackpflood,True,uncertainty,4b1c7d0a72c0072b
RandomForest,uncertainty,42,2,38,02e3720d9d4ee7ef,benign,False,uncertainty,74dadab1aff7e5b8
RandomForest,uncertainty,42,2,39,77b398b1394e4fe6,fraggle,False,uncertainty,6f4f7da9f9f2df49
RandomForest,uncertainty,42,2,40,38b7081fff1555fa,benign,False,uncertainty,dbbab94299988428
RandomForest,uncertainty,42,2,41,f0d4a997f8ce8687,benign,False,uncertainty,027048a82304685c
RandomForest,uncertainty,42,2,42,9ae7b8899ee75d10,ackflood,False,uncertainty,f1ef3b8b705a7243
RandomForest,uncertainty,42,2,43,3893123ea7f40f8e,benign,False,uncertainty,11a81c3428d1fe5b
RandomForest,uncertainty,42,2,44,0e66a2c69dd17e02,benign,False,uncertainty,ad6a845b78f22370
RandomForest,uncertainty,42,2,45,6374289871c9fce4,benign,False,uncertainty,b43c5be6c49ce354
RandomForest,uncertainty,42,2,46,3e075d2984a0e324,ackflood,False,uncertainty,bee7dda1a0370d78
RandomForest,uncertainty,42,2,47,c1c8539785c1ded5,ackflood,False,uncertainty,86a63f47589c72e4
RandomForest,uncertainty,42,2,48,8b87db443297005c,ackflood,False,uncertainty,d67c79895ba7cc13
RandomForest,uncertainty,42,2,49,3dbd0853e6bcb43f,fraggle,False,uncertainty,b732b8a05bb4f1eb
RandomForest,uncertainty,42,2,50,cec71a07a5e809da,ackflood,False,uncertainty,b9cf7c4de6bf5c99
RandomForest,uncertainty,42,3,51,871b60d75929f84f,icmpflood,False,uncertainty,b0c50a45c0530dda
RandomForest,uncertainty,42,3,52,64d239e9edb5982a,icmpflood,False,uncertainty,2567ba0bb30cb008
RandomForest,uncertainty,42,3,53,b7309366ed4bb992,benign,False,uncertainty,3a02ccc66cba9786
RandomForest,uncertainty,42,3,54,e44e336f5fe9c035,ackpflood,True,uncertainty,bd510951eca832d9
RandomForest,uncertainty,42,3,55,659f87b94b8dae95,smurf,False,uncertainty,40c6004a07e71a22
RandomForest,uncertainty,42,3,56,fc2e29c59f21b824,ackpflood,True,uncertainty,811ae939f0302bde
RandomForest,uncertainty,42,3,57,afdb11ba20ddf3d0,ackpflood,True,uncertainty,bd510951eca832d9
RandomForest,uncertainty,42,3,58,2ae0c91130365806,ackpflood,True,uncertainty,bd510951eca832d9
RandomForest,uncertainty,42,3,59,592101be6f63560d,ackpflood,True,uncertainty,a1cb362fa310338d
RandomForest,uncertainty,42,3,60,cd997e037f7a0e15,ackpflood,True,uncertainty,bd510951eca832d9
RandomForest,uncertainty,42,3,61,037d8381fe19ce62,ackpflood,True,uncertainty,a1cb362fa310338d
RandomForest,uncertainty,42,3,62,f3f99b6a7b864e67,ackpflood,True,uncertainty,bd510951eca832d9
RandomForest,uncertainty,42,3,63,c7d890507d23d499,ackpflood,True,uncertainty,bd510951eca832d9
RandomForest,uncertainty,42,3,64,d3bac5a9e7162550,icmpflood,False,uncertainty,d9b9c9bc8c6404aa
RandomForest,uncertainty,42,3,65,39dd3c18c75c2c80,ackpflood,True,uncertainty,bd510951eca832d9
RandomForest,uncertainty,42,3,66,4cc910f14f5de673,ackpflood,True,uncertainty,a1cb362fa310338d
RandomForest,uncertainty,42,3,67,2553bee8a7006e38,ackpflood,True,uncertainty,bd510951eca832d9
RandomForest,uncertainty,42,3,68,31781e89a5944752,ackpflood,True,uncertainty,bd510951eca832d9
RandomForest,uncertainty,42,3,69,71178415a86f619c,ackpflood,True,uncertainty,bd510951eca832d9
RandomForest,uncertainty,42,3,70,38737ca4cbf2bed5,ackpflood,True,uncertainty,bd510951eca832d9
RandomForest,uncertainty,42,3,71,4c7ea803616f17a3,ackpflood,True,uncertainty,bd510951eca832d9
RandomForest,uncertainty,42,3,72,b5fc4454c7243680,ackpflood,True,uncertainty,bd510951eca832d9
RandomForest,uncertainty,42,3,73,4dfba9a7820a592c,ackpflood,True,uncertainty,bd510951eca832d9
RandomForest,uncertainty,42,3,74,b6fd2693efff024a,ackpflood,True,uncertainty,456c6c1c5604adc9
RandomForest,uncertainty,42,3,75,fb5ab5a5222ab601,ackpflood,True,uncertainty,a1cb362fa310338d
RandomForest,uncertainty,42,4,76,286da6afa5357929,icmpbig,False,uncertainty,02f30548bf4cc2f5
RandomForest,uncertainty,42,4,77,0eb4aa696e9ba556,icmpbig,False,uncertainty,e2e84cdc53389294
RandomForest,uncertainty,42,4,78,4d7481815450b62b,icmpbig,False,uncertainty,e2e84cdc53389294
RandomForest,uncertainty,42,4,79,66a393c7ed049ed4,icmpbig,False,uncertainty,e2e84cdc53389294
RandomForest,uncertainty,42,4,80,553fad40d3c2b89a,benign,False,uncertainty,8a67a7be53c6accd
RandomForest,uncertainty,42,4,81,9a6b45af526ea50a,benign,False,uncertainty,4710bed9c41238cb
RandomForest,uncertainty,42,4,82,8d379d3071eda726,synflood,False,uncertainty,ed2e6c955e2069ab
RandomForest,uncertainty,42,4,83,a16ba3c75c2c07f2,synflood,False,uncertainty,0f99dc9ce43a49de
RandomForest,uncertainty,42,4,84,d5a2c861159057b8,synflood,False,uncertainty,ed2e6c955e2069ab
RandomForest,uncertainty,42,4,85,26d9cda7bf42472f,synflood,False,uncertainty,ed2e6c955e2069ab
RandomForest,uncertainty,42,4,86,b4217b98784c71fa,synflood,False,uncertainty,c71597645bfa3166
RandomForest,uncertainty,42,4,87,22f1a96dd5446fee,synflood,False,uncertainty,ed2e6c955e2069ab
RandomForest,uncertainty,42,4,88,c12849820d12183c,smurf,False,uncertainty,ed5180333d358129
RandomForest,uncertainty,42,4,89,ab48c4873ad28180,smurf,False,uncertainty,49fcf6252a0c1c58
RandomForest,uncertainty,42,4,90,4127c77bdef33795,synflood,False,uncertainty,83ab8c98063f4629
RandomForest,uncertainty,42,4,91,faa0b2deccbd5202,winnuke,False,uncertainty,9947cad07cf2e6ef
RandomForest,uncertainty,42,4,92,a06c02c96ba72636,synflood,False,uncertainty,4e25ba1e05b20636
RandomForest,uncertainty,42,4,93,6fc657ba60b13a67,winnuke,False,uncertainty,4edcd0058de847f0
RandomForest,uncertainty,42,4,94,8c20dd959516e353,benign,False,uncertainty,2275dcaa42616486
RandomForest,uncertainty,42,4,95,01d5b100dde85d88,synflood,False,uncertainty,0f99dc9ce43a49de
RandomForest,uncertainty,42,4,96,b1726d6f096381d1,synflood,False,uncertainty,2a2a469bf902ad2c
RandomForest,uncertainty,42,4,97,43bf905fa8f40597,land,True,uncertainty,f32a5592caebefc3
RandomForest,uncertainty,42,4,98,249d59073a38400a,benign,False,uncertainty,a0f12313c90e2670
RandomForest,uncertainty,42,4,99,733b66e6c1d5cebb,winnuke,False,uncertainty,0c6c98b9dbb1dcf5
RandomForest,uncertainty,42,4,100,734972196a2dd18d,benign,False,uncertainty,dd68a43d9a6bc810
RandomForest,uncertainty,42,5,101,0506c3f75dbc40a2,benign,False,uncertainty,a9725501bb249177
RandomForest,uncertainty,42,5,102,ec2b1e0c5efb49c1,ackflood,False,uncertainty,1714f05c31d05091
RandomForest,uncertainty,42,5,103,af9976f408a02fa3,benign,False,uncertainty,ccba565cbcdef643
RandomForest,uncertainty,42,5,104,5f27ab131913a240,synflood,False,uncertainty,ecaf5550ee21b51e
RandomForest,uncertainty,42,5,105,4a8c2940be2a1a5c,ackflood,False,uncertainty,2a2a469bf902ad2c
RandomForest,uncertainty,42,5,106,93a2a93df99404ee,ackflood,False,uncertainty,4595750146c129d8
RandomForest,uncertainty,42,5,107,cc37f4df5008bcd4,ackflood,False,uncertainty,e262f392ca28272c
RandomForest,uncertainty,42,5,108,28175c11d40dd672,ackflood,False,uncertainty,5cdc870a7567a3b3
RandomForest,uncertainty,42,5,109,ea69c37970ce652c,synflood,False,uncertainty,9f9a4ed014287e05
RandomForest,uncertainty,42,5,110,acad41517035e15d,ackflood,False,uncertainty,9f9a4ed014287e05
RandomForest,uncertainty,42,5,111,36325119b998afc4,fraggle,False,uncertainty,67eeffedc671d1d2
RandomForest,uncertainty,42,5,112,1eb315ba55a30e65,benign,False,uncertainty,cc83083234a3fdb0
RandomForest,uncertainty,42,5,113,f73ec1baaf61b230,ackflood,False,uncertainty,a764d465ea1ab16c
RandomForest,uncertainty,42,5,114,496322f3335719e8,fraggle,False,uncertainty,67eeffedc671d1d2
RandomForest,uncertainty,42,5,115,7eff630eaf038b33,benign,False,uncertainty,f61586e7f154590d
RandomForest,uncertainty,42,5,116,a28489f3e76fea13,benign,False,uncertainty,afe4546871d4697a
RandomForest,uncertainty,42,5,117,28ca73f79c047097,benign,False,uncertainty,eeb2f11648658228
RandomForest,uncertainty,42,5,118,22f9beaf86ea9f83,fraggle,False,uncertainty,4d3baa045201d5f2
RandomForest,uncertainty,42,5,119,bb0c6ffc2926a5fc,fraggle,False,uncertainty,0e97058d9ab8e995
RandomForest,uncertainty,42,5,120,a685b58a7005a355,ackflood,False,uncertainty,e262f392ca28272c
RandomForest,uncertainty,42,5,121,d66035c4dea836b6,benign,False,uncertainty,64b38daae1b3fec0
RandomForest,uncertainty,42,5,122,93d7ad6f819369e2,ackflood,False,uncertainty,57d99c5b65a6b74c
RandomForest,uncertainty,42,5,123,853a540e08c7340c,ackflood,False,uncertainty,77afad4d20651ab6
RandomForest,uncertainty,42,5,124,55a2786ecc7e175c,benign,False,uncertainty,2bc4bbee01ac8092
RandomForest,uncertainty,42,5,125,3bb2e1c9eeace4f8,icmpflood,False,uncertainty,414b96fbbd01c62d
RandomForest,uncertainty,42,6,126,e519313599f3bdcb,winnuke,False,uncertainty,7a8b3bc50abbc41a
RandomForest,uncertainty,42,6,127,c2d6b5357daf0e66,winnuke,False,uncertainty,bc6c827eb16f7c9e
RandomForest,uncertainty,42,6,128,08def5700389c597,ackflood,False,uncertainty,486ff73f149bb8ba
RandomForest,uncertainty,42,6,129,638c2667af4508fb,winnuke,False,uncertainty,bc8db81ffe11fefa
RandomForest,uncertainty,42,6,130,443b86512dec34aa,winnuke,False,uncertainty,7a8b3bc50abbc41a
RandomForest,uncertainty,42,6,131,f8dde1480265276a,winnuke,False,uncertainty,decd98c001b312c1
RandomForest,uncertainty,42,6,132,908f15c16acc23b0,synflood,False,uncertainty,3d1e4f7737257dc3
RandomForest,uncertainty,42,6,133,f0be23798ec851eb,benign,False,uncertainty,cd95186aae6cd338
RandomForest,uncertainty,42,6,134,4aae594dba924adb,winnuke,False,uncertainty,30ff45b357efc056
RandomForest,uncertainty,42,6,135,c903002bb9149e3f,smurf,False,uncertainty,efca77688b41a1f7
RandomForest,uncertainty,42,6,136,0cc5729981739dcb,tcpfin1,False,uncertainty,b183d7e8f6fa04f5
RandomForest,uncertainty,42,6,137,d369ec5bfaf563cd,ackflood,False,uncertainty,335d63f96b7c8e4c
RandomForest,uncertainty,42,6,138,0210cffddad1f672,benign,False,uncertainty,334a3235c3c1e237
RandomForest,uncertainty,42,6,139,9a01e7e68cb550f8,benign,False,uncertainty,6a1ab7cc7b631ae0
RandomForest,uncertainty,42,6,140,f21ab472b4d2c2f9,winnuke,False,uncertainty,00cb247db2593071
RandomForest,uncertainty,42,6,141,90d40666d890bca7,fraggle,False,uncertainty,265073984e786e49
RandomForest,uncertainty,42,6,142,55032ec0bae8b9bd,winnuke,False,uncertainty,eab87d42e748bdf4
RandomForest,uncertainty,42,6,143,5e49b6675bdd2b94,benign,False,uncertainty,181d2db6c63d0284
RandomForest,uncertainty,42,6,144,d260d49c12a5d31a,winnuke,False,uncertainty,265073984e786e49
RandomForest,uncertainty,42,6,145,965024fc60b5704d,benign,False,uncertainty,c13ea2c54053d7ec
RandomForest,uncertainty,42,6,146,df14b950203907af,benign,False,uncertainty,37a1465ab9e861aa
RandomForest,uncertainty,42,6,147,92751cc0451bde95,synflood,False,uncertainty,eb1511166537477c
RandomForest,uncertainty,42,6,148,708856d01333c64e,syn,False,uncertainty,eb1511166537477c
RandomForest,uncertainty,42,6,149,a14fba59daf3160a,ackflood,False,uncertainty,62edec7f537fb122
RandomForest,uncertainty,42,6,150,263beefb6e1a7552,benign,False,uncertainty,3f89cd9a7d39f1c4
RandomForest,uncertainty,42,7,151,81e45aef63aee0c1,benign,False,uncertainty,9c1090710d25c82e
RandomForest,uncertainty,42,7,152,94724a2f63edaa35,synflood,False,uncertainty,57f645b96ea3394a
RandomForest,uncertainty,42,7,153,df8a8f2d80186bb3,benign,False,uncertainty,1877380525324c3f
RandomForest,uncertainty,42,7,154,3e9a8a2a39434eef,tcpall,False,uncertainty,f800f66d5d672040
RandomForest,uncertainty,42,7,155,01e85fe3a5b09072,syn,False,uncertainty,5f68e3afc246b78f
RandomForest,uncertainty,42,7,156,24b7b66546f1c075,ackflood,False,uncertainty,6d7f56a3f314dab8
RandomForest,uncertainty,42,7,157,69787c0bf1813025,benign,False,uncertainty,383c2aafcbcfd3ba
RandomForest,uncertainty,42,7,158,4001e0f089826225,syn,False,uncertainty,9fa6b2583d03ccd9
RandomForest,uncertainty,42,7,159,33a3325ec5d8d6e0,syn,False,uncertainty,5f68e3afc246b78f
RandomForest,uncertainty,42,7,160,9d2ae3a147e9caa4,benign,False,uncertainty,020b3141089d6322
RandomForest,uncertainty,42,7,161,e16e9ae7399fee7a,benign,False,uncertainty,b06ea7e1c1dca816
RandomForest,uncertainty,42,7,162,a40bd652bc2fdd9b,syn,False,uncertainty,5f68e3afc246b78f
RandomForest,uncertainty,42,7,163,d527f0204dda008d,syn,False,uncertainty,db6a3bc09743e34f
RandomForest,uncertainty,42,7,164,ef34d7c693b6be32,benign,False,uncertainty,6d640ede3e342c64
RandomForest,uncertainty,42,7,165,9dfa02232eb62abf,syn,False,uncertainty,5f68e3afc246b78f
RandomForest,uncertainty,42,7,166,deededeac2acec29,tcpall,False,uncertainty,270dd1a8adf0d6e3
RandomForest,uncertainty,42,7,167,96b5cc03e7a905fc,fraggle,False,uncertainty,9e6b18cde1ffb0ad
RandomForest,uncertainty,42,7,168,cea79607e84bbe29,benign,False,uncertainty,e99a6e6275a13160
RandomForest,uncertainty,42,7,169,df0b5ca9a48ca7d0,winnuke,False,uncertainty,2b8adb0185418bbf
RandomForest,uncertainty,42,7,170,fd6db1cb612cf49c,smurf,False,uncertainty,61dc84960cddbc75
RandomForest,uncertainty,42,7,171,48bfd81991679d44,benign,False,uncertainty,2a9c9791dc7f74bd
RandomForest,uncertainty,42,7,172,7de26efe9e9d79e3,benign,False,uncertainty,9c1090710d25c82e
RandomForest,uncertainty,42,7,173,40b5d13f7fd6e731,ackflood,False,uncertainty,dbe6484ff6e0d6fc
RandomForest,uncertainty,42,7,174,6e609c5ba0baa4cb,fraggle,False,uncertainty,35ec8d23722ee235
RandomForest,uncertainty,42,7,175,dc944de6d4c9041a,benign,False,uncertainty,e99a6e6275a13160
RandomForest,uncertainty,42,8,176,ede1ea3ccd72d0c9,ackflood,False,uncertainty,f1ab7d45fc653c5b
RandomForest,uncertainty,42,8,177,e001cebe01b3396b,benign,False,uncertainty,9bcaf29fb4f544b7
RandomForest,uncertainty,42,8,178,3ca8c1ec686b3123,ackflood,False,uncertainty,be7ee44a657202f1
RandomForest,uncertainty,42,8,179,492b64a2268f4047,ackflood,False,uncertainty,5481a65984e054af
RandomForest,uncertainty,42,8,180,1a8fad5699213ad1,winnuke,False,uncertainty,702f2208efe0dcbc
RandomForest,uncertainty,42,8,181,5e688bd0de1b931d,tcpall,False,uncertainty,59e342a53a8ea90f
RandomForest,uncertainty,42,8,182,a11a0fc411bb5846,benign,False,uncertainty,0a2a169e8270087f
RandomForest,uncertainty,42,8,183,40be20a2da1845cf,ackflood,False,uncertainty,9cc2b15f1ce7108f
RandomForest,uncertainty,42,8,184,bd434d14ac35a9f0,fraggle,False,uncertainty,862b48b8e0bf2317
RandomForest,uncertainty,42,8,185,c07c176bec8dfbde,benign,False,uncertainty,3f8a2a1879b8dccd
RandomForest,uncertainty,42,8,186,50976dc6bf0e71ff,ackflood,False,uncertainty,4b0089386a1d46ec
RandomForest,uncertainty,42,8,187,39b1bb1d35a44a35,benign,False,uncertainty,1d60091fd288a8ae
RandomForest,uncertainty,42,8,188,6b97b95f72e49a47,fraggle,False,uncertainty,adac96d89cc6f509
RandomForest,uncertainty,42,8,189,5ca45bd34924ed9d,ackflood,False,uncertainty,be4f83968c6ddb3a
RandomForest,uncertainty,42,8,190,2f4bd956df136f3a,winnuke,False,uncertainty,ea4d2d7fc0811637
RandomForest,uncertainty,42,8,191,e60e30f2049a1994,fraggle,False,uncertainty,6b9460e705b82c7e
RandomForest,uncertainty,42,8,192,bc214ff82501e9de,fraggle,False,uncertainty,e49760fad684d512
RandomForest,uncertainty,42,8,193,02772accbce36ad6,benign,False,uncertainty,0b67102750218190
RandomForest,uncertainty,42,8,194,8ac9a96e11312fe2,tcpall,False,uncertainty,59e342a53a8ea90f
RandomForest,uncertainty,42,8,195,d5ccb87cd1192821,winnuke,False,uncertainty,d24bda874bc1c38d
RandomForest,uncertainty,42,8,196,fd51a74bec7a0c93,ackflood,False,uncertainty,0af6cd813a409667
RandomForest,uncertainty,42,8,197,d7e73ae1be484e7c,benign,False,uncertainty,e80446365c3f2490
RandomForest,uncertainty,42,8,198,c15c34dea1d85fe3,tcp,False,uncertainty,c659c29a5283ec68
RandomForest,uncertainty,42,8,199,e745321373822a59,tcpall,False,uncertainty,a042edc49b2eb6c6
RandomForest,uncertainty,42,8,200,ffc32632c4ce2725,benign,False,uncertainty,83c1f455fa34ca8f
RandomForest,uncertainty,42,9,201,ed759d35e11827f5,tcp,False,uncertainty,80efe8589e00e213
RandomForest,uncertainty,42,9,202,c4ed18236604cf95,tcp,False,uncertainty,80efe8589e00e213
RandomForest,uncertainty,42,9,203,680a9dc01a0fa4cb,tcpall,False,uncertainty,a042edc49b2eb6c6
RandomForest,uncertainty,42,9,204,80e5123dcf70ff81,benign,False,uncertainty,6943914414bfdd4c
RandomForest,uncertainty,42,9,205,49fe64bf70631640,tcp,False,uncertainty,9b4e075fbde4a4c2
RandomForest,uncertainty,42,9,206,0f50140042c06c9d,tcp,False,uncertainty,684207b670f35a6f
RandomForest,uncertainty,42,9,207,a82430bd057fd0cf,tcp,False,uncertainty,02db95145d1ecbc7
RandomForest,uncertainty,42,9,208,03427e5a09f8d816,tcp,False,uncertainty,b7fb993d5309177f
RandomForest,uncertainty,42,9,209,8609841e0c00298e,tcp,False,uncertainty,b7fb993d5309177f
RandomForest,uncertainty,42,9,210,5dbb9d7c6e48066f,tcp,False,uncertainty,1e164be85ffb711e
RandomForest,uncertainty,42,9,211,f9f263aad20f075f,tcp,False,uncertainty,f26bb482d4cb7d0f
RandomForest,uncertainty,42,9,212,d95942f765a30d13,tcp,False,uncertainty,a21762d34e57e5d3
RandomForest,uncertainty,42,9,213,690b14d8daa88f8f,benign,False,uncertainty,f5412b241f954994
RandomForest,uncertainty,42,9,214,2be22d2411603cb1,tcp,False,uncertainty,601ed47822cbb048
RandomForest,uncertainty,42,9,215,1ad6d78b18feac48,tcp,False,uncertainty,38f5eac31aa5a3a8
RandomForest,uncertainty,42,9,216,7f54b67461406b38,benign,False,uncertainty,81a7db8e2a7992e9
RandomForest,uncertainty,42,9,217,731ba0d897c2cb1e,tcp,False,uncertainty,505c3e0f8a1c8134
RandomForest,uncertainty,42,9,218,7025e3771476ef8c,tcp,False,uncertainty,81d342f379d85ea4
RandomForest,uncertainty,42,9,219,1a71bcbae286ecf3,tcp,False,uncertainty,4296318db76a2461
RandomForest,uncertainty,42,9,220,333c1eadd80f09ae,tcp,False,uncertainty,d55154d5e2886564
RandomForest,uncertainty,42,9,221,aa813663c8d6e977,tcp,False,uncertainty,31a45e3b061477d4
RandomForest,uncertainty,42,9,222,63e65144e2a5a772,tcp,False,uncertainty,ef5007898e496fbf
RandomForest,uncertainty,42,9,223,1b53864b0f629998,tcp,False,uncertainty,01825a4448d7f9af
RandomForest,uncertainty,42,9,224,672764312a49a3a6,tcp,False,uncertainty,57eca39e0d266170
RandomForest,uncertainty,42,9,225,0639f6125d959f55,tcp,False,uncertainty,57eca39e0d266170
RandomForest,uncertainty,42,10,226,0155b120de999e79,fraggle,False,uncertainty,3b61be8d56279b8f
RandomForest,uncertainty,42,10,227,d9d8194bb8e771fa,fraggle,False,uncertainty,3b61be8d56279b8f
RandomForest,uncertainty,42,10,228,57cf4d79b792af0a,fraggle,False,uncertainty,3b61be8d56279b8f
RandomForest,uncertainty,42,10,229,8a9b6e4a45f41da2,benign,False,uncertainty,d82a8a71201201e0
RandomForest,uncertainty,42,10,230,add1b1a9de8e44fc,benign,False,uncertainty,12f5dc781ba2b524
RandomForest,uncertainty,42,10,231,5db063e180dfe0e8,benign,False,uncertainty,5570e2392c353ac6
RandomForest,uncertainty,42,10,232,a1b48eb87b8552c0,benign,False,uncertainty,5570e2392c353ac6
RandomForest,uncertainty,42,10,233,114f31dd6d815f4b,routeip,False,uncertainty,b71dc100eb642b93
RandomForest,uncertainty,42,10,234,83a1867ad7dfa1eb,routeip,False,uncertainty,f7bede44f92b40de
RandomForest,uncertainty,42,10,235,f5a5ef158e1e5678,benign,False,uncertainty,488b8dbc201f4c09
RandomForest,uncertainty,42,10,236,49eefbb77d646a37,syn,False,uncertainty,6b84a0e61a2680c1
RandomForest,uncertainty,42,10,237,3f0f04eccb1f5d70,fraggle,False,uncertainty,ed3bc2d39e945a90
RandomForest,uncertainty,42,10,238,6d33be7121633a26,syn,False,uncertainty,6407d7ec4d6128a0
RandomForest,uncertainty,42,10,239,32eb3035509e91a4,routeip,False,uncertainty,d23350d7699c607e
RandomForest,uncertainty,42,10,240,c6e58140fa4c90a1,benign,False,uncertainty,d82a8a71201201e0
RandomForest,uncertainty,42,10,241,cebfed887bb11777,benign,False,uncertainty,1aa21722f6a57080
RandomForest,uncertainty,42,10,242,b42de4056d878898,teardrop,True,uncertainty,8dee1464df987eed
RandomForest,uncertainty,42,10,243,b1e673d9ed6a5092,smurf,False,uncertainty,8dee1464df987eed
RandomForest,uncertainty,42,10,244,617cc5f27336809c,benign,False,uncertainty,f85ac97de917165e
RandomForest,uncertainty,42,10,245,8bce68c228d38931,fraggle,False,uncertainty,c802254e2edbb74b
RandomForest,uncertainty,42,10,246,c814da02e7c77dd3,fraggle,False,uncertainty,8dee1464df987eed
RandomForest,uncertainty,42,10,247,61954580b606df42,fraggle,False,uncertainty,96fdc335141560d4
RandomForest,uncertainty,42,10,248,ac368d0ef23960ba,pingofdeath,False,uncertainty,1255b338bb026993
RandomForest,uncertainty,42,10,249,f1d3536167ec027b,smurf,False,uncertainty,8dee1464df987eed
RandomForest,uncertainty,42,10,250,8e374e40bec8ca57,fraggle,False,uncertainty,818a400a7b244e7f
RandomForest,uncertainty,42,11,251,910317833884691c,pingofdeath,False,uncertainty,e2e84cdc53389294
RandomForest,uncertainty,42,11,252,a6e1faad41df9efc,pingofdeath,False,uncertainty,02f30548bf4cc2f5
RandomForest,uncertainty,42,11,253,bf8727f7522999fa,pingofdeath,False,uncertainty,02f30548bf4cc2f5
RandomForest,uncertainty,42,11,254,cf219dc01b5a0f44,pingofdeath,False,uncertainty,8dee1464df987eed
RandomForest,uncertainty,42,11,255,b2f65703aed8b1db,icmpbig,False,uncertainty,8dee1464df987eed
RandomForest,uncertainty,42,11,256,4fa26ab1928f55a2,smurf,False,uncertainty,8dee1464df987eed
RandomForest,uncertainty,42,11,257,882e31548f951f31,routeip,False,uncertainty,e9b6245ed6428809
RandomForest,uncertainty,42,11,258,1e0955e77a0d0b3a,tcp,False,uncertainty,e9b6245ed6428809
RandomForest,uncertainty,42,11,259,6a0343a229b3ee4b,fraggle,False,uncertainty,e386e2b492837348
RandomForest,uncertainty,42,11,260,36f0f8d4bfa98def,tcpall,False,uncertainty,72c51a0abba0da4c
RandomForest,uncertainty,42,11,261,abbd133c3c0ab4e2,land,True,uncertainty,ccfb10c2ea227cb4
RandomForest,uncertainty,42,11,262,98ebdfcddd6ae419,fraggle,False,uncertainty,461a5166db033e1d
RandomForest,uncertainty,42,11,263,330afac55b61f679,ackpflood,True,uncertainty,e913946de0fe1ff8
RandomForest,uncertainty,42,11,264,2a08114f2c2a0072,fraggle,False,uncertainty,1b5e1f2825ab894d
RandomForest,uncertainty,42,11,265,a19a36661d1c8fd0,tcpfin1,False,uncertainty,3c0b38c8dbf829f2
RandomForest,uncertainty,42,11,266,9dc74283b757143c,land,True,uncertainty,955a38b057473597
RandomForest,uncertainty,42,11,267,49de21459101b838,fraggle,False,uncertainty,e2c502b1c6857e74
RandomForest,uncertainty,42,11,268,48c31b00e31610d7,winnuke,False,uncertainty,45c143c427511552
RandomForest,uncertainty,42,11,269,f46d19b5fed0b434,land,True,uncertainty,eb24d407474ea883
RandomForest,uncertainty,42,11,270,dc5cf61d7cdabd6f,routeip,False,uncertainty,6407d7ec4d6128a0
RandomForest,uncertainty,42,11,271,54f6082e618a60e0,smurf,False,uncertainty,c3680e056a5d8c54
RandomForest,uncertainty,42,11,272,aaafbd1f71023e84,teardrop,True,uncertainty,cf8cf06ce0e7cada
RandomForest,uncertainty,42,11,273,a7bb6beb6adfb926,smurf,False,uncertainty,3feb386610f6b2e5
RandomForest,uncertainty,42,11,274,e434ce624cd55a11,fraggle,False,uncertainty,461a5166db033e1d
RandomForest,uncertainty,42,11,275,4095ce324be31a11,tcp,False,uncertainty,7abc124dab079bd4
RandomForest,uncertainty,42,12,276,f575454fbcfad702,winnuke,False,uncertainty,83c9ef62cd212abb
RandomForest,uncertainty,42,12,277,260bdf50ae1ee1df,teardrop,True,uncertainty,e2e84cdc53389294
RandomForest,uncertainty,42,12,278,54ddf2caa7c4b668,teardrop,True,uncertainty,e2e84cdc53389294
RandomForest,uncertainty,42,12,279,ecd3715069f6cd09,teardrop,True,uncertainty,02f30548bf4cc2f5
RandomForest,uncertainty,42,12,280,2d0ff1ef3529bd5a,icmpflood,False,uncertainty,f4f004dec7bcadc2
RandomForest,uncertainty,42,12,281,c2746cd1cafd4036,teardrop,True,uncertainty,02f30548bf4cc2f5
RandomForest,uncertainty,42,12,282,3de85ee27bbc9e7d,icmpbig,False,uncertainty,3e9225f2c11e7cba
RandomForest,uncertainty,42,12,283,be326ebcfc830feb,benign,False,uncertainty,80b48f4cd277d383
RandomForest,uncertainty,42,12,284,cd498af86dd82ec3,benign,False,uncertainty,02d39623ca8105d3
RandomForest,uncertainty,42,12,285,eee6ab150cf83173,synflood,False,uncertainty,2a2a469bf902ad2c
RandomForest,uncertainty,42,12,286,44079a2c2c2d8ab3,fraggle,False,uncertainty,c5d5342a31360cb1
RandomForest,uncertainty,42,12,287,0b6ff04dc863d637,benign,False,uncertainty,552f498dbc7e6732
RandomForest,uncertainty,42,12,288,a8d61bd51ca9944d,benign,False,uncertainty,251479a9a3859c8f
RandomForest,uncertainty,42,12,289,5b32c1e03f58e35a,benign,False,uncertainty,301004225cdb7d56
RandomForest,uncertainty,42,12,290,efbc80478847c325,benign,False,uncertainty,e67b69f67d2af42e
RandomForest,uncertainty,42,12,291,811eea2a4ea30ca5,smurf,False,uncertainty,cb9c8c0d11dac69d
RandomForest,uncertainty,42,12,292,e80f8a56c78974d9,benign,False,uncertainty,48786b9df9541494
RandomForest,uncertainty,42,12,293,f4bb83cdbf72e8e4,smurf,False,uncertainty,17c6cb9c5ea4b2a7
RandomForest,uncertainty,42,12,294,b4acfa91c18d43a4,ackflood,False,uncertainty,63e185e8c3f96404
RandomForest,uncertainty,42,12,295,4b44aad360128bd9,ackflood,False,uncertainty,29e1d285bb97576e
RandomForest,uncertainty,42,12,296,bb91b8187d9f8dbe,smurf,False,uncertainty,9ba5fa0acf421553
RandomForest,uncertainty,42,12,297,2346e007cce546fa,benign,False,uncertainty,80b48f4cd277d383
RandomForest,uncertainty,42,12,298,ad86cda08d5f573b,fraggle,False,uncertainty,fe7c3cf12bf1b9ed
RandomForest,uncertainty,42,12,299,9206fa4cf36b750d,benign,False,uncertainty,80b48f4cd277d383
RandomForest,uncertainty,42,12,300,f6bf12125d07abf0,syn,False,uncertainty,874b3ea3d487c33d
RandomForest,hybrid_open_set,42,1,1,f3938ab6efbe91be,teardrop,True,novelty,1ab57bfc4fa70c0d
RandomForest,hybrid_open_set,42,1,2,83b8c9d98cdfaa70,land,True,novelty,1fb8b2e54d539a4d
RandomForest,hybrid_open_set,42,1,3,e519313599f3bdcb,winnuke,False,novelty,7a8b3bc50abbc41a
RandomForest,hybrid_open_set,42,1,4,a2559353255eadb8,benign,False,novelty,c5f9a1d31dd5e235
RandomForest,hybrid_open_set,42,1,5,a8d1b7daecd31112,benign,False,novelty,18f5eafaca8e06f0
RandomForest,hybrid_open_set,42,1,6,9464bcec83e957b6,benign,False,novelty,7dc77872ba86d2d6
RandomForest,hybrid_open_set,42,1,7,fd128d7419daec28,pingofdeath,False,novelty,97b1a2b42a8f87ec
RandomForest,hybrid_open_set,42,1,8,6560560291967f19,benign,False,novelty,7672af4dada155d3
RandomForest,hybrid_open_set,42,1,9,6a89f7d34015f6ae,benign,False,novelty,d04618d33efea5bc
RandomForest,hybrid_open_set,42,1,10,be9483aca257fdae,benign,False,novelty,5d8d69c7649fe299
RandomForest,hybrid_open_set,42,1,11,8d93e034b1a29d74,icmpflood,False,novelty,3575c7a8d1a21779
RandomForest,hybrid_open_set,42,1,12,098ad6f9a251307c,benign,False,novelty,020fd876186249ed
RandomForest,hybrid_open_set,42,1,13,ba4ea545914af27d,benign,False,novelty,6d0ac574d81a1eb1
RandomForest,hybrid_open_set,42,1,14,fa92a9ea008c765c,benign,False,novelty,c4d06d881bc6607d
RandomForest,hybrid_open_set,42,1,15,7bb96bd8e11f6f46,land,True,uncertainty,654556dfa59443af
RandomForest,hybrid_open_set,42,1,16,2e2da1aae652644c,land,True,uncertainty,1379c5ba91c02310
RandomForest,hybrid_open_set,42,1,17,635dad88c65b30dc,land,True,uncertainty,1fb8b2e54d539a4d
RandomForest,hybrid_open_set,42,1,18,1482e00706597d64,land,True,uncertainty,1fb8b2e54d539a4d
RandomForest,hybrid_open_set,42,1,19,6d60b068b4221e94,land,True,uncertainty,1fb8b2e54d539a4d
RandomForest,hybrid_open_set,42,1,20,5475326f1bec1b36,land,True,uncertainty,1fb8b2e54d539a4d
RandomForest,hybrid_open_set,42,1,21,f1317df76c5c2ff8,land,True,uncertainty,1fb8b2e54d539a4d
RandomForest,hybrid_open_set,42,1,22,866d73dcbe031087,land,True,uncertainty,1fb8b2e54d539a4d
RandomForest,hybrid_open_set,42,1,23,5838a9e2f2f8122d,tcpall,False,random,25df2cbec14f457e
RandomForest,hybrid_open_set,42,1,24,89b2f75bcd624a50,winnuke,False,random,49a0f41afac2e447
RandomForest,hybrid_open_set,42,1,25,61cf8bbbf0702609,benign,False,random,dc4fb53a79506168
RandomForest,hybrid_open_set,42,2,26,a6de54c1e495d2f4,teardrop,True,expansion,1ab57bfc4fa70c0d
RandomForest,hybrid_open_set,42,2,27,78944afa4c511b4c,land,True,expansion,1fb8b2e54d539a4d
RandomForest,hybrid_open_set,42,2,28,0fd02dbb1ab7dc13,teardrop,True,expansion,f48deb88188adc11
RandomForest,hybrid_open_set,42,2,29,721ccecf9d8d5eae,teardrop,True,expansion,7d623da0bf85ba86
RandomForest,hybrid_open_set,42,2,30,a789f54061d8a914,teardrop,True,expansion,365bcc23059e108b
RandomForest,hybrid_open_set,42,2,31,6d9f8fbcf38fca5b,teardrop,True,expansion,f807d20131f016de
RandomForest,hybrid_open_set,42,2,32,f2f994f7140a4d29,teardrop,True,expansion,d8a38723452fda2b
RandomForest,hybrid_open_set,42,2,33,2065a14e7ace1cd7,ackflood,False,novelty,95a453f65d108da4
RandomForest,hybrid_open_set,42,2,34,28175c11d40dd672,ackflood,False,novelty,5cdc870a7567a3b3
RandomForest,hybrid_open_set,42,2,35,b6002ebe3c24971a,benign,False,novelty,8fba11513f162679
RandomForest,hybrid_open_set,42,2,36,7979965b86e17ba4,benign,False,novelty,4bdd673e4d1b258d
RandomForest,hybrid_open_set,42,2,37,c313d39d5d9a406d,benign,False,novelty,9a8c4d44724a944b
RandomForest,hybrid_open_set,42,2,38,f41d83df00373a67,smurf,False,novelty,2e366c718bb784da
RandomForest,hybrid_open_set,42,2,39,0b36d56ebcc9632e,icmpflood,False,novelty,46c4f94197429bd3
RandomForest,hybrid_open_set,42,2,40,e44e336f5fe9c035,ackpflood,True,uncertainty,bd510951eca832d9
RandomForest,hybrid_open_set,42,2,41,80e5123dcf70ff81,benign,False,uncertainty,6943914414bfdd4c
RandomForest,hybrid_open_set,42,2,42,d66035c4dea836b6,benign,False,uncertainty,64b38daae1b3fec0
RandomForest,hybrid_open_set,42,2,43,f0d4a997f8ce8687,benign,False,uncertainty,027048a82304685c
RandomForest,hybrid_open_set,42,2,44,5be29258bbc3fa51,synflood,False,uncertainty,e7000593c3dc2f16
RandomForest,hybrid_open_set,42,2,45,df0b5ca9a48ca7d0,winnuke,False,uncertainty,2b8adb0185418bbf
RandomForest,hybrid_open_set,42,2,46,213ca5fdb5c37829,benign,False,uncertainty,9b628248189850d7
RandomForest,hybrid_open_set,42,2,47,c3178d0da38f4af5,icmpflood,False,uncertainty,9cd80ddd81f7afcf
RandomForest,hybrid_open_set,42,2,48,cdf5a28ad561335f,synflood,False,random,e7570c24e44ce416
RandomForest,hybrid_open_set,42,2,49,f0870d23009ed7d2,tcp,False,random,20728b55be28c7ad
RandomForest,hybrid_open_set,42,2,50,382e0f9c03280980,icmpbig,False,random,bf640f01d7d74bf6
RandomForest,hybrid_open_set,42,3,51,622d05672a3c621b,ackpflood,True,expansion,811ae939f0302bde
RandomForest,hybrid_open_set,42,3,52,a4b0a8ea483d5413,land,True,expansion,1fb8b2e54d539a4d
RandomForest,hybrid_open_set,42,3,53,cc0c318e3fe5c6cb,teardrop,True,expansion,7ad4650073f193c0
RandomForest,hybrid_open_set,42,3,54,592101be6f63560d,ackpflood,True,expansion,a1cb362fa310338d
RandomForest,hybrid_open_set,42,3,55,afdb11ba20ddf3d0,ackpflood,True,expansion,bd510951eca832d9
RandomForest,hybrid_open_set,42,3,56,8a98aeb35a6b2447,teardrop,True,expansion,5bc4c1106c05ca18
RandomForest,hybrid_open_set,42,3,57,21f079338b91dfc5,teardrop,True,expansion,7d623da0bf85ba86
RandomForest,hybrid_open_set,42,3,58,0506c3f75dbc40a2,benign,False,novelty,a9725501bb249177
RandomForest,hybrid_open_set,42,3,59,83f18193f54d00a7,benign,False,novelty,6085147e3aa0dbe9
RandomForest,hybrid_open_set,42,3,60,bd4a6755c4e142ab,benign,False,novelty,c9b1e3d8be0818c7
RandomForest,hybrid_open_set,42,3,61,93d7ad6f819369e2,ackflood,False,novelty,57d99c5b65a6b74c
RandomForest,hybrid_open_set,42,3,62,c6e58140fa4c90a1,benign,False,novelty,d82a8a71201201e0
RandomForest,hybrid_open_set,42,3,63,4ad4b6a51fb46dcc,tcpall,False,novelty,5589e729e8344363
RandomForest,hybrid_open_set,42,3,64,2f2a6b1486d295bd,winnuke,False,novelty,fab892f73c1fd41a
RandomForest,hybrid_open_set,42,3,65,acad41517035e15d,ackflood,False,uncertainty,9f9a4ed014287e05
RandomForest,hybrid_open_set,42,3,66,f9ae08cf10627e2d,benign,False,uncertainty,f2dfe6bef4c9454a
RandomForest,hybrid_open_set,42,3,67,c477c318f6e27423,benign,False,uncertainty,19bd72f5569f0827
RandomForest,hybrid_open_set,42,3,68,659f87b94b8dae95,smurf,False,uncertainty,40c6004a07e71a22
RandomForest,hybrid_open_set,42,3,69,a14fba59daf3160a,ackflood,False,uncertainty,62edec7f537fb122
RandomForest,hybrid_open_set,42,3,70,0e158525d9f5b3f4,benign,False,uncertainty,06c1b16514c005b3
RandomForest,hybrid_open_set,42,3,71,ab48c4873ad28180,smurf,False,uncertainty,49fcf6252a0c1c58
RandomForest,hybrid_open_set,42,3,72,1ad6a3e4abd07bb9,winnuke,False,uncertainty,39a31914a72cc010
RandomForest,hybrid_open_set,42,3,73,49a0c81609b11bfc,smurf,False,random,4614ba434a2c3470
RandomForest,hybrid_open_set,42,3,74,cb4a1dacd2f261e6,routeip,False,random,753bbc2687bc83bf
RandomForest,hybrid_open_set,42,3,75,8c50b2474bf4299a,synflood,False,random,76684c02635f367e
RandomForest,hybrid_open_set,42,4,76,8df67cdd0af09f63,ackpflood,True,expansion,bd510951eca832d9
RandomForest,hybrid_open_set,42,4,77,a651d72cee75c31a,land,True,expansion,1fb8b2e54d539a4d
RandomForest,hybrid_open_set,42,4,78,f77a2f61e433e6d4,teardrop,True,expansion,f48deb88188adc11
RandomForest,hybrid_open_set,42,4,79,a88913665ed0c180,ackpflood,True,expansion,811ae939f0302bde
RandomForest,hybrid_open_set,42,4,80,be5244d20b5c5252,ackpflood,True,expansion,4bb765e024664e6e
RandomForest,hybrid_open_set,42,4,81,4cc910f14f5de673,ackpflood,True,expansion,a1cb362fa310338d
RandomForest,hybrid_open_set,42,4,82,e30866a38a6424c8,teardrop,True,expansion,1ab57bfc4fa70c0d
RandomForest,hybrid_open_set,42,4,83,aaafbd1f71023e84,teardrop,True,novelty,cf8cf06ce0e7cada
RandomForest,hybrid_open_set,42,4,84,8cb260cf1ec7e295,smurf,False,novelty,2729fd3ec650b110
RandomForest,hybrid_open_set,42,4,85,fd51a74bec7a0c93,ackflood,False,novelty,0af6cd813a409667
RandomForest,hybrid_open_set,42,4,86,7e493d1ac8010df7,teardrop,True,novelty,9ad199805828433e
RandomForest,hybrid_open_set,42,4,87,3f00f2fb52f89c05,syn,False,novelty,91a24eb6dfa53e45
RandomForest,hybrid_open_set,42,4,88,108da47475201d45,benign,False,novelty,248bd7b7cae18ac5
RandomForest,hybrid_open_set,42,4,89,8ee71c5cc34fd0c8,icmpflood,False,novelty,c3fc10e1c5b7a0eb
RandomForest,hybrid_open_set,42,4,90,02c5a3b1353e1713,benign,False,uncertainty,738c5aa824ad8fd6
RandomForest,hybrid_open_set,42,4,91,7d6382ea82ec8957,ackflood,False,uncertainty,98cf5d7ecc49e274
RandomForest,hybrid_open_set,42,4,92,1f893f4c87f2adaf,fraggle,False,uncertainty,dd327377369fad56
RandomForest,hybrid_open_set,42,4,93,4a3e87564a35c312,fraggle,False,uncertainty,7925809c55ca09a2
RandomForest,hybrid_open_set,42,4,94,11304434c3b55e9f,land,True,uncertainty,cccadabb69ecc9ff
RandomForest,hybrid_open_set,42,4,95,79149a8689eccda8,benign,False,uncertainty,2275dcaa42616486
RandomForest,hybrid_open_set,42,4,96,22f9beaf86ea9f83,fraggle,False,uncertainty,4d3baa045201d5f2
RandomForest,hybrid_open_set,42,4,97,28ca73f79c047097,benign,False,uncertainty,eeb2f11648658228
RandomForest,hybrid_open_set,42,4,98,bcd3bd8e85be59e7,icmpbig,False,random,bf640f01d7d74bf6
RandomForest,hybrid_open_set,42,4,99,24210dec6de9a255,routeip,False,random,7480dec5eaacca58
RandomForest,hybrid_open_set,42,4,100,73ab9da054e535a5,icmpbig,False,random,e00157eb75eefe64
RandomForest,hybrid_open_set,42,5,101,cf27568df0dde4a4,ackpflood,True,expansion,811ae939f0302bde
RandomForest,hybrid_open_set,42,5,102,edfa5bd4e69a608d,land,True,expansion,1fb8b2e54d539a4d
RandomForest,hybrid_open_set,42,5,103,95fdd894a5834639,teardrop,True,expansion,1ab57bfc4fa70c0d
RandomForest,hybrid_open_set,42,5,104,895e34474cbd9a3b,ackpflood,True,expansion,4bb765e024664e6e
RandomForest,hybrid_open_set,42,5,105,a668696b7402ad58,ackpflood,True,expansion,bd510951eca832d9
RandomForest,hybrid_open_set,42,5,106,3625f077eb96a393,ackpflood,True,expansion,a1cb362fa310338d
RandomForest,hybrid_open_set,42,5,107,1053a8aca937c3d7,teardrop,True,expansion,f48deb88188adc11
RandomForest,hybrid_open_set,42,5,108,e8bdf783f98a5716,benign,False,novelty,c59a69b2e40c0e03
RandomForest,hybrid_open_set,42,5,109,1eb315ba55a30e65,benign,False,novelty,cc83083234a3fdb0
RandomForest,hybrid_open_set,42,5,110,78d02392e4c8fd70,winnuke,False,novelty,30ff45b357efc056
RandomForest,hybrid_open_set,42,5,111,f2aca88bb1657d09,benign,False,novelty,96242e590e4ae7a7
RandomForest,hybrid_open_set,42,5,112,ee0f2dc79138bada,tcpall,False,novelty,1f1d39a60cb67704
RandomForest,hybrid_open_set,42,5,113,96b5cc03e7a905fc,fraggle,False,novelty,9e6b18cde1ffb0ad
RandomForest,hybrid_open_set,42,5,114,6524010174ff4d17,routeip,False,novelty,11b709ad38074a8a
RandomForest,hybrid_open_set,42,5,115,e06b57b47fc4279c,ackflood,False,uncertainty,ac13d4eaea96f076
RandomForest,hybrid_open_set,42,5,116,553fad40d3c2b89a,benign,False,uncertainty,8a67a7be53c6accd
RandomForest,hybrid_open_set,42,5,117,a330cba2d52b3401,ackflood,False,uncertainty,b43f6882190351e3
RandomForest,hybrid_open_set,42,5,118,871b60d75929f84f,icmpflood,False,uncertainty,b0c50a45c0530dda
RandomForest,hybrid_open_set,42,5,119,3e9a8a2a39434eef,tcpall,False,uncertainty,f800f66d5d672040
RandomForest,hybrid_open_set,42,5,120,018696b0b203ba12,fraggle,False,uncertainty,53019c3d703ed940
RandomForest,hybrid_open_set,42,5,121,690b14d8daa88f8f,benign,False,uncertainty,f5412b241f954994
RandomForest,hybrid_open_set,42,5,122,b7309366ed4bb992,benign,False,uncertainty,3a02ccc66cba9786
RandomForest,hybrid_open_set,42,5,123,7f63b0aacd82c082,tcpfin1,False,random,3da3facffa0f3564
RandomForest,hybrid_open_set,42,5,124,94dfce70b0db1ac1,ackflood,False,random,89362abb1953e3c8
RandomForest,hybrid_open_set,42,5,125,05362bb06d5e5072,winnuke,False,random,0541563abf895aec
RandomForest,hybrid_open_set,42,6,126,dc5283d2765f8022,ackpflood,True,expansion,bd510951eca832d9
RandomForest,hybrid_open_set,42,6,127,6628228f882e4c6e,land,True,expansion,1fb8b2e54d539a4d
RandomForest,hybrid_open_set,42,6,128,b9400db329103e54,teardrop,True,expansion,5bc4c1106c05ca18
RandomForest,hybrid_open_set,42,6,129,62cdf7ad390ee69d,ackpflood,True,expansion,a1cb362fa310338d
RandomForest,hybrid_open_set,42,6,130,456a1a123718d679,ackpflood,True,expansion,811ae939f0302bde
RandomForest,hybrid_open_set,42,6,131,b6a5e6f0621c28f3,teardrop,True,expansion,365bcc23059e108b
RandomForest,hybrid_open_set,42,6,132,9d86274a72560abb,teardrop,True,expansion,f9b7241be7016300
RandomForest,hybrid_open_set,42,6,133,dc5cf61d7cdabd6f,routeip,False,novelty,6407d7ec4d6128a0
RandomForest,hybrid_open_set,42,6,134,94ee24b3f8d69231,icmpflood,False,novelty,cce5fc053f30d1e4
RandomForest,hybrid_open_set,42,6,135,8e83fcb77a242514,tcp,False,novelty,2cbb6dd31e46168a
RandomForest,hybrid_open_set,42,6,136,ad1a347503666fa3,pingofdeath,False,novelty,c72c13010ef9a23c
RandomForest,hybrid_open_set,42,6,137,0480d424b5a178e9,benign,False,novelty,0afca7c6fbffbc36
RandomForest,hybrid_open_set,42,6,138,f55d7b08d3b91ba1,teardrop,True,novelty,1b8d8d86b95179f1
RandomForest,hybrid_open_set,42,6,139,5bbed979e10d2735,syn,False,novelty,1d295f99619a7906
RandomForest,hybrid_open_set,42,6,140,d5a2c861159057b8,synflood,False,uncertainty,ed2e6c955e2069ab
RandomForest,hybrid_open_set,42,6,141,ef34d7c693b6be32,benign,False,uncertainty,6d640ede3e342c64
RandomForest,hybrid_open_set,42,6,142,40b5d13f7fd6e731,ackflood,False,uncertainty,dbe6484ff6e0d6fc
RandomForest,hybrid_open_set,42,6,143,b42de4056d878898,teardrop,True,uncertainty,8dee1464df987eed
RandomForest,hybrid_open_set,42,6,144,77931a5fe01f1b4d,synflood,False,uncertainty,6bfdc4dc0ee46879
RandomForest,hybrid_open_set,42,6,145,066607b3a06e2385,winnuke,False,uncertainty,3a000474be26409e
RandomForest,hybrid_open_set,42,6,146,672764312a49a3a6,tcp,False,uncertainty,57eca39e0d266170
RandomForest,hybrid_open_set,42,6,147,0cc5729981739dcb,tcpfin1,False,uncertainty,b183d7e8f6fa04f5
RandomForest,hybrid_open_set,42,6,148,4b958b59f9cd7864,routeip,False,random,7480dec5eaacca58
RandomForest,hybrid_open_set,42,6,149,2c2090dc3324a311,fraggle,False,random,31339063f76812c2
RandomForest,hybrid_open_set,42,6,150,9492b52e4af0e857,ackflood,False,random,e806af336bb6444c
RandomForest,hybrid_open_set,42,7,151,756725771c233654,land,True,expansion,1fb8b2e54d539a4d
RandomForest,hybrid_open_set,42,7,152,85ac5fde03d26f2f,teardrop,True,expansion,825b36a8c595ce21
RandomForest,hybrid_open_set,42,7,153,67107fa5843db8a4,ackpflood,True,expansion,811ae939f0302bde
RandomForest,hybrid_open_set,42,7,154,7bcc43395fcc7e40,teardrop,True,expansion,1ab57bfc4fa70c0d
RandomForest,hybrid_open_set,42,7,155,f263d4c4744a0bde,teardrop,True,expansion,f48deb88188adc11
RandomForest,hybrid_open_set,42,7,156,f2ba96ad68b77aef,teardrop,True,expansion,f807d20131f016de
RandomForest,hybrid_open_set,42,7,157,6340c85f04c86ce7,teardrop,True,expansion,c2013ec1999fa857
RandomForest,hybrid_open_set,42,7,158,add1b1a9de8e44fc,benign,False,novelty,12f5dc781ba2b524
RandomForest,hybrid_open_set,42,7,159,e7435839fa123959,tcp,False,novelty,3cfae88868a8518e
RandomForest,hybrid_open_set,42,7,160,42bc6aa463d9b44e,icmpbig,False,novelty,40135c8e9c70e640
RandomForest,hybrid_open_set,42,7,161,4925c76a4c3e1ba7,fraggle,False,novelty,818a400a7b244e7f
RandomForest,hybrid_open_set,42,7,162,19b6f3cde8a2a785,tcpall,False,novelty,25df2cbec14f457e
RandomForest,hybrid_open_set,42,7,163,78194d3b2c5fe12d,routeip,False,novelty,2b5b9c43228878b5
RandomForest,hybrid_open_set,42,7,164,e85685cefeb909af,benign,False,novelty,00eeee6b1f0d7fcf
RandomForest,hybrid_open_set,42,7,165,4acafa67eb8c7405,benign,False,uncertainty,8e7fb7e13f2f2db3
RandomForest,hybrid_open_set,42,7,166,f1aacf4af51e9826,winnuke,False,uncertainty,dbba0a22e7263750
RandomForest,hybrid_open_set,42,7,167,08def5700389c597,ackflood,False,uncertainty,486ff73f149bb8ba
RandomForest,hybrid_open_set,42,7,168,d5ccb87cd1192821,winnuke,False,uncertainty,d24bda874bc1c38d
RandomForest,hybrid_open_set,42,7,169,fd6db1cb612cf49c,smurf,False,uncertainty,61dc84960cddbc75
RandomForest,hybrid_open_set,42,7,170,965024fc60b5704d,benign,False,uncertainty,c13ea2c54053d7ec
RandomForest,hybrid_open_set,42,7,171,d369ec5bfaf563cd,ackflood,False,uncertainty,335d63f96b7c8e4c
RandomForest,hybrid_open_set,42,7,172,88c1077214269b1d,winnuke,False,uncertainty,8767d53a995e7bc0
RandomForest,hybrid_open_set,42,7,173,6c036fdeaca9eb30,icmpbig,False,random,11ef2328aebbae9a
RandomForest,hybrid_open_set,42,7,174,18d8c62000a647f2,pingofdeath,False,random,c4ca89dbb9f2833b
RandomForest,hybrid_open_set,42,7,175,0298ec1b9e077dbb,tcp,False,random,041bf9c2b20075af
RandomForest,hybrid_open_set,42,8,176,a494c18e61e84d68,land,True,expansion,11ca897764624b71
RandomForest,hybrid_open_set,42,8,177,6b09aa8824f52b08,ackpflood,True,expansion,4bb765e024664e6e
RandomForest,hybrid_open_set,42,8,178,4083010288873dc6,teardrop,True,expansion,295e6b7bf677498a
RandomForest,hybrid_open_set,42,8,179,a777c969654b3fb3,ackpflood,True,expansion,bd510951eca832d9
RandomForest,hybrid_open_set,42,8,180,5bdd0df16dd5b4e7,ackpflood,True,expansion,811ae939f0302bde
RandomForest,hybrid_open_set,42,8,181,841c9ecac0c55456,land,True,expansion,1fb8b2e54d539a4d
RandomForest,hybrid_open_set,42,8,182,3562ed6dd2671d3d,teardrop,True,expansion,4c12f83143dd15a4
RandomForest,hybrid_open_set,42,8,183,733b66e6c1d5cebb,winnuke,False,novelty,0c6c98b9dbb1dcf5
RandomForest,hybrid_open_set,42,8,184,8189bc62c0e61085,icmpflood,False,novelty,40ed18d30a3f3f94
RandomForest,hybrid_open_set,42,8,185,8a9b6e4a45f41da2,benign,False,novelty,d82a8a71201201e0
RandomForest,hybrid_open_set,42,8,186,ac76f96832a0c9e5,icmpflood,False,novelty,f978623776ab8b5e
RandomForest,hybrid_open_set,42,8,187,f0be23798ec851eb,benign,False,novelty,cd95186aae6cd338
RandomForest,hybrid_open_set,42,8,188,372224443c5194fa,land,True,novelty,3b6e34b87aba8d44
RandomForest,hybrid_open_set,42,8,189,07464402b633fd8f,icmpbig,False,novelty,993fc7a0782f51cc
RandomForest,hybrid_open_set,42,8,190,4b44aad360128bd9,ackflood,False,uncertainty,29e1d285bb97576e
RandomForest,hybrid_open_set,42,8,191,4127c77bdef33795,synflood,False,uncertainty,83ab8c98063f4629
RandomForest,hybrid_open_set,42,8,192,d06e1e49ac4f05e4,benign,False,uncertainty,ed21b61acfc412af
RandomForest,hybrid_open_set,42,8,193,8c947c02efa77d86,winnuke,False,uncertainty,8d2bec8c0a0a17b1
RandomForest,hybrid_open_set,42,8,194,8905b499a71533c3,fraggle,False,uncertainty,d64ebe3024c9d111
RandomForest,hybrid_open_set,42,8,195,6b97b95f72e49a47,fraggle,False,uncertainty,adac96d89cc6f509
RandomForest,hybrid_open_set,42,8,196,fe34bc20c81cd696,benign,False,uncertainty,63074b48f999f674
RandomForest,hybrid_open_set,42,8,197,a11a0fc411bb5846,benign,False,uncertainty,0a2a169e8270087f
RandomForest,hybrid_open_set,42,8,198,9cc8ae2d875c860b,icmpbig,False,random,bf640f01d7d74bf6
RandomForest,hybrid_open_set,42,8,199,938690b672103285,synflood,False,random,5428ff63d319154b
RandomForest,hybrid_open_set,42,8,200,1101c8a6fbbe82c5,pingofdeath,False,random,9b929f5f8f73b374
RandomForest,hybrid_open_set,42,9,201,b0e00faa0a4a9284,land,True,expansion,11ca897764624b71
RandomForest,hybrid_open_set,42,9,202,2df5057c2f99af2e,teardrop,True,expansion,9e8c6943d674e172
RandomForest,hybrid_open_set,42,9,203,ba7bcb9cf3099d6a,ackpflood,True,expansion,811ae939f0302bde
RandomForest,hybrid_open_set,42,9,204,b3a193cf0ed83945,land,True,expansion,1fb8b2e54d539a4d
RandomForest,hybrid_open_set,42,9,205,cba2ab15ea2dba58,teardrop,True,expansion,51a6467a1cc86ea6
RandomForest,hybrid_open_set,42,9,206,cde43518ebf81c15,teardrop,True,expansion,f807d20131f016de
RandomForest,hybrid_open_set,42,9,207,57ebc838d3f44813,teardrop,True,expansion,c2013ec1999fa857
RandomForest,hybrid_open_set,42,9,208,920233e97d9863cf,benign,False,novelty,dc9ddff06116a43e
RandomForest,hybrid_open_set,42,9,209,114f31dd6d815f4b,routeip,False,novelty,b71dc100eb642b93
RandomForest,hybrid_open_set,42,9,210,371e0c8d8eea7bd7,syn,False,novelty,9b58eb4ca28cad6b
RandomForest,hybrid_open_set,42,9,211,c903002bb9149e3f,smurf,False,novelty,efca77688b41a1f7
RandomForest,hybrid_open_set,42,9,212,a20610318914e0d7,benign,False,novelty,b59c05154e7ca71c
RandomForest,hybrid_open_set,42,9,213,93a2a93df99404ee,ackflood,False,novelty,4595750146c129d8
RandomForest,hybrid_open_set,42,9,214,6656d535f8b30c9d,tcp,False,novelty,25df2cbec14f457e
RandomForest,hybrid_open_set,42,9,215,76c1598d65fec4b2,tcpall,False,uncertainty,17cf922f1da5bb90
RandomForest,hybrid_open_set,42,9,216,5a421d908d4510a8,benign,False,uncertainty,98fdd6f9ba64e1aa
RandomForest,hybrid_open_set,42,9,217,4df22271fc9d5ecc,ackflood,False,uncertainty,7ded9ed96bdeeae0
RandomForest,hybrid_open_set,42,9,218,286da6afa5357929,icmpbig,False,uncertainty,02f30548bf4cc2f5
RandomForest,hybrid_open_set,42,9,219,9dfa02232eb62abf,syn,False,uncertainty,5f68e3afc246b78f
RandomForest,hybrid_open_set,42,9,220,c07c176bec8dfbde,benign,False,uncertainty,3f8a2a1879b8dccd
RandomForest,hybrid_open_set,42,9,221,810b5da6b4cf8061,winnuke,False,uncertainty,7f1e07896b433cf8
RandomForest,hybrid_open_set,42,9,222,47a88123212938f9,land,True,uncertainty,bdcbb19e6014cd77
RandomForest,hybrid_open_set,42,9,223,1c741b89aa5e1a8b,fraggle,False,random,5034e5ea57497093
RandomForest,hybrid_open_set,42,9,224,7067a3583b79c10f,icmpbig,False,random,11ef2328aebbae9a
RandomForest,hybrid_open_set,42,9,225,69aad7097fa7a5c4,synflood,False,random,9a51a03c51ef26d4
RandomForest,hybrid_open_set,42,10,226,87b7242bc3bca0e8,land,True,expansion,1fb8b2e54d539a4d
RandomForest,hybrid_open_set,42,10,227,6b3b720f8ed15dab,teardrop,True,expansion,9e8c6943d674e172
RandomForest,hybrid_open_set,42,10,228,b19088984950204f,ackpflood,True,expansion,bd510951eca832d9
RandomForest,hybrid_open_set,42,10,229,1a4876b4261b16a3,teardrop,True,expansion,5bc4c1106c05ca18
RandomForest,hybrid_open_set,42,10,230,b2d39fd2f600b0db,teardrop,True,expansion,d8a38723452fda2b
RandomForest,hybrid_open_set,42,10,231,ff8dd6b3eb5c201d,teardrop,True,expansion,f48deb88188adc11
RandomForest,hybrid_open_set,42,10,232,520fbf482f11434f,teardrop,True,expansion,eefa7f5d30d6b20c
RandomForest,hybrid_open_set,42,10,233,60596af9a6965064,icmpbig,False,novelty,8febd396c2529c88
RandomForest,hybrid_open_set,42,10,234,1772e0899ed9fd38,fraggle,False,novelty,19a6d6a9897dd2a8
RandomForest,hybrid_open_set,42,10,235,809b588716926a64,tcp,False,novelty,6dd5c3ec2969978c
RandomForest,hybrid_open_set,42,10,236,ed998fcbaf180841,benign,False,novelty,0d46b1e6fc6ccdd8
RandomForest,hybrid_open_set,42,10,237,260bdf50ae1ee1df,teardrop,True,novelty,e2e84cdc53389294
RandomForest,hybrid_open_set,42,10,238,b1074ea0fd73b256,benign,False,novelty,c38009d5ec4182db
RandomForest,hybrid_open_set,42,10,239,5e49b6675bdd2b94,benign,False,novelty,181d2db6c63d0284
RandomForest,hybrid_open_set,42,10,240,f8dde1480265276a,winnuke,False,uncertainty,decd98c001b312c1
RandomForest,hybrid_open_set,42,10,241,b09228b5a4762bf4,ackflood,False,uncertainty,097699f62e4895bb
RandomForest,hybrid_open_set,42,10,242,ffc68d9a47f452ed,benign,False,uncertainty,292c2f4ed0aaa7f9
RandomForest,hybrid_open_set,42,10,243,85a2b5b1e9e9d3b9,winnuke,False,uncertainty,76ac1ac9f8ed9390
RandomForest,hybrid_open_set,42,10,244,b0143d8f4b94a58c,winnuke,False,uncertainty,388e3c0e1e4db615
RandomForest,hybrid_open_set,42,10,245,abbd133c3c0ab4e2,land,True,uncertainty,ccfb10c2ea227cb4
RandomForest,hybrid_open_set,42,10,246,cdd88abfb284bd83,benign,False,uncertainty,7a0ee04583e83139
RandomForest,hybrid_open_set,42,10,247,48bfd81991679d44,benign,False,uncertainty,2a9c9791dc7f74bd
RandomForest,hybrid_open_set,42,10,248,ac87702e1aa8f8e5,pingofdeath,False,random,65dbaa916ff94029
RandomForest,hybrid_open_set,42,10,249,eefcc8cef5d4a3de,smurf,False,random,5074e463ae1ff129
RandomForest,hybrid_open_set,42,10,250,104abe055113322d,teardrop,True,random,c467981fa0a38bdc
RandomForest,hybrid_open_set,42,11,251,ca8bfccb2c12a4da,land,True,expansion,1fb8b2e54d539a4d
RandomForest,hybrid_open_set,42,11,252,1e3df89a7699cd7c,ackpflood,True,expansion,811ae939f0302bde
RandomForest,hybrid_open_set,42,11,253,246b58b16f36572a,teardrop,True,expansion,d79f30e58e9206a1
RandomForest,hybrid_open_set,42,11,254,fa51c71d1e5c52e6,land,True,expansion,11ca897764624b71
RandomForest,hybrid_open_set,42,11,255,512d2b868403a428,ackpflood,True,expansion,bd510951eca832d9
RandomForest,hybrid_open_set,42,11,256,9b6b2a71268ce69d,teardrop,True,expansion,51a6467a1cc86ea6
RandomForest,hybrid_open_set,42,11,257,adf8aab526e8abbb,teardrop,True,expansion,1ab57bfc4fa70c0d
RandomForest,hybrid_open_set,42,11,258,c2d7ccc86a82a752,fraggle,False,novelty,f9e22ed483f78ab2
RandomForest,hybrid_open_set,42,11,259,71ea11550af8424c,routeip,False,novelty,3d41a6d051e0096e
RandomForest,hybrid_open_set,42,11,260,54f6082e618a60e0,smurf,False,novelty,c3680e056a5d8c54
RandomForest,hybrid_open_set,42,11,261,4001e0f089826225,syn,False,novelty,9fa6b2583d03ccd9
RandomForest,hybrid_open_set,42,11,262,6f12d488b9703cd8,benign,False,novelty,d67f702cc89c75ce
RandomForest,hybrid_open_set,42,11,263,77b398b1394e4fe6,fraggle,False,novelty,6f4f7da9f9f2df49
RandomForest,hybrid_open_set,42,11,264,3bb2e1c9eeace4f8,icmpflood,False,novelty,414b96fbbd01c62d
RandomForest,hybrid_open_set,42,11,265,6bd51dc085cc8ff2,benign,False,uncertainty,23f7e04201262823
RandomForest,hybrid_open_set,42,11,266,dbf363fb2189acb4,ackflood,False,uncertainty,fcfcf5187227b732
RandomForest,hybrid_open_set,42,11,267,48c31b00e31610d7,winnuke,False,uncertainty,45c143c427511552
RandomForest,hybrid_open_set,42,11,268,d18a0d862dd95d1d,tcpall,False,uncertainty,270dd1a8adf0d6e3
RandomForest,hybrid_open_set,42,11,269,86baaddd7d2d388c,synflood,False,uncertainty,3f922bf9130791f9
RandomForest,hybrid_open_set,42,11,270,4a8c2940be2a1a5c,ackflood,False,uncertainty,2a2a469bf902ad2c
RandomForest,hybrid_open_set,42,11,271,e1272a9e070302e7,syn,False,uncertainty,6407d7ec4d6128a0
RandomForest,hybrid_open_set,42,11,272,af9976f408a02fa3,benign,False,uncertainty,ccba565cbcdef643
RandomForest,hybrid_open_set,42,11,273,77d406b19f81f894,pingofdeath,False,random,137c4ba317d882b9
RandomForest,hybrid_open_set,42,11,274,2d64593db44aacd3,syn,False,random,9b58eb4ca28cad6b
RandomForest,hybrid_open_set,42,11,275,48e9fccf1a981eae,icmpflood,False,random,abb4385ad102b7b3
RandomForest,hybrid_open_set,42,12,276,800e39e9653f30ae,land,True,expansion,1fb8b2e54d539a4d
RandomForest,hybrid_open_set,42,12,277,15b84f8f8264e912,ackpflood,True,expansion,bd510951eca832d9
RandomForest,hybrid_open_set,42,12,278,81c5fcbb5c6b48ea,teardrop,True,expansion,1ab57bfc4fa70c0d
RandomForest,hybrid_open_set,42,12,279,cfea34eb4fdd9bfe,ackpflood,True,expansion,811ae939f0302bde
RandomForest,hybrid_open_set,42,12,280,7d9af5373f2e44f9,land,True,expansion,11ca897764624b71
RandomForest,hybrid_open_set,42,12,281,96aca9f73b3cf509,teardrop,True,expansion,f48deb88188adc11
RandomForest,hybrid_open_set,42,12,282,1ae962c40ba73a9e,teardrop,True,expansion,51a6467a1cc86ea6
RandomForest,hybrid_open_set,42,12,283,2be22d2411603cb1,tcp,False,novelty,601ed47822cbb048
RandomForest,hybrid_open_set,42,12,284,2411d88723e97a63,benign,False,novelty,9ee4058e44c8d1c7
RandomForest,hybrid_open_set,42,12,285,54d493d5a9eea84f,ackflood,False,novelty,dc66728d1843dd85
RandomForest,hybrid_open_set,42,12,286,16e487e4e876b0cc,icmpbig,False,novelty,1255b338bb026993
RandomForest,hybrid_open_set,42,12,287,0aeac82aa8d4d7b7,tcp,False,novelty,b591e7d985b4e445
RandomForest,hybrid_open_set,42,12,288,cba9c1dbe9701ed9,routeip,False,novelty,51961f61f893561d
RandomForest,hybrid_open_set,42,12,289,ce62d52c46e41d6e,benign,False,novelty,9647662eb0c92794
RandomForest,hybrid_open_set,42,12,290,811eea2a4ea30ca5,smurf,False,uncertainty,cb9c8c0d11dac69d
RandomForest,hybrid_open_set,42,12,291,df14b950203907af,benign,False,uncertainty,37a1465ab9e861aa
RandomForest,hybrid_open_set,42,12,292,a8feb784ba876ef8,ackflood,False,uncertainty,dc99edc225fd27b2
RandomForest,hybrid_open_set,42,12,293,5e688bd0de1b931d,tcpall,False,uncertainty,59e342a53a8ea90f
RandomForest,hybrid_open_set,42,12,294,853a540e08c7340c,ackflood,False,uncertainty,77afad4d20651ab6
RandomForest,hybrid_open_set,42,12,295,a19a36661d1c8fd0,tcpfin1,False,uncertainty,3c0b38c8dbf829f2
RandomForest,hybrid_open_set,42,12,296,02e3720d9d4ee7ef,benign,False,uncertainty,74dadab1aff7e5b8
RandomForest,hybrid_open_set,42,12,297,07827aa474a5ee31,benign,False,uncertainty,9dc8084597823713
RandomForest,hybrid_open_set,42,12,298,72e9bc310ceede54,icmpbig,False,random,16a4d78bdc124527
RandomForest,hybrid_open_set,42,12,299,81f037739754f960,routeip,False,random,753bbc2687bc83bf
RandomForest,hybrid_open_set,42,12,300,5988300bcac4e630,smurf,False,random,fac2383f5af9dd1f
RandomForest,random,2026,1,1,4ba654e07d935415,ackflood,False,random,b12cfee871decb47
RandomForest,random,2026,1,2,6918ff22222e7b24,pingofdeath,False,random,343144ee3c111a03
RandomForest,random,2026,1,3,d3c39ba475356e39,benign,False,random,3f0ed79ae61b8206
RandomForest,random,2026,1,4,d9043ec0ec239cd6,tcpall,False,random,25df2cbec14f457e
RandomForest,random,2026,1,5,d5b444d3df18ce80,benign,False,random,39ab12a9f8d5bbcd
RandomForest,random,2026,1,6,13c0c5ad3e9cf9cd,routeip,False,random,7480dec5eaacca58
RandomForest,random,2026,1,7,e7fa6bd2bc1fff64,smurf,False,random,5074e463ae1ff129
RandomForest,random,2026,1,8,ff06127c0790f0a0,ackpflood,True,random,811ae939f0302bde
RandomForest,random,2026,1,9,79f2b0764699dba7,pingofdeath,False,random,7276acf83a6c7451
RandomForest,random,2026,1,10,064827b9de500b2f,icmpflood,False,random,a1dda2d06bde0e6b
RandomForest,random,2026,1,11,4259cf7e3901f7d8,icmpbig,False,random,11ef2328aebbae9a
RandomForest,random,2026,1,12,536df274ad1fec9f,land,True,random,1fb8b2e54d539a4d
RandomForest,random,2026,1,13,e0f573a44dfbfe44,winnuke,False,random,2ec62d48d971cfd2
RandomForest,random,2026,1,14,fe4fbaf948917d3d,land,True,random,1fb8b2e54d539a4d
RandomForest,random,2026,1,15,8de3b715c20fcb6a,land,True,random,1fb8b2e54d539a4d
RandomForest,random,2026,1,16,b42f6dfac5a6a94b,ackpflood,True,random,fc60f500fd93cd5e
RandomForest,random,2026,1,17,99fbe0d501686077,tcp,False,random,956f1a59c8d3d9b5
RandomForest,random,2026,1,18,dc8c4f1295f5ff04,tcpall,False,random,6d190f0ade234a41
RandomForest,random,2026,1,19,99d9ba48acb53947,benign,False,random,99fce00383bcc248
RandomForest,random,2026,1,20,30b0d4367d1dbdcd,pingofdeath,False,random,afdd19870857602d
RandomForest,random,2026,1,21,c92993c45b08628c,tcp,False,random,50ddf0aae9d8a792
RandomForest,random,2026,1,22,762e39bd76d5cea3,fraggle,False,random,5034e5ea57497093
RandomForest,random,2026,1,23,9cc4043acf15026d,winnuke,False,random,0541563abf895aec
RandomForest,random,2026,1,24,e43421dd26f769ae,tcp,False,random,761777b58d5a76ad
RandomForest,random,2026,1,25,909df206ee87d9c9,tcp,False,random,8a0c3de433c4f985
RandomForest,random,2026,2,26,0f20d8e46e4dd60f,ackflood,False,random,e6e7170296a1d0ef
RandomForest,random,2026,2,27,f2c7c63456b07ac3,icmpflood,False,random,081b2c49eb201711
RandomForest,random,2026,2,28,0a21d3900e3e04aa,tcpfin1,False,random,3da3facffa0f3564
RandomForest,random,2026,2,29,a665614c4d472412,synflood,False,random,660b9e4f5dead3a3
RandomForest,random,2026,2,30,545b7bd79aa0d60e,tcpfin1,False,random,1a1695b4f63d38b9
RandomForest,random,2026,2,31,6a69484cec190840,pingofdeath,False,random,d9b8e076e21967d3
RandomForest,random,2026,2,32,1410ed197e449552,winnuke,False,random,7b341655dd31274e
RandomForest,random,2026,2,33,8a965984491d4e6a,icmpflood,False,random,154119a1d6ccad37
RandomForest,random,2026,2,34,988f12ca582770c3,syn,False,random,9b58eb4ca28cad6b
RandomForest,random,2026,2,35,d3aa06d5302e1fde,pingofdeath,False,random,8423ced6a82aea83
RandomForest,random,2026,2,36,07c4abce3149cf8d,smurf,False,random,4614ba434a2c3470
RandomForest,random,2026,2,37,e78bfdb76c15104b,pingofdeath,False,random,bc84623eec13b1ec
RandomForest,random,2026,2,38,533c3cdf834de973,tcp,False,random,4da4e2ec5e248502
RandomForest,random,2026,2,39,8aefac167a2c55dd,routeip,False,random,7480dec5eaacca58
RandomForest,random,2026,2,40,75d2107d55f12778,tcp,False,random,2fe8b757aa694f1f
RandomForest,random,2026,2,41,a4527662e31e1a51,tcp,False,random,eab058deef3ef772
RandomForest,random,2026,2,42,c391de5f1d3405c6,synflood,False,random,f84523dd8a51b746
RandomForest,random,2026,2,43,c8747024e1f6e6b2,syn,False,random,91a24eb6dfa53e45
RandomForest,random,2026,2,44,ef23446d59b6e94d,icmpflood,False,random,56e63e1280f995ec
RandomForest,random,2026,2,45,68e8ee3ef063530e,tcpall,False,random,25df2cbec14f457e
RandomForest,random,2026,2,46,9ffeffebc98c1565,synflood,False,random,90f44592fe8d3fd4
RandomForest,random,2026,2,47,f39d760609e94c62,icmpbig,False,random,11ef2328aebbae9a
RandomForest,random,2026,2,48,9c1cb44e596f6b52,benign,False,random,7942c022b9a685a0
RandomForest,random,2026,2,49,b6074533b44b9fe9,syn,False,random,9b58eb4ca28cad6b
RandomForest,random,2026,2,50,2a131cc81f729661,tcp,False,random,8a0c3de433c4f985
RandomForest,random,2026,3,51,4c348cb8c708bb72,syn,False,random,9b58eb4ca28cad6b
RandomForest,random,2026,3,52,6077c635df50a095,land,True,random,11ca897764624b71
RandomForest,random,2026,3,53,15ad463500f86b10,fraggle,False,random,01e2c01fba8621af
RandomForest,random,2026,3,54,fccfa638b8ef3b89,icmpflood,False,random,3da8be597bbf14e3
RandomForest,random,2026,3,55,faaf6713720df1a2,pingofdeath,False,random,788523788fb4db2b
RandomForest,random,2026,3,56,6c4aae18eb648ad2,synflood,False,random,5428ff63d319154b
RandomForest,random,2026,3,57,89265be91158db67,routeip,False,random,753bbc2687bc83bf
RandomForest,random,2026,3,58,bd8d2bd313adbf8d,routeip,False,random,753bbc2687bc83bf
RandomForest,random,2026,3,59,aca94c5e63d65471,routeip,False,random,753bbc2687bc83bf
RandomForest,random,2026,3,60,d40568a724d49bc3,synflood,False,random,d12b6d97bdd50642
RandomForest,random,2026,3,61,0a5ed433edccc8fd,smurf,False,random,5074e463ae1ff129
RandomForest,random,2026,3,62,e91a957c2ff04bb7,winnuke,False,random,0541563abf895aec
RandomForest,random,2026,3,63,b008969c13fab299,tcpfin1,False,random,1a1695b4f63d38b9
RandomForest,random,2026,3,64,c8011017218eba54,routeip,False,random,beafef6ea184545f
RandomForest,random,2026,3,65,a5046463724cdc46,syn,False,random,91a24eb6dfa53e45
RandomForest,random,2026,3,66,c5b921e26f716b9a,benign,False,random,de4463aa2b913f9a
RandomForest,random,2026,3,67,3ca96ae2b7af1dd9,tcpfin1,False,random,3da3facffa0f3564
RandomForest,random,2026,3,68,62487ec643c7c641,syn,False,random,9b58eb4ca28cad6b
RandomForest,random,2026,3,69,2cc8c0f5b3089586,syn,False,random,9b58eb4ca28cad6b
RandomForest,random,2026,3,70,d0787a95aa3a5810,ackpflood,True,random,bd510951eca832d9
RandomForest,random,2026,3,71,3a19478bfcb9874f,benign,False,random,2f644026258e8e7c
RandomForest,random,2026,3,72,c8437e846b2ab046,tcp,False,random,b591e7d985b4e445
RandomForest,random,2026,3,73,b42080530e21c9a9,pingofdeath,False,random,1796f4a0050ca2c8
RandomForest,random,2026,3,74,9d6eb3d99e38cca3,benign,False,random,430f65a62d5e6af7
RandomForest,random,2026,3,75,615d56d6ac702cc0,benign,False,random,26176bae0b7dd73f
RandomForest,random,2026,4,76,7e31f724c1e1027b,fraggle,False,random,add455247e14b58f
RandomForest,random,2026,4,77,d45b3a2cdf217d0d,fraggle,False,random,31339063f76812c2
RandomForest,random,2026,4,78,086680076255bffc,smurf,False,random,4614ba434a2c3470
RandomForest,random,2026,4,79,33c266f9d5682fd3,winnuke,False,random,0541563abf895aec
RandomForest,random,2026,4,80,7a3dd789478eeeec,benign,False,random,17077c6a58cdc347
RandomForest,random,2026,4,81,9b18b3dd3977e411,land,True,random,1fb8b2e54d539a4d
RandomForest,random,2026,4,82,324a1272623d02d2,pingofdeath,False,random,d34e7758465d2c52
RandomForest,random,2026,4,83,f60be362cadc8fbc,smurf,False,random,a58d64c443f35019
RandomForest,random,2026,4,84,bf8112fc03491725,ackflood,False,random,375706e3c87f9a71
RandomForest,random,2026,4,85,c3362a8ab54ae6af,pingofdeath,False,random,cb6317d4d12a8d45
RandomForest,random,2026,4,86,f5b0b1eed0615118,pingofdeath,False,random,154279d552ef3269
RandomForest,random,2026,4,87,4bc5c20bc255d476,syn,False,random,ea44c76917c7f15c
RandomForest,random,2026,4,88,438f836bc6f6bf9f,synflood,False,random,9a51a03c51ef26d4
RandomForest,random,2026,4,89,4f9c08d98902d050,pingofdeath,False,random,89389e22dc9b0a69
RandomForest,random,2026,4,90,575ac1c3b0f7fa27,benign,False,random,77c2df9f679fe4d2
RandomForest,random,2026,4,91,c04df916b126e543,ackflood,False,random,fa4a154eb2763fc6
RandomForest,random,2026,4,92,d8ebc5797cf49888,ackflood,False,random,c473f0d654afad63
RandomForest,random,2026,4,93,ad14df2edb994fe8,icmpbig,False,random,11ef2328aebbae9a
RandomForest,random,2026,4,94,dd6321ec6b28b21c,icmpflood,False,random,115e4272d4eeb02e
RandomForest,random,2026,4,95,333bb89d995403d0,icmpflood,False,random,d7934432c908d759
RandomForest,random,2026,4,96,885364556fa0b6da,benign,False,random,636bf55d651c01a4
RandomForest,random,2026,4,97,6e4c31c73ab1fd96,synflood,False,random,785a33bde84e4284
RandomForest,random,2026,4,98,8bc0702f2ce30276,fraggle,False,random,510e1aad16305966
RandomForest,random,2026,4,99,66313588ce924aa0,teardrop,True,random,c467981fa0a38bdc
RandomForest,random,2026,4,100,c191f0a92e8e9f2f,icmpbig,False,random,11ef2328aebbae9a
RandomForest,random,2026,5,101,864281e4318d7f5d,benign,False,random,e5d066e9524ea39e
RandomForest,random,2026,5,102,9506fae1eddc1d77,icmpflood,False,random,fb046498b8506f29
RandomForest,random,2026,5,103,567632bcb3240474,synflood,False,random,9a51a03c51ef26d4
RandomForest,random,2026,5,104,4b13e2bad2e659ad,icmpbig,False,random,734d7e997233e84a
RandomForest,random,2026,5,105,94605b2fad53a4db,icmpbig,False,random,11ef2328aebbae9a
RandomForest,random,2026,5,106,4afd236274c594a9,pingofdeath,False,random,27f8d5f3c02d28e1
RandomForest,random,2026,5,107,775179685948ac1d,winnuke,False,random,0541563abf895aec
RandomForest,random,2026,5,108,6acb96df8f3c6265,tcp,False,random,1084ff896fa95aab
RandomForest,random,2026,5,109,4fa26ab1928f55a2,smurf,False,random,8dee1464df987eed
RandomForest,random,2026,5,110,0c10034e015e3df0,tcpall,False,random,6d190f0ade234a41
RandomForest,random,2026,5,111,bb57df2c249a2098,benign,False,random,99fce00383bcc248
RandomForest,random,2026,5,112,829e89543dd4f52d,ackflood,False,random,8b835a819dbfdc02
RandomForest,random,2026,5,113,93ae138caa69255c,synflood,False,random,d12b6d97bdd50642
RandomForest,random,2026,5,114,4ee8bd44a86fda03,smurf,False,random,7e8e1e1098e43414
RandomForest,random,2026,5,115,98a600841ca597ac,benign,False,random,0f5cffa4cb54f1b2
RandomForest,random,2026,5,116,0ce236750220ec89,icmpbig,False,random,bf640f01d7d74bf6
RandomForest,random,2026,5,117,d2417e58b61d29ad,fraggle,False,random,add455247e14b58f
RandomForest,random,2026,5,118,4bd353d117423d46,routeip,False,random,753bbc2687bc83bf
RandomForest,random,2026,5,119,531ce0172834e203,icmpbig,False,random,bf640f01d7d74bf6
RandomForest,random,2026,5,120,86043cbcdf003421,ackpflood,True,random,fc60f500fd93cd5e
RandomForest,random,2026,5,121,c502cd1e9d1b0b77,ackpflood,True,random,811ae939f0302bde
RandomForest,random,2026,5,122,76af83aee5012279,ackflood,False,random,7dd27e6e9c6d2494
RandomForest,random,2026,5,123,288f3789f205cb84,fraggle,False,random,a56dce53f990c0ee
RandomForest,random,2026,5,124,a6937ec70eec38c3,icmpflood,False,random,4c9e0370c07a8339
RandomForest,random,2026,5,125,daabd700e05720c2,winnuke,False,random,7621903da1effb0b
RandomForest,random,2026,6,126,8a92eaa6a1cf5832,smurf,False,random,0c6529c04298f723
RandomForest,random,2026,6,127,b5744192d4847436,ackflood,False,random,91a751c58fb86c3b
RandomForest,random,2026,6,128,795667202d2e09d4,icmpflood,False,random,dd285a488a46e632
RandomForest,random,2026,6,129,771133e98d5de360,benign,False,random,a4aecad4576d1a88
RandomForest,random,2026,6,130,c7dbedaf41b278ca,smurf,False,random,0c6529c04298f723
RandomForest,random,2026,6,131,ea8679b71abdbb27,smurf,False,random,c62aadecbca11c46
RandomForest,random,2026,6,132,6ca8366cb37fe9ae,winnuke,False,random,0541563abf895aec
RandomForest,random,2026,6,133,ff13e4b69499343c,smurf,False,random,cdce6a64919c9766
RandomForest,random,2026,6,134,ca36442ac712fd5c,fraggle,False,random,31339063f76812c2
RandomForest,random,2026,6,135,98eae1937605ce9b,routeip,False,random,7480dec5eaacca58
RandomForest,random,2026,6,136,23960a49534eb2e6,fraggle,False,random,c7d48fa0283c13e4
RandomForest,random,2026,6,137,bc124652a910461a,smurf,False,random,62a16898a028ee78
RandomForest,random,2026,6,138,52e12280d3cb5907,tcp,False,random,2f9c208e7c08dd91
RandomForest,random,2026,6,139,8ddc2c764fe1c08d,synflood,False,random,2b98e0f313025673
RandomForest,random,2026,6,140,828d54a1dd31f631,synflood,False,random,d12b6d97bdd50642
RandomForest,random,2026,6,141,49ea94f4d68ef751,teardrop,True,random,7ad4650073f193c0
RandomForest,random,2026,6,142,ddde63d26990bd66,synflood,False,random,74fc6c27c273eee5
RandomForest,random,2026,6,143,a4df349d52e3615a,smurf,False,random,418f8a85f4e11cab
RandomForest,random,2026,6,144,89405f4609315135,routeip,False,random,753bbc2687bc83bf
RandomForest,random,2026,6,145,4b0e5c630276a7ef,benign,False,random,852bcfbc126a2b1b
RandomForest,random,2026,6,146,696d596edd855422,icmpflood,False,random,64a57b133d225cd7
RandomForest,random,2026,6,147,63cc030b5a9b3ca2,ackflood,False,random,c6075298bb4e6af1
RandomForest,random,2026,6,148,dbe8f369fb11429d,teardrop,True,random,74a345693602c106
RandomForest,random,2026,6,149,22323d936bbe74bc,syn,False,random,91a24eb6dfa53e45
RandomForest,random,2026,6,150,ed394ab229f8afe8,icmpbig,False,random,bf640f01d7d74bf6
RandomForest,random,2026,7,151,a78e8f36cbe25c89,smurf,False,random,1f3fbf566d1ee264
RandomForest,random,2026,7,152,b89a47199ab3e3c8,tcpfin1,False,random,1a1695b4f63d38b9
RandomForest,random,2026,7,153,7163ca1f03628967,pingofdeath,False,random,9ca170024eca4995
RandomForest,random,2026,7,154,08302e2d24137f70,icmpbig,False,random,4ae2d078b50034c6
RandomForest,random,2026,7,155,dbb7380425f51122,ackpflood,True,random,456c6c1c5604adc9
RandomForest,random,2026,7,156,4fcc2fee2f582e08,teardrop,True,random,c11110b107945ad1
RandomForest,random,2026,7,157,e0f67731e8e4d168,winnuke,False,random,06b8b0a3004008de
RandomForest,random,2026,7,158,127f42c722442847,fraggle,False,random,67eeffedc671d1d2
RandomForest,random,2026,7,159,91fc18fc54cbb0c7,benign,False,random,72335435f22607d4
RandomForest,random,2026,7,160,3acecf9c59ca7188,synflood,False,random,74fc6c27c273eee5
RandomForest,random,2026,7,161,f39f2fa6de28420a,fraggle,False,random,31339063f76812c2
RandomForest,random,2026,7,162,9d005180bc84366e,ackflood,False,random,1743e39b6f5565bf
RandomForest,random,2026,7,163,e7461c859eee9f06,smurf,False,random,f4df15c8bbacd8da
RandomForest,random,2026,7,164,4f5e5c2737573c8b,icmpbig,False,random,11ef2328aebbae9a
RandomForest,random,2026,7,165,1101c8a6fbbe82c5,pingofdeath,False,random,9b929f5f8f73b374
RandomForest,random,2026,7,166,7305d8473283795d,routeip,False,random,7480dec5eaacca58
RandomForest,random,2026,7,167,b7b21fdf6057fce8,icmpbig,False,random,11ef2328aebbae9a
RandomForest,random,2026,7,168,8f89692ac03d73aa,smurf,False,random,1b4ab805f3b36f8f
RandomForest,random,2026,7,169,523f425c22d02006,winnuke,False,random,0541563abf895aec
RandomForest,random,2026,7,170,9dc38c790b6e139c,fraggle,False,random,5034e5ea57497093
RandomForest,random,2026,7,171,e790e1b393097df6,icmpflood,False,random,075e1bef7fb56df8
RandomForest,random,2026,7,172,781615bd6ede6d3a,ackflood,False,random,348627914fb64a98
RandomForest,random,2026,7,173,c83977c1c29a4e75,routeip,False,random,7480dec5eaacca58
RandomForest,random,2026,7,174,825095c542d8a5f9,synflood,False,random,d12b6d97bdd50642
RandomForest,random,2026,7,175,ecd007d6f09ebb63,icmpflood,False,random,24b3540d86e5a98c
RandomForest,random,2026,8,176,84f9602f0f485e64,smurf,False,random,4614ba434a2c3470
RandomForest,random,2026,8,177,6dd8026c0dc29794,routeip,False,random,753bbc2687bc83bf
RandomForest,random,2026,8,178,683c77051dfb51bf,icmpflood,False,random,154119a1d6ccad37
RandomForest,random,2026,8,179,0549f3c84d1e1c9b,icmpbig,False,random,11ef2328aebbae9a
RandomForest,random,2026,8,180,ce686de001828eff,benign,False,random,783afc98f9cd9e14
RandomForest,random,2026,8,181,e4f4640c0705cbd1,pingofdeath,False,random,b6440813386f029a
RandomForest,random,2026,8,182,995756b0db365f4e,tcpfin1,False,random,3da3facffa0f3564
RandomForest,random,2026,8,183,401f18beb8826680,tcpall,False,random,5589e729e8344363
RandomForest,random,2026,8,184,0776171968fb4f02,syn,False,random,9b58eb4ca28cad6b
RandomForest,random,2026,8,185,4c12f950c5d98e32,benign,False,random,66899159fe28cd65
RandomForest,random,2026,8,186,098ea933161309ad,pingofdeath,False,random,645b2d195afc9930
RandomForest,random,2026,8,187,73823255b8854353,winnuke,False,random,b56a4da5cef62eb0
RandomForest,random,2026,8,188,702a44ced4973291,teardrop,True,random,c11110b107945ad1
RandomForest,random,2026,8,189,6f24e5e1d3317cbd,routeip,False,random,7480dec5eaacca58
RandomForest,random,2026,8,190,80efdd784a6513d0,synflood,False,random,f4efa23870b784d1
RandomForest,random,2026,8,191,b59e35a26933117c,pingofdeath,False,random,9b5112c7b1117a54
RandomForest,random,2026,8,192,7837c9ac3e06825a,synflood,False,random,f253e22cb89c4a3d
RandomForest,random,2026,8,193,4a567ae526765b97,land,True,random,1fb8b2e54d539a4d
RandomForest,random,2026,8,194,19cc861e3a309a7c,icmpbig,False,random,bf640f01d7d74bf6
RandomForest,random,2026,8,195,cba1f1a7eb2ed049,icmpbig,False,random,4ae2d078b50034c6
RandomForest,random,2026,8,196,d1b2092727beadb9,pingofdeath,False,random,a8309b1e3f5a1754
RandomForest,random,2026,8,197,9e55a1da82539150,icmpflood,False,random,896472c1dc5726bc
RandomForest,random,2026,8,198,fad7f6e67b9f7cfa,teardrop,True,random,9ad199805828433e
RandomForest,random,2026,8,199,728314e0548c4b98,tcp,False,random,609b2f411f37b70a
RandomForest,random,2026,8,200,14eace278466cf1c,winnuke,False,random,0541563abf895aec
RandomForest,random,2026,9,201,26d2cf47fd1b7b82,synflood,False,random,051df076c34fd593
RandomForest,random,2026,9,202,e56539716aedda6b,synflood,False,random,927899bebd1c41c5
RandomForest,random,2026,9,203,a1fe17f4c3696b55,benign,False,random,379055fd737e3715
RandomForest,random,2026,9,204,3bf8003cb88ac572,tcpfin1,False,random,3da3facffa0f3564
RandomForest,random,2026,9,205,be4a7419ce878abf,routeip,False,random,753bbc2687bc83bf
RandomForest,random,2026,9,206,db2ca20bb69775fd,fraggle,False,random,a56dce53f990c0ee
RandomForest,random,2026,9,207,a3e19ac9fc4a9d92,benign,False,random,dce4ea2982f3dc12
RandomForest,random,2026,9,208,2d4b199012757eb2,ackflood,False,random,db4ebbb3b7b5b74a
RandomForest,random,2026,9,209,85765074390b31ec,winnuke,False,random,9a640dd5ee54354c
RandomForest,random,2026,9,210,5948087bb7260bb6,icmpbig,False,random,11ef2328aebbae9a
RandomForest,random,2026,9,211,71af64f80352c250,ackflood,False,random,9f46bb47034242e0
RandomForest,random,2026,9,212,8797059417748e23,smurf,False,random,4614ba434a2c3470
RandomForest,random,2026,9,213,efcace67b1f68f86,icmpbig,False,random,bf640f01d7d74bf6
RandomForest,random,2026,9,214,8f6fa67c7f263485,benign,False,random,430f65a62d5e6af7
RandomForest,random,2026,9,215,3f61cc3a9fa087fc,icmpflood,False,random,0154d078c9a97f53
RandomForest,random,2026,9,216,f5962b735140261a,land,True,random,1fb8b2e54d539a4d
RandomForest,random,2026,9,217,311ec02a9643719f,synflood,False,random,9bbf9290c3fe1118
RandomForest,random,2026,9,218,423a428d4c1e942e,winnuke,False,random,afa132293ef2e0ba
RandomForest,random,2026,9,219,a873e9a313257f88,fraggle,False,random,03698469be58ab8b
RandomForest,random,2026,9,220,c141667c01632ace,tcpfin1,False,random,3da3facffa0f3564
RandomForest,random,2026,9,221,dc9f7c77500442b0,smurf,False,random,f4df15c8bbacd8da
RandomForest,random,2026,9,222,41a0b828e82d61ba,synflood,False,random,d7e6c710e793d7be
RandomForest,random,2026,9,223,56872e93d9d61ce7,ackflood,False,random,e4e862eb72b64446
RandomForest,random,2026,9,224,65bebfc8c80f6340,teardrop,True,random,74a345693602c106
RandomForest,random,2026,9,225,d71530cabb0e4388,winnuke,False,random,8ef1d955f5e8ca94
RandomForest,random,2026,10,226,1b5499dabbe4295d,syn,False,random,9b58eb4ca28cad6b
RandomForest,random,2026,10,227,cd997e037f7a0e15,ackpflood,True,random,bd510951eca832d9
RandomForest,random,2026,10,228,f87fa797564b4f02,syn,False,random,91a24eb6dfa53e45
RandomForest,random,2026,10,229,50b38e04a4b010f6,land,True,random,1fb8b2e54d539a4d
RandomForest,random,2026,10,230,e535a772dc1c0a16,winnuke,False,random,d625cbcbf6ce4e9b
RandomForest,random,2026,10,231,cc45dd654a49c168,benign,False,random,3aa6c1455743dfbf
RandomForest,random,2026,10,232,559f7d5305c28b05,pingofdeath,False,random,27f8d5f3c02d28e1
RandomForest,random,2026,10,233,3c9378a4d49c404c,land,True,random,1fb8b2e54d539a4d
RandomForest,random,2026,10,234,f6bfa0c29d24933a,tcpfin1,False,random,1a1695b4f63d38b9
RandomForest,random,2026,10,235,dd92a8318eea1ccd,tcpall,False,random,25df2cbec14f457e
RandomForest,random,2026,10,236,43e753e5168d12ee,synflood,False,random,76684c02635f367e
RandomForest,random,2026,10,237,22b476f7a84cee6a,fraggle,False,random,a0ebf3c9d8ba74fa
RandomForest,random,2026,10,238,366e3e3c86ae24a1,tcp,False,random,11386c872c55a9f9
RandomForest,random,2026,10,239,c75eb57ca693560c,icmpbig,False,random,734d7e997233e84a
RandomForest,random,2026,10,240,cfd92ffbbb0b2c55,synflood,False,random,e929e30ecd5f16b7
RandomForest,random,2026,10,241,eac4d859c51c051e,pingofdeath,False,random,ad08b780717c5442
RandomForest,random,2026,10,242,4c94f8de51beb781,smurf,False,random,634e6cb8526ea457
RandomForest,random,2026,10,243,fb1af366567e93ca,land,True,random,1fb8b2e54d539a4d
RandomForest,random,2026,10,244,b020a7cffde72548,winnuke,False,random,0541563abf895aec
RandomForest,random,2026,10,245,8781c0f8d7a115da,ackflood,False,random,53a5e07346f4ec38
RandomForest,random,2026,10,246,c88fe534e5af231c,teardrop,True,random,9ad199805828433e
RandomForest,random,2026,10,247,b0b79b419bb8938c,synflood,False,random,8a3ed2acaafa363b
RandomForest,random,2026,10,248,87a527a51a48cb7f,benign,False,random,accc4c31543128d1
RandomForest,random,2026,10,249,f1245fb93e21a283,pingofdeath,False,random,c2e1590d8e802a1c
RandomForest,random,2026,10,250,a346af4953d1534c,icmpbig,False,random,bf640f01d7d74bf6
RandomForest,random,2026,11,251,debd663947613056,tcp,False,random,761777b58d5a76ad
RandomForest,random,2026,11,252,12f8452add157573,routeip,False,random,753bbc2687bc83bf
RandomForest,random,2026,11,253,7baa9e73a10e8e94,land,True,random,1fb8b2e54d539a4d
RandomForest,random,2026,11,254,0f258407c2c9a590,winnuke,False,random,826fdca88b1b77d9
RandomForest,random,2026,11,255,dfd7973943b0f86f,winnuke,False,random,410bcc024f654308
RandomForest,random,2026,11,256,24643df7c69cafbe,tcpall,False,random,6d190f0ade234a41
RandomForest,random,2026,11,257,c74bec749de7a5a1,winnuke,False,random,0541563abf895aec
RandomForest,random,2026,11,258,426194d329cac5e9,tcp,False,random,8a0c3de433c4f985
RandomForest,random,2026,11,259,496322f3335719e8,fraggle,False,random,67eeffedc671d1d2
RandomForest,random,2026,11,260,f03c5790b683d0c1,syn,False,random,91a24eb6dfa53e45
RandomForest,random,2026,11,261,fa1df7d88f0e5db5,synflood,False,random,264886fc421b09cd
RandomForest,random,2026,11,262,307b5f266ebe5f61,pingofdeath,False,random,8e43e89eb2841412
RandomForest,random,2026,11,263,20ff48eaa6fae4b1,fraggle,False,random,31339063f76812c2
RandomForest,random,2026,11,264,84d3cc00842a21b4,icmpbig,False,random,11ef2328aebbae9a
RandomForest,random,2026,11,265,aa90fa8f4daf608b,icmpflood,False,random,a05ffc276de691a9
RandomForest,random,2026,11,266,6457a2b66c08668c,pingofdeath,False,random,842d0fc63a0027f4
RandomForest,random,2026,11,267,745430074f559324,syn,False,random,1f970c937f152aa7
RandomForest,random,2026,11,268,be7e6dee4af57abc,icmpflood,False,random,46c4f94197429bd3
RandomForest,random,2026,11,269,11aabf84ec3de499,pingofdeath,False,random,6135141206096981
RandomForest,random,2026,11,270,502c25c5f4b1dc7a,icmpflood,False,random,195cff201c45896e
RandomForest,random,2026,11,271,a91eb642d7ffc859,fraggle,False,random,70771c4bcd099d39
RandomForest,random,2026,11,272,2f8b93991f4553f9,winnuke,False,random,797ef37b481170f9
RandomForest,random,2026,11,273,3846123171ff3431,teardrop,True,random,f807d20131f016de
RandomForest,random,2026,11,274,68636468df438ba3,icmpflood,False,random,24b3540d86e5a98c
RandomForest,random,2026,11,275,3afe1df651d28ddf,icmpbig,False,random,11ef2328aebbae9a
RandomForest,random,2026,12,276,0b36b2b4c342e4e1,icmpbig,False,random,11ef2328aebbae9a
RandomForest,random,2026,12,277,0d30e3e71e3d3c81,smurf,False,random,69954bf261bb1d9e
RandomForest,random,2026,12,278,c63472f7bb6588a5,benign,False,random,278975cbcaa57107
RandomForest,random,2026,12,279,03ebdbc56488f937,benign,False,random,f72fb8c6682e550e
RandomForest,random,2026,12,280,10b1f24d122b557a,tcp,False,random,041bf9c2b20075af
RandomForest,random,2026,12,281,d0782094a858566a,tcpall,False,random,25df2cbec14f457e
RandomForest,random,2026,12,282,78a7f667da5970f2,benign,False,random,27f3c83c7b17c4a1
RandomForest,random,2026,12,283,ea0ce70d8d6865d2,icmpflood,False,random,1a8a950154dcb23e
RandomForest,random,2026,12,284,f47345b7b3c11769,synflood,False,random,f4efa23870b784d1
RandomForest,random,2026,12,285,43945d64787e5422,winnuke,False,random,410bcc024f654308
RandomForest,random,2026,12,286,02c5f24fb1b13ed2,syn,False,random,91a24eb6dfa53e45
RandomForest,random,2026,12,287,d74842956685d02f,winnuke,False,random,a54774f1e9cef095
RandomForest,random,2026,12,288,2fa6878a417fa1e5,fraggle,False,random,31339063f76812c2
RandomForest,random,2026,12,289,d9a8d79956488899,tcpfin1,False,random,3da3facffa0f3564
RandomForest,random,2026,12,290,08c720e01ed27db0,winnuke,False,random,4cd77e8088d073fd
RandomForest,random,2026,12,291,e76b088d5e970cf1,winnuke,False,random,276465401eb5b946
RandomForest,random,2026,12,292,6b9b3863bfcafc28,fraggle,False,random,31339063f76812c2
RandomForest,random,2026,12,293,3ada612cd1448150,benign,False,random,38bb2aee8c1ebf62
RandomForest,random,2026,12,294,60dcc60ccae30377,fraggle,False,random,5034e5ea57497093
RandomForest,random,2026,12,295,0aeac82aa8d4d7b7,tcp,False,random,b591e7d985b4e445
RandomForest,random,2026,12,296,f1f10eda165ae56a,icmpbig,False,random,11ef2328aebbae9a
RandomForest,random,2026,12,297,0fcc7786f91f4372,synflood,False,random,2758c9d1858b9c82
RandomForest,random,2026,12,298,a7680b3f0332c46e,syn,False,random,9b58eb4ca28cad6b
RandomForest,random,2026,12,299,4ae906ccca9c5754,ackflood,False,random,f690c16b26140051
RandomForest,random,2026,12,300,b3558b0eca069f58,synflood,False,random,c8dcc68eceb08b3e
RandomForest,uncertainty,2026,1,1,7bb96bd8e11f6f46,land,True,uncertainty,654556dfa59443af
RandomForest,uncertainty,2026,1,2,9464bcec83e957b6,benign,False,uncertainty,7dc77872ba86d2d6
RandomForest,uncertainty,2026,1,3,fd128d7419daec28,pingofdeath,False,uncertainty,97b1a2b42a8f87ec
RandomForest,uncertainty,2026,1,4,e85685cefeb909af,benign,False,uncertainty,00eeee6b1f0d7fcf
RandomForest,uncertainty,2026,1,5,17bbb46358a86d39,land,True,uncertainty,11ca897764624b71
RandomForest,uncertainty,2026,1,6,931dec24649a4ba5,benign,False,uncertainty,6e9563c0d2f37978
RandomForest,uncertainty,2026,1,7,5da620e8541c13de,benign,False,uncertainty,c7ff00ac7f474e2f
RandomForest,uncertainty,2026,1,8,ca4b2a394df2d1f2,land,True,uncertainty,11ca897764624b71
RandomForest,uncertainty,2026,1,9,48f39eb5b10eef7d,benign,False,uncertainty,c7ff00ac7f474e2f
RandomForest,uncertainty,2026,1,10,36594fecf7f87a88,land,True,uncertainty,11ca897764624b71
RandomForest,uncertainty,2026,1,11,92526dc30c4b411e,benign,False,uncertainty,00eeee6b1f0d7fcf
RandomForest,uncertainty,2026,1,12,fa51c71d1e5c52e6,land,True,uncertainty,11ca897764624b71
RandomForest,uncertainty,2026,1,13,cc4bb658a71b384f,land,True,uncertainty,11ca897764624b71
RandomForest,uncertainty,2026,1,14,eb1748d08c727fdf,land,True,uncertainty,11ca897764624b71
RandomForest,uncertainty,2026,1,15,b26ee95cb6739ffa,land,True,uncertainty,11ca897764624b71
RandomForest,uncertainty,2026,1,16,d053933da09b64ca,land,True,uncertainty,11ca897764624b71
RandomForest,uncertainty,2026,1,17,1c04c7064a1ed973,land,True,uncertainty,11ca897764624b71
RandomForest,uncertainty,2026,1,18,9098e7f3df7bd2a9,land,True,uncertainty,11ca897764624b71
RandomForest,uncertainty,2026,1,19,25bbe4b09ba6fba1,land,True,uncertainty,11ca897764624b71
RandomForest,uncertainty,2026,1,20,cf3f26823bf0da68,land,True,uncertainty,11ca897764624b71
RandomForest,uncertainty,2026,1,21,58fa8ff7212e80f9,land,True,uncertainty,11ca897764624b71
RandomForest,uncertainty,2026,1,22,763b6008097a48d3,land,True,uncertainty,11ca897764624b71
RandomForest,uncertainty,2026,1,23,0dc5586fb5cb24b5,land,True,uncertainty,11ca897764624b71
RandomForest,uncertainty,2026,1,24,afee587612f3efab,land,True,uncertainty,11ca897764624b71
RandomForest,uncertainty,2026,1,25,e1bcc9d5b4913686,land,True,uncertainty,11ca897764624b71
RandomForest,uncertainty,2026,2,26,f9ae08cf10627e2d,benign,False,uncertainty,f2dfe6bef4c9454a
RandomForest,uncertainty,2026,2,27,19b0318e0ff67858,benign,False,uncertainty,8e79846f33fc8e5e
RandomForest,uncertainty,2026,2,28,e22ece84e4bfa42d,benign,False,uncertainty,afe4546871d4697a
RandomForest,uncertainty,2026,2,29,2de36c883733e50f,benign,False,uncertainty,041b5a8b29c22a05
RandomForest,uncertainty,2026,2,30,8c947c02efa77d86,winnuke,False,uncertainty,8d2bec8c0a0a17b1
RandomForest,uncertainty,2026,2,31,55a2786ecc7e175c,benign,False,uncertainty,2bc4bbee01ac8092
RandomForest,uncertainty,2026,2,32,a28489f3e76fea13,benign,False,uncertainty,afe4546871d4697a
RandomForest,uncertainty,2026,2,33,a7a6959a499e9277,winnuke,False,uncertainty,8d2bec8c0a0a17b1
RandomForest,uncertainty,2026,2,34,67f1352e3ea75b24,winnuke,False,uncertainty,8d2bec8c0a0a17b1
RandomForest,uncertainty,2026,2,35,a75223b2c7578ca6,winnuke,False,uncertainty,0aba3271a4a21a95
RandomForest,uncertainty,2026,2,36,8486cc03b3990ce7,fraggle,False,uncertainty,5a65026acc1ff666
RandomForest,uncertainty,2026,2,37,b578a8cb0810f79a,winnuke,False,uncertainty,58a1160e8243529c
RandomForest,uncertainty,2026,2,38,1eb315ba55a30e65,benign,False,uncertainty,cc83083234a3fdb0
RandomForest,uncertainty,2026,2,39,cf65acb43c966f74,winnuke,False,uncertainty,f8ac14f0a7423f6e
RandomForest,uncertainty,2026,2,40,f0d4a997f8ce8687,benign,False,uncertainty,027048a82304685c
RandomForest,uncertainty,2026,2,41,c07c176bec8dfbde,benign,False,uncertainty,3f8a2a1879b8dccd
RandomForest,uncertainty,2026,2,42,61954580b606df42,fraggle,False,uncertainty,96fdc335141560d4
RandomForest,uncertainty,2026,2,43,ea84b606fe397bec,winnuke,False,uncertainty,a6eba9e7ba5a2b2b
RandomForest,uncertainty,2026,2,44,d258e1f6a0ce67b3,winnuke,False,uncertainty,73832a19c6f3d45a
RandomForest,uncertainty,2026,2,45,8bce68c228d38931,fraggle,False,uncertainty,c802254e2edbb74b
RandomForest,uncertainty,2026,2,46,018696b0b203ba12,fraggle,False,uncertainty,53019c3d703ed940
RandomForest,uncertainty,2026,2,47,9b74f11d44c75253,winnuke,False,uncertainty,73832a19c6f3d45a
RandomForest,uncertainty,2026,2,48,4daccbd164bc0504,benign,False,uncertainty,79eb2f644206cc48
RandomForest,uncertainty,2026,2,49,61a653c1bd2fee80,benign,False,uncertainty,e90feda002175711
RandomForest,uncertainty,2026,2,50,6374289871c9fce4,benign,False,uncertainty,b43c5be6c49ce354
RandomForest,uncertainty,2026,3,51,373f82cd28504e92,ackpflood,True,uncertainty,31c3aa5d3b7409e8
RandomForest,uncertainty,2026,3,52,77b398b1394e4fe6,fraggle,False,uncertainty,6f4f7da9f9f2df49
RandomForest,uncertainty,2026,3,53,a8bdc49086b0a59a,benign,False,uncertainty,e2bc1c69f591cda8
RandomForest,uncertainty,2026,3,54,1dc7ed41b7ac95d6,ackpflood,True,uncertainty,e0beecf3b3b8b78c
RandomForest,uncertainty,2026,3,55,871b60d75929f84f,icmpflood,False,uncertainty,b0c50a45c0530dda
RandomForest,uncertainty,2026,3,56,02e3720d9d4ee7ef,benign,False,uncertainty,74dadab1aff7e5b8
RandomForest,uncertainty,2026,3,57,b7309366ed4bb992,benign,False,uncertainty,3a02ccc66cba9786
RandomForest,uncertainty,2026,3,58,38b7081fff1555fa,benign,False,uncertainty,dbbab94299988428
RandomForest,uncertainty,2026,3,59,518715a71308da60,ackpflood,True,uncertainty,4b1c7d0a72c0072b
RandomForest,uncertainty,2026,3,60,64d239e9edb5982a,icmpflood,False,uncertainty,2567ba0bb30cb008
RandomForest,uncertainty,2026,3,61,d3bac5a9e7162550,icmpflood,False,uncertainty,d9b9c9bc8c6404aa
RandomForest,uncertainty,2026,3,62,0506c3f75dbc40a2,benign,False,uncertainty,a9725501bb249177
RandomForest,uncertainty,2026,3,63,4aae594dba924adb,winnuke,False,uncertainty,30ff45b357efc056
RandomForest,uncertainty,2026,3,64,3bb2e1c9eeace4f8,icmpflood,False,uncertainty,414b96fbbd01c62d
RandomForest,uncertainty,2026,3,65,443b86512dec34aa,winnuke,False,uncertainty,7a8b3bc50abbc41a
RandomForest,uncertainty,2026,3,66,098ad6f9a251307c,benign,False,uncertainty,020fd876186249ed
RandomForest,uncertainty,2026,3,67,659f87b94b8dae95,smurf,False,uncertainty,40c6004a07e71a22
RandomForest,uncertainty,2026,3,68,638c2667af4508fb,winnuke,False,uncertainty,bc8db81ffe11fefa
RandomForest,uncertainty,2026,3,69,f8dde1480265276a,winnuke,False,uncertainty,decd98c001b312c1
RandomForest,uncertainty,2026,3,70,a330cba2d52b3401,ackflood,False,uncertainty,b43f6882190351e3
RandomForest,uncertainty,2026,3,71,5e49b6675bdd2b94,benign,False,uncertainty,181d2db6c63d0284
RandomForest,uncertainty,2026,3,72,22f1a96dd5446fee,synflood,False,uncertainty,ed2e6c955e2069ab
RandomForest,uncertainty,2026,3,73,e519313599f3bdcb,winnuke,False,uncertainty,7a8b3bc50abbc41a
RandomForest,uncertainty,2026,3,74,df0b5ca9a48ca7d0,winnuke,False,uncertainty,2b8adb0185418bbf
RandomForest,uncertainty,2026,3,75,595db605abc2050d,ackflood,False,uncertainty,2cb3c4b0dc860c7d
RandomForest,uncertainty,2026,4,76,54afbac0aa567d89,benign,False,uncertainty,efe29253c4b03657
RandomForest,uncertainty,2026,4,77,965024fc60b5704d,benign,False,uncertainty,c13ea2c54053d7ec
RandomForest,uncertainty,2026,4,78,e028a78400cfdaee,benign,False,uncertainty,f505d9fdcbd9ad63
RandomForest,uncertainty,2026,4,79,a14fba59daf3160a,ackflood,False,uncertainty,62edec7f537fb122
RandomForest,uncertainty,2026,4,80,96feacda7e253b66,benign,False,uncertainty,c13ea2c54053d7ec
RandomForest,uncertainty,2026,4,81,296ab6f64f3eee8a,ackflood,False,uncertainty,62edec7f537fb122
RandomForest,uncertainty,2026,4,82,3893123ea7f40f8e,benign,False,uncertainty,11a81c3428d1fe5b
RandomForest,uncertainty,2026,4,83,665ad0769dabbe08,ackflood,False,uncertainty,ce67df532852c205
RandomForest,uncertainty,2026,4,84,ab48c4873ad28180,smurf,False,uncertainty,49fcf6252a0c1c58
RandomForest,uncertainty,2026,4,85,286da6afa5357929,icmpbig,False,uncertainty,02f30548bf4cc2f5
RandomForest,uncertainty,2026,4,86,e44e336f5fe9c035,ackpflood,True,uncertainty,bd510951eca832d9
RandomForest,uncertainty,2026,4,87,3de85ee27bbc9e7d,icmpbig,False,uncertainty,3e9225f2c11e7cba
RandomForest,uncertainty,2026,4,88,c7d890507d23d499,ackpflood,True,uncertainty,bd510951eca832d9
RandomForest,uncertainty,2026,4,89,f7fdd4ea6dc231ec,benign,False,uncertainty,4340ca774be75fe3
RandomForest,uncertainty,2026,4,90,eb65d77d96317a81,benign,False,uncertainty,19bd72f5569f0827
RandomForest,uncertainty,2026,4,91,2553bee8a7006e38,ackpflood,True,uncertainty,bd510951eca832d9
RandomForest,uncertainty,2026,4,92,dbf363fb2189acb4,ackflood,False,uncertainty,fcfcf5187227b732
RandomForest,uncertainty,2026,4,93,5e8032c67c2dbe29,ackpflood,True,uncertainty,63de70e0886d565d
RandomForest,uncertainty,2026,4,94,cdd88abfb284bd83,benign,False,uncertainty,7a0ee04583e83139
RandomForest,uncertainty,2026,4,95,fc2e29c59f21b824,ackpflood,True,uncertainty,811ae939f0302bde
RandomForest,uncertainty,2026,4,96,037d8381fe19ce62,ackpflood,True,uncertainty,a1cb362fa310338d
RandomForest,uncertainty,2026,4,97,afdb11ba20ddf3d0,ackpflood,True,uncertainty,bd510951eca832d9
RandomForest,uncertainty,2026,4,98,5f27ab131913a240,synflood,False,uncertainty,ecaf5550ee21b51e
RandomForest,uncertainty,2026,4,99,213ca5fdb5c37829,benign,False,uncertainty,9b628248189850d7
RandomForest,uncertainty,2026,4,100,b9903f9ebef598df,ackpflood,True,uncertainty,a1cb362fa310338d
RandomForest,uncertainty,2026,5,101,590769ef02f631c2,benign,False,uncertainty,6e6f9f6483afc495
RandomForest,uncertainty,2026,5,102,80011333a0a0a11d,benign,False,uncertainty,aa2454f61a6647dd
RandomForest,uncertainty,2026,5,103,e63c09761d2ffbf9,fraggle,False,uncertainty,7925809c55ca09a2
RandomForest,uncertainty,2026,5,104,d06e1e49ac4f05e4,benign,False,uncertainty,ed21b61acfc412af
RandomForest,uncertainty,2026,5,105,f5ee2693d9f37305,benign,False,uncertainty,f61586e7f154590d
RandomForest,uncertainty,2026,5,106,902a8b088d785a1e,benign,False,uncertainty,7925809c55ca09a2
RandomForest,uncertainty,2026,5,107,b1fd9e3cc1cf92b6,benign,False,uncertainty,aa2454f61a6647dd
RandomForest,uncertainty,2026,5,108,7fffa0087af0da9c,benign,False,uncertainty,7925809c55ca09a2
RandomForest,uncertainty,2026,5,109,463999ee4de4866f,benign,False,uncertainty,f61586e7f154590d
RandomForest,uncertainty,2026,5,110,02fc826a5ab85003,land,True,uncertainty,bdcbb19e6014cd77
RandomForest,uncertainty,2026,5,111,0ad59cf8e498bf42,benign,False,uncertainty,f61586e7f154590d
RandomForest,uncertainty,2026,5,112,da228551d86bc8bc,benign,False,uncertainty,67eeffedc671d1d2
RandomForest,uncertainty,2026,5,113,18dbde1d2d7e902a,land,True,uncertainty,060128a0ee4f18f3
RandomForest,uncertainty,2026,5,114,32a8a9c5a682dbb6,fraggle,False,uncertainty,0e97058d9ab8e995
RandomForest,uncertainty,2026,5,115,e1272a9e070302e7,syn,False,uncertainty,6407d7ec4d6128a0
RandomForest,uncertainty,2026,5,116,1db7eb641088292f,fraggle,False,uncertainty,0e97058d9ab8e995
RandomForest,uncertainty,2026,5,117,9110f374701e7c9a,benign,False,uncertainty,aa2454f61a6647dd
RandomForest,uncertainty,2026,5,118,644121e7dd1400e4,benign,False,uncertainty,f61586e7f154590d
RandomForest,uncertainty,2026,5,119,a91dde1718531e5a,benign,False,uncertainty,c1657b18b21011b2
RandomForest,uncertainty,2026,5,120,fa03a24e23b17728,benign,False,uncertainty,67eeffedc671d1d2
RandomForest,uncertainty,2026,5,121,4a3e87564a35c312,fraggle,False,uncertainty,7925809c55ca09a2
RandomForest,uncertainty,2026,5,122,420e0519c85fb0e0,benign,False,uncertainty,f61586e7f154590d
RandomForest,uncertainty,2026,5,123,dc5cf61d7cdabd6f,routeip,False,uncertainty,6407d7ec4d6128a0
RandomForest,uncertainty,2026,5,124,43bf905fa8f40597,land,True,uncertainty,f32a5592caebefc3
RandomForest,uncertainty,2026,5,125,2dbf4bacd5c1fca4,syn,False,uncertainty,6407d7ec4d6128a0
RandomForest,uncertainty,2026,6,126,a1b48eb87b8552c0,benign,False,uncertainty,5570e2392c353ac6
RandomForest,uncertainty,2026,6,127,672764312a49a3a6,tcp,False,uncertainty,57eca39e0d266170
RandomForest,uncertainty,2026,6,128,1b53864b0f629998,tcp,False,uncertainty,01825a4448d7f9af
RandomForest,uncertainty,2026,6,129,f5a5ef158e1e5678,benign,False,uncertainty,488b8dbc201f4c09
RandomForest,uncertainty,2026,6,130,b36597135cf8323e,benign,False,uncertainty,5570e2392c353ac6
RandomForest,uncertainty,2026,6,131,cebfed887bb11777,benign,False,uncertainty,1aa21722f6a57080
RandomForest,uncertainty,2026,6,132,8a9b6e4a45f41da2,benign,False,uncertainty,d82a8a71201201e0
RandomForest,uncertainty,2026,6,133,c6e58140fa4c90a1,benign,False,uncertainty,d82a8a71201201e0
RandomForest,uncertainty,2026,6,134,5db063e180dfe0e8,benign,False,uncertainty,5570e2392c353ac6
RandomForest,uncertainty,2026,6,135,14a0abbd92f13ddf,benign,False,uncertainty,5570e2392c353ac6
RandomForest,uncertainty,2026,6,136,2b3b824757dc073f,fraggle,False,uncertainty,0e9fcd4aa45aaec8
RandomForest,uncertainty,2026,6,137,0639f6125d959f55,tcp,False,uncertainty,57eca39e0d266170
RandomForest,uncertainty,2026,6,138,b757b1d3a87f4bed,fraggle,False,uncertainty,0e9fcd4aa45aaec8
RandomForest,uncertainty,2026,6,139,6e609c5ba0baa4cb,fraggle,False,uncertainty,35ec8d23722ee235
RandomForest,uncertainty,2026,6,140,23e0efd89e8b01da,fraggle,False,uncertainty,0e9fcd4aa45aaec8
RandomForest,uncertainty,2026,6,141,2b63200fb5fbfc6e,tcp,False,uncertainty,01825a4448d7f9af
RandomForest,uncertainty,2026,6,142,769fabca48254a46,ackflood,False,uncertainty,6c8eb23c8610faad
RandomForest,uncertainty,2026,6,143,f040aae44cf5bb9f,benign,False,uncertainty,1b8ec563119abafb
RandomForest,uncertainty,2026,6,144,0f50140042c06c9d,tcp,False,uncertainty,684207b670f35a6f
RandomForest,uncertainty,2026,6,145,aa813663c8d6e977,tcp,False,uncertainty,31a45e3b061477d4
RandomForest,uncertainty,2026,6,146,af9976f408a02fa3,benign,False,uncertainty,ccba565cbcdef643
RandomForest,uncertainty,2026,6,147,2be22d2411603cb1,tcp,False,uncertainty,601ed47822cbb048
RandomForest,uncertainty,2026,6,148,8609841e0c00298e,tcp,False,uncertainty,b7fb993d5309177f
RandomForest,uncertainty,2026,6,149,c903002bb9149e3f,smurf,False,uncertainty,efca77688b41a1f7
RandomForest,uncertainty,2026,6,150,d71d293eb28b53a1,benign,False,uncertainty,c76b18f0afad4327
RandomForest,uncertainty,2026,7,151,3740478a8cf4f8b8,tcp,False,uncertainty,d02c81720f9bc3bb
RandomForest,uncertainty,2026,7,152,4097018d1d8e95aa,fraggle,False,uncertainty,83581ba570763f42
RandomForest,uncertainty,2026,7,153,08def5700389c597,ackflood,False,uncertainty,486ff73f149bb8ba
RandomForest,uncertainty,2026,7,154,0cc5729981739dcb,tcpfin1,False,uncertainty,b183d7e8f6fa04f5
RandomForest,uncertainty,2026,7,155,f73ec1baaf61b230,ackflood,False,uncertainty,a764d465ea1ab16c
RandomForest,uncertainty,2026,7,156,8ac9a96e11312fe2,tcpall,False,uncertainty,59e342a53a8ea90f
RandomForest,uncertainty,2026,7,157,31952545ada040b3,tcp,False,uncertainty,ef5007898e496fbf
RandomForest,uncertainty,2026,7,158,ba9f83f8d6d099b5,tcp,False,uncertainty,25df2cbec14f457e
RandomForest,uncertainty,2026,7,159,28175c11d40dd672,ackflood,False,uncertainty,5cdc870a7567a3b3
RandomForest,uncertainty,2026,7,160,3b424be78638b8dc,synflood,False,uncertainty,826d3f1b60b53cc5
RandomForest,uncertainty,2026,7,161,0f989c565fed3815,tcp,False,uncertainty,8908868149d238f8
RandomForest,uncertainty,2026,7,162,0c4b26ac6d63f922,tcp,False,uncertainty,b768a355945e3c39
RandomForest,uncertainty,2026,7,163,1e8f62a53e9fec21,tcp,False,uncertainty,00136c523ef9a2bf
RandomForest,uncertainty,2026,7,164,fd6db1cb612cf49c,smurf,False,uncertainty,61dc84960cddbc75
RandomForest,uncertainty,2026,7,165,df14b950203907af,benign,False,uncertainty,37a1465ab9e861aa
RandomForest,uncertainty,2026,7,166,16e487e4e876b0cc,icmpbig,False,uncertainty,1255b338bb026993
RandomForest,uncertainty,2026,7,167,b89c40d90bad4ad0,smurf,False,uncertainty,8a3af86bbee633c1
RandomForest,uncertainty,2026,7,168,5072199b101c1bd7,tcp,False,uncertainty,270dd1a8adf0d6e3
RandomForest,uncertainty,2026,7,169,908f15c16acc23b0,synflood,False,uncertainty,3d1e4f7737257dc3
RandomForest,uncertainty,2026,7,170,f0be23798ec851eb,benign,False,uncertainty,cd95186aae6cd338
RandomForest,uncertainty,2026,7,171,bb64922c92fcaef0,ackflood,False,uncertainty,a5209ac5218bedb1
RandomForest,uncertainty,2026,7,172,49eefbb77d646a37,syn,False,uncertainty,6b84a0e61a2680c1
RandomForest,uncertainty,2026,7,173,d369ec5bfaf563cd,ackflood,False,uncertainty,335d63f96b7c8e4c
RandomForest,uncertainty,2026,7,174,88689658ac70b3f6,synflood,False,uncertainty,df2d272a9b73a64b
RandomForest,uncertainty,2026,7,175,ac368d0ef23960ba,pingofdeath,False,uncertainty,1255b338bb026993
RandomForest,uncertainty,2026,8,176,90d40666d890bca7,fraggle,False,uncertainty,265073984e786e49
RandomForest,uncertainty,2026,8,177,d260d49c12a5d31a,winnuke,False,uncertainty,265073984e786e49
RandomForest,uncertainty,2026,8,178,6a0343a229b3ee4b,fraggle,False,uncertainty,e386e2b492837348
RandomForest,uncertainty,2026,8,179,8f06a8e749106020,benign,False,uncertainty,13ebd358dc83af62
RandomForest,uncertainty,2026,8,180,3e9a8a2a39434eef,tcpall,False,uncertainty,f800f66d5d672040
RandomForest,uncertainty,2026,8,181,49de21459101b838,fraggle,False,uncertainty,e2c502b1c6857e74
RandomForest,uncertainty,2026,8,182,28ca73f79c047097,benign,False,uncertainty,eeb2f11648658228
RandomForest,uncertainty,2026,8,183,81e45aef63aee0c1,benign,False,uncertainty,9c1090710d25c82e
RandomForest,uncertainty,2026,8,184,80e5123dcf70ff81,benign,False,uncertainty,6943914414bfdd4c
RandomForest,uncertainty,2026,8,185,6ca1d5cc41838453,benign,False,uncertainty,5bdac28169900b8d
RandomForest,uncertainty,2026,8,186,92751cc0451bde95,synflood,False,uncertainty,eb1511166537477c
RandomForest,uncertainty,2026,8,187,708856d01333c64e,syn,False,uncertainty,eb1511166537477c
RandomForest,uncertainty,2026,8,188,cf219dc01b5a0f44,pingofdeath,False,uncertainty,8dee1464df987eed
RandomForest,uncertainty,2026,8,189,b2f65703aed8b1db,icmpbig,False,uncertainty,8dee1464df987eed
RandomForest,uncertainty,2026,8,190,4fa26ab1928f55a2,smurf,False,uncertainty,8dee1464df987eed
RandomForest,uncertainty,2026,8,191,fd51a74bec7a0c93,ackflood,False,uncertainty,0af6cd813a409667
RandomForest,uncertainty,2026,8,192,24b7b66546f1c075,ackflood,False,uncertainty,6d7f56a3f314dab8
RandomForest,uncertainty,2026,8,193,48c31b00e31610d7,winnuke,False,uncertainty,45c143c427511552
RandomForest,uncertainty,2026,8,194,7f9738eb11fd2de5,benign,False,uncertainty,06c1b16514c005b3
RandomForest,uncertainty,2026,8,195,add1b1a9de8e44fc,benign,False,uncertainty,12f5dc781ba2b524
RandomForest,uncertainty,2026,8,196,096892a3c87b1070,tcpall,False,uncertainty,f487d01518b04483
RandomForest,uncertainty,2026,8,197,4001e0f089826225,syn,False,uncertainty,9fa6b2583d03ccd9
RandomForest,uncertainty,2026,8,198,01e85fe3a5b09072,syn,False,uncertainty,5f68e3afc246b78f
RandomForest,uncertainty,2026,8,199,33d163cf2f7762db,benign,False,uncertainty,827da78030c7539d
RandomForest,uncertainty,2026,8,200,cb6d31c9fdf60fce,ackpflood,True,uncertainty,4ba9144a7ee6a55a
RandomForest,uncertainty,2026,9,201,f575454fbcfad702,winnuke,False,uncertainty,83c9ef62cd212abb
RandomForest,uncertainty,2026,9,202,3af07e944f42bd68,tcp,False,uncertainty,204d11826f747524
RandomForest,uncertainty,2026,9,203,3f0f04eccb1f5d70,fraggle,False,uncertainty,ed3bc2d39e945a90
RandomForest,uncertainty,2026,9,204,f64be41e03c9e840,fraggle,False,uncertainty,3508d1e1930bcf24
RandomForest,uncertainty,2026,9,205,22f9beaf86ea9f83,fraggle,False,uncertainty,4d3baa045201d5f2
RandomForest,uncertainty,2026,9,206,b0143d8f4b94a58c,winnuke,False,uncertainty,388e3c0e1e4db615
RandomForest,uncertainty,2026,9,207,69787c0bf1813025,benign,False,uncertainty,383c2aafcbcfd3ba
RandomForest,uncertainty,2026,9,208,5f032c6bb290025e,benign,False,uncertainty,834320f0b04bef32
RandomForest,uncertainty,2026,9,209,44079a2c2c2d8ab3,fraggle,False,uncertainty,c5d5342a31360cb1
RandomForest,uncertainty,2026,9,210,90862497e95f6cbd,benign,False,uncertainty,e72200cb8fd168f2
RandomForest,uncertainty,2026,9,211,83a1867ad7dfa1eb,routeip,False,uncertainty,f7bede44f92b40de
RandomForest,uncertainty,2026,9,212,690b14d8daa88f8f,benign,False,uncertainty,f5412b241f954994
RandomForest,uncertainty,2026,9,213,3e35a1865292e559,fraggle,False,uncertainty,f22812baff9db0b4
RandomForest,uncertainty,2026,9,214,0b6ff04dc863d637,benign,False,uncertainty,552f498dbc7e6732
RandomForest,uncertainty,2026,9,215,2b64f1aeb04c4d8f,winnuke,False,uncertainty,0f4bd338fa9ef162
RandomForest,uncertainty,2026,9,216,d527f0204dda008d,syn,False,uncertainty,db6a3bc09743e34f
RandomForest,uncertainty,2026,9,217,c666928396411020,benign,False,uncertainty,834320f0b04bef32
RandomForest,uncertainty,2026,9,218,3a859c766851c44a,benign,False,uncertainty,15dcc322b61f05a2
RandomForest,uncertainty,2026,9,219,5b32c1e03f58e35a,benign,False,uncertainty,301004225cdb7d56
RandomForest,uncertainty,2026,9,220,df8a8f2d80186bb3,benign,False,uncertainty,1877380525324c3f
RandomForest,uncertainty,2026,9,221,882e31548f951f31,routeip,False,uncertainty,e9b6245ed6428809
RandomForest,uncertainty,2026,9,222,5e688bd0de1b931d,tcpall,False,uncertainty,59e342a53a8ea90f
RandomForest,uncertainty,2026,9,223,2a08114f2c2a0072,fraggle,False,uncertainty,1b5e1f2825ab894d
RandomForest,uncertainty,2026,9,224,1e0955e77a0d0b3a,tcp,False,uncertainty,e9b6245ed6428809
RandomForest,uncertainty,2026,9,225,86860e3a2f89bb7a,winnuke,False,uncertainty,9427ef0ae6719962
RandomForest,uncertainty,2026,10,226,c8ff3d3726a9253f,benign,False,uncertainty,29e8fc014fedb81a
RandomForest,uncertainty,2026,10,227,e3ab64b6f2d8a7b9,fraggle,False,uncertainty,29e8fc014fedb81a
RandomForest,uncertainty,2026,10,228,64fbc51e99190c18,benign,False,uncertainty,29e8fc014fedb81a
RandomForest,uncertainty,2026,10,229,1b43897158b5ff55,benign,False,uncertainty,0b329f50b54865d8
RandomForest,uncertainty,2026,10,230,bd379726d232b408,benign,False,uncertainty,5c2ac51eebd3cc03
RandomForest,uncertainty,2026,10,231,fd93ae4cee221d4a,benign,False,uncertainty,a90943bc659c07e9
RandomForest,uncertainty,2026,10,232,cf18e2b8ecb8fcca,benign,False,uncertainty,9b75f52d01a60b62
RandomForest,uncertainty,2026,10,233,fe700813d53e4179,ackflood,False,uncertainty,470a625f4e6f9fbe
RandomForest,uncertainty,2026,10,234,cd498af86dd82ec3,benign,False,uncertainty,02d39623ca8105d3
RandomForest,uncertainty,2026,10,235,be326ebcfc830feb,benign,False,uncertainty,80b48f4cd277d383
RandomForest,uncertainty,2026,10,236,c9ffa4cc9778acd6,benign,False,uncertainty,ddd3e19da6341a4e
RandomForest,uncertainty,2026,10,237,08c224815d38ac96,benign,False,uncertainty,ddd3e19da6341a4e
RandomForest,uncertainty,2026,10,238,36f0f8d4bfa98def,tcpall,False,uncertainty,72c51a0abba0da4c
RandomForest,uncertainty,2026,10,239,5d083c0da97fc364,smurf,False,uncertainty,4ad2f9eea23dee16
RandomForest,uncertainty,2026,10,240,54cf938ba4a968a7,benign,False,uncertainty,2c00b56bb206171a
RandomForest,uncertainty,2026,10,241,081b4a59382af3ef,ackflood,False,uncertainty,50bb64489f924bc9
RandomForest,uncertainty,2026,10,242,bfeab9473ca2835d,ackpflood,True,uncertainty,4b0089386a1d46ec
RandomForest,uncertainty,2026,10,243,2346e007cce546fa,benign,False,uncertainty,80b48f4cd277d383
RandomForest,uncertainty,2026,10,244,50976dc6bf0e71ff,ackflood,False,uncertainty,4b0089386a1d46ec
RandomForest,uncertainty,2026,10,245,9206fa4cf36b750d,benign,False,uncertainty,80b48f4cd277d383
RandomForest,uncertainty,2026,10,246,330afac55b61f679,ackpflood,True,uncertainty,e913946de0fe1ff8
RandomForest,uncertainty,2026,10,247,b1669e8845c3d50a,benign,False,uncertainty,ddd3e19da6341a4e
RandomForest,uncertainty,2026,10,248,2d4b199012757eb2,ackflood,False,uncertainty,db4ebbb3b7b5b74a
RandomForest,uncertainty,2026,10,249,bc214ff82501e9de,fraggle,False,uncertainty,e49760fad684d512
RandomForest,uncertainty,2026,10,250,e06b57b47fc4279c,ackflood,False,uncertainty,ac13d4eaea96f076
RandomForest,uncertainty,2026,11,251,ede1ea3ccd72d0c9,ackflood,False,uncertainty,f1ab7d45fc653c5b
RandomForest,uncertainty,2026,11,252,bb77f6364d263463,syn,False,uncertainty,fe7c3cf12bf1b9ed
RandomForest,uncertainty,2026,11,253,b2afb214e0f5ee82,routeip,False,uncertainty,fe7c3cf12bf1b9ed
RandomForest,uncertainty,2026,11,254,40be20a2da1845cf,ackflood,False,uncertainty,9cc2b15f1ce7108f
RandomForest,uncertainty,2026,11,255,50a8bad7a1b5073d,fraggle,False,uncertainty,874b3ea3d487c33d
RandomForest,uncertainty,2026,11,256,3e0901e05352e917,routeip,False,uncertainty,874b3ea3d487c33d
RandomForest,uncertainty,2026,11,257,f6bf12125d07abf0,syn,False,uncertainty,874b3ea3d487c33d
RandomForest,uncertainty,2026,11,258,e077bdee718c95c5,benign,False,uncertainty,461a5166db033e1d
RandomForest,uncertainty,2026,11,259,429c3ac42862d59f,routeip,False,uncertainty,874b3ea3d487c33d
RandomForest,uncertainty,2026,11,260,ad86cda08d5f573b,fraggle,False,uncertainty,fe7c3cf12bf1b9ed
RandomForest,uncertainty,2026,11,261,811eea2a4ea30ca5,smurf,False,uncertainty,cb9c8c0d11dac69d
RandomForest,uncertainty,2026,11,262,bb91b8187d9f8dbe,smurf,False,uncertainty,9ba5fa0acf421553
RandomForest,uncertainty,2026,11,263,114f31dd6d815f4b,routeip,False,uncertainty,b71dc100eb642b93
RandomForest,uncertainty,2026,11,264,cd346594988f5808,ackflood,False,uncertainty,0572fb06e8f48c44
RandomForest,uncertainty,2026,11,265,a19a36661d1c8fd0,tcpfin1,False,uncertainty,3c0b38c8dbf829f2
RandomForest,uncertainty,2026,11,266,a028a1641cf162c8,fraggle,False,uncertainty,e28ba5fd34ffca12
RandomForest,uncertainty,2026,11,267,7ee123dbcf3e2b79,winnuke,False,uncertainty,e28ba5fd34ffca12
RandomForest,uncertainty,2026,11,268,e80f8a56c78974d9,benign,False,uncertainty,48786b9df9541494
RandomForest,uncertainty,2026,11,269,8905b499a71533c3,fraggle,False,uncertainty,d64ebe3024c9d111
RandomForest,uncertainty,2026,11,270,b2a6ba063dfd9c9b,smurf,False,uncertainty,91a3370d77012f8a
RandomForest,uncertainty,2026,11,271,e434ce624cd55a11,fraggle,False,uncertainty,461a5166db033e1d
RandomForest,uncertainty,2026,11,272,f4bb83cdbf72e8e4,smurf,False,uncertainty,17c6cb9c5ea4b2a7
RandomForest,uncertainty,2026,11,273,93a2a93df99404ee,ackflood,False,uncertainty,4595750146c129d8
RandomForest,uncertainty,2026,11,274,e745321373822a59,tcpall,False,uncertainty,a042edc49b2eb6c6
RandomForest,uncertainty,2026,11,275,32eb3035509e91a4,routeip,False,uncertainty,d23350d7699c607e
RandomForest,uncertainty,2026,12,276,a82430bd057fd0cf,tcp,False,uncertainty,02db95145d1ecbc7
RandomForest,uncertainty,2026,12,277,49fe64bf70631640,tcp,False,uncertainty,9b4e075fbde4a4c2
RandomForest,uncertainty,2026,12,278,680a9dc01a0fa4cb,tcpall,False,uncertainty,a042edc49b2eb6c6
RandomForest,uncertainty,2026,12,279,c4ed18236604cf95,tcp,False,uncertainty,80efe8589e00e213
RandomForest,uncertainty,2026,12,280,ed759d35e11827f5,tcp,False,uncertainty,80efe8589e00e213
RandomForest,uncertainty,2026,12,281,4095ce324be31a11,tcp,False,uncertainty,7abc124dab079bd4
RandomForest,uncertainty,2026,12,282,6df7a7cd99bdd5be,benign,False,uncertainty,9427ef0ae6719962
RandomForest,uncertainty,2026,12,283,b0aadb3a9c90c618,tcp,False,uncertainty,7abc124dab079bd4
RandomForest,uncertainty,2026,12,284,c15c34dea1d85fe3,tcp,False,uncertainty,c659c29a5283ec68
RandomForest,uncertainty,2026,12,285,c0f5a162f013e8b5,tcp,False,uncertainty,2d051ec51d3fc450
RandomForest,uncertainty,2026,12,286,910317833884691c,pingofdeath,False,uncertainty,e2e84cdc53389294
RandomForest,uncertainty,2026,12,287,ffc1229c553babd7,tcp,False,uncertainty,a042edc49b2eb6c6
RandomForest,uncertainty,2026,12,288,1cc7630f5239f505,fraggle,False,uncertainty,b865a4ba34af85ff
RandomForest,uncertainty,2026,12,289,260bdf50ae1ee1df,teardrop,True,uncertainty,e2e84cdc53389294
RandomForest,uncertainty,2026,12,290,4646fde83e69e4ea,winnuke,False,uncertainty,9733971cc44ad4f0
RandomForest,uncertainty,2026,12,291,d24bb1425507f20a,synflood,False,uncertainty,1dd3ea8fd11222fc
RandomForest,uncertainty,2026,12,292,54ddf2caa7c4b668,teardrop,True,uncertainty,e2e84cdc53389294
RandomForest,uncertainty,2026,12,293,c12849820d12183c,smurf,False,uncertainty,ed5180333d358129
RandomForest,uncertainty,2026,12,294,1a71bcbae286ecf3,tcp,False,uncertainty,4296318db76a2461
RandomForest,uncertainty,2026,12,295,77931a5fe01f1b4d,synflood,False,uncertainty,6bfdc4dc0ee46879
RandomForest,uncertainty,2026,12,296,7a3e480216c4ed19,smurf,False,uncertainty,4bf50f3f6ef1fbf1
RandomForest,uncertainty,2026,12,297,a7c1f01ce35a6c66,synflood,False,uncertainty,6bfdc4dc0ee46879
RandomForest,uncertainty,2026,12,298,81bd44b6727b4414,tcpall,False,uncertainty,25df2cbec14f457e
RandomForest,uncertainty,2026,12,299,7a7aacc3c06b71af,tcpall,False,uncertainty,25df2cbec14f457e
RandomForest,uncertainty,2026,12,300,18dedfd49d411e1c,synflood,False,uncertainty,d0e6647e8c1f7a51
RandomForest,hybrid_open_set,2026,1,1,38de3de60d14e172,land,True,novelty,1fb8b2e54d539a4d
RandomForest,hybrid_open_set,2026,1,2,db98c9c3ecc3ed5e,benign,False,novelty,7ad8047465b423b2
RandomForest,hybrid_open_set,2026,1,3,f2aca88bb1657d09,benign,False,novelty,96242e590e4ae7a7
RandomForest,hybrid_open_set,2026,1,4,9464bcec83e957b6,benign,False,novelty,7dc77872ba86d2d6
RandomForest,hybrid_open_set,2026,1,5,a8d1b7daecd31112,benign,False,novelty,18f5eafaca8e06f0
RandomForest,hybrid_open_set,2026,1,6,fd128d7419daec28,pingofdeath,False,novelty,97b1a2b42a8f87ec
RandomForest,hybrid_open_set,2026,1,7,561db2ac4c7fdf83,benign,False,novelty,59a2827b70ce7f65
RandomForest,hybrid_open_set,2026,1,8,811fa0d53e268f00,benign,False,novelty,258d2769ba2e97d0
RandomForest,hybrid_open_set,2026,1,9,e85685cefeb909af,benign,False,novelty,00eeee6b1f0d7fcf
RandomForest,hybrid_open_set,2026,1,10,e420e2720a655f55,benign,False,novelty,06f5ae7c9ab3d31e
RandomForest,hybrid_open_set,2026,1,11,18adf99b5b54cd15,benign,False,novelty,f1c31834b9dc66f7
RandomForest,hybrid_open_set,2026,1,12,ff23fd0bfe9ef291,benign,False,novelty,81d9d3ed483f04a0
RandomForest,hybrid_open_set,2026,1,13,40395d4b24337f12,benign,False,novelty,8cc4b904e99ad59c
RandomForest,hybrid_open_set,2026,1,14,dbc3d322e22ff6bb,benign,False,novelty,7811af1ef830a64c
RandomForest,hybrid_open_set,2026,1,15,5da620e8541c13de,benign,False,uncertainty,c7ff00ac7f474e2f
RandomForest,hybrid_open_set,2026,1,16,a494c18e61e84d68,land,True,uncertainty,11ca897764624b71
RandomForest,hybrid_open_set,2026,1,17,7bb96bd8e11f6f46,land,True,uncertainty,654556dfa59443af
RandomForest,hybrid_open_set,2026,1,18,931dec24649a4ba5,benign,False,uncertainty,6e9563c0d2f37978
RandomForest,hybrid_open_set,2026,1,19,4676bd8546cedb16,land,True,uncertainty,11ca897764624b71
RandomForest,hybrid_open_set,2026,1,20,0b993b5b9ffcf3fa,land,True,uncertainty,11ca897764624b71
RandomForest,hybrid_open_set,2026,1,21,00a312751d884573,land,True,uncertainty,11ca897764624b71
RandomForest,hybrid_open_set,2026,1,22,ce20972b8663d766,land,True,uncertainty,11ca897764624b71
RandomForest,hybrid_open_set,2026,1,23,5fe6db9951ba08a5,synflood,False,random,9a51a03c51ef26d4
RandomForest,hybrid_open_set,2026,1,24,60dd110a294c6fca,winnuke,False,random,a5f19db9235d21a5
RandomForest,hybrid_open_set,2026,1,25,1c55ed2627e55ecf,fraggle,False,random,31339063f76812c2
RandomForest,hybrid_open_set,2026,2,26,fe90084ef09db285,land,True,expansion,1fb8b2e54d539a4d
RandomForest,hybrid_open_set,2026,2,27,b632f8d568f2a276,land,True,expansion,11ca897764624b71
RandomForest,hybrid_open_set,2026,2,28,e58282b81a199b01,land,True,expansion,1fb8b2e54d539a4d
RandomForest,hybrid_open_set,2026,2,29,fda1095861bdc01e,land,True,expansion,1fb8b2e54d539a4d
RandomForest,hybrid_open_set,2026,2,30,df62e575a230c397,land,True,expansion,1fb8b2e54d539a4d
RandomForest,hybrid_open_set,2026,2,31,6342d1cd54143c90,land,True,expansion,1fb8b2e54d539a4d
RandomForest,hybrid_open_set,2026,2,32,0b3e5806d9523d15,land,True,expansion,1fb8b2e54d539a4d
RandomForest,hybrid_open_set,2026,2,33,973358174f786141,icmpflood,False,novelty,ca808013bd99ac9c
RandomForest,hybrid_open_set,2026,2,34,f3938ab6efbe91be,teardrop,True,novelty,1ab57bfc4fa70c0d
RandomForest,hybrid_open_set,2026,2,35,ea84b606fe397bec,winnuke,False,novelty,a6eba9e7ba5a2b2b
RandomForest,hybrid_open_set,2026,2,36,2f2a6b1486d295bd,winnuke,False,novelty,fab892f73c1fd41a
RandomForest,hybrid_open_set,2026,2,37,4daccbd164bc0504,benign,False,novelty,79eb2f644206cc48
RandomForest,hybrid_open_set,2026,2,38,6bac5cade4bcba8f,benign,False,novelty,7e75d1a019442b89
RandomForest,hybrid_open_set,2026,2,39,c07c176bec8dfbde,benign,False,novelty,3f8a2a1879b8dccd
RandomForest,hybrid_open_set,2026,2,40,1bc232cfdb0644c3,benign,False,uncertainty,fd1a611a48d937a7
RandomForest,hybrid_open_set,2026,2,41,b578a8cb0810f79a,winnuke,False,uncertainty,58a1160e8243529c
RandomForest,hybrid_open_set,2026,2,42,a330cba2d52b3401,ackflood,False,uncertainty,b43f6882190351e3
RandomForest,hybrid_open_set,2026,2,43,4646fde83e69e4ea,winnuke,False,uncertainty,9733971cc44ad4f0
RandomForest,hybrid_open_set,2026,2,44,22f1a96dd5446fee,synflood,False,uncertainty,ed2e6c955e2069ab
RandomForest,hybrid_open_set,2026,2,45,02fc826a5ab85003,land,True,uncertainty,bdcbb19e6014cd77
RandomForest,hybrid_open_set,2026,2,46,213ca5fdb5c37829,benign,False,uncertainty,9b628248189850d7
RandomForest,hybrid_open_set,2026,2,47,96feacda7e253b66,benign,False,uncertainty,c13ea2c54053d7ec
RandomForest,hybrid_open_set,2026,2,48,d6ce82102738d552,benign,False,random,6f4af4a746029767
RandomForest,hybrid_open_set,2026,2,49,9cb8273af88ac043,tcpfin1,False,random,1a1695b4f63d38b9
RandomForest,hybrid_open_set,2026,2,50,8d86b0dc949db301,pingofdeath,False,random,77622922acbd33b8
RandomForest,hybrid_open_set,2026,3,51,f77a2f61e433e6d4,teardrop,True,expansion,f48deb88188adc11
RandomForest,hybrid_open_set,2026,3,52,635dad88c65b30dc,land,True,expansion,1fb8b2e54d539a4d
RandomForest,hybrid_open_set,2026,3,53,721ccecf9d8d5eae,teardrop,True,expansion,7d623da0bf85ba86
RandomForest,hybrid_open_set,2026,3,54,a789f54061d8a914,teardrop,True,expansion,365bcc23059e108b
RandomForest,hybrid_open_set,2026,3,55,cc0c318e3fe5c6cb,teardrop,True,expansion,7ad4650073f193c0
RandomForest,hybrid_open_set,2026,3,56,95fdd894a5834639,teardrop,True,expansion,1ab57bfc4fa70c0d
RandomForest,hybrid_open_set,2026,3,57,8a98aeb35a6b2447,teardrop,True,expansion,5bc4c1106c05ca18
RandomForest,hybrid_open_set,2026,3,58,6fc657ba60b13a67,winnuke,False,novelty,4edcd0058de847f0
RandomForest,hybrid_open_set,2026,3,59,618126d405cb897b,benign,False,novelty,1b8ec563119abafb
RandomForest,hybrid_open_set,2026,3,60,b7309366ed4bb992,benign,False,novelty,3a02ccc66cba9786
RandomForest,hybrid_open_set,2026,3,61,78d02392e4c8fd70,winnuke,False,novelty,30ff45b357efc056
RandomForest,hybrid_open_set,2026,3,62,225f1a3709b3228e,winnuke,False,novelty,b736cf8e0622a9e3
RandomForest,hybrid_open_set,2026,3,63,b4140a0652955d33,smurf,False,novelty,d7f084845d98e66d
RandomForest,hybrid_open_set,2026,3,64,11304434c3b55e9f,land,True,novelty,cccadabb69ecc9ff
RandomForest,hybrid_open_set,2026,3,65,e22ece84e4bfa42d,benign,False,uncertainty,afe4546871d4697a
RandomForest,hybrid_open_set,2026,3,66,8bce68c228d38931,fraggle,False,uncertainty,c802254e2edbb74b
RandomForest,hybrid_open_set,2026,3,67,c7d890507d23d499,ackpflood,True,uncertainty,bd510951eca832d9
RandomForest,hybrid_open_set,2026,3,68,5f27ab131913a240,synflood,False,uncertainty,ecaf5550ee21b51e
RandomForest,hybrid_open_set,2026,3,69,b251989da7c61e58,benign,False,uncertainty,a60c9916129a7d5d
RandomForest,hybrid_open_set,2026,3,70,af9976f408a02fa3,benign,False,uncertainty,ccba565cbcdef643
RandomForest,hybrid_open_set,2026,3,71,260bdf50ae1ee1df,teardrop,True,uncertainty,e2e84cdc53389294
RandomForest,hybrid_open_set,2026,3,72,f46d19b5fed0b434,land,True,uncertainty,eb24d407474ea883
RandomForest,hybrid_open_set,2026,3,73,bf884a2df951e097,ackflood,False,random,9f46bb47034242e0
RandomForest,hybrid_open_set,2026,3,74,be0accae0c2ec2ac,tcpall,False,random,6d190f0ade234a41
RandomForest,hybrid_open_set,2026,3,75,922c24806157e811,icmpbig,False,random,d4666efd0ebb41e7
RandomForest,hybrid_open_set,2026,4,76,df11d8c2142f4337,ackpflood,True,expansion,4bb765e024664e6e
RandomForest,hybrid_open_set,2026,4,77,1482e00706597d64,land,True,expansion,1fb8b2e54d539a4d
RandomForest,hybrid_open_set,2026,4,78,0fd02dbb1ab7dc13,teardrop,True,expansion,f48deb88188adc11
RandomForest,hybrid_open_set,2026,4,79,4059fb3a5b2c53bd,ackpflood,True,expansion,bd510951eca832d9
RandomForest,hybrid_open_set,2026,4,80,b37f5c4141fcedf5,ackpflood,True,expansion,811ae939f0302bde
RandomForest,hybrid_open_set,2026,4,81,678b8afe838937ec,ackpflood,True,expansion,fc60f500fd93cd5e
RandomForest,hybrid_open_set,2026,4,82,6502eba0f3eeea14,ackpflood,True,expansion,102d8c4dd3732eee
RandomForest,hybrid_open_set,2026,4,83,2b3d52d3af540bc2,benign,False,novelty,30d9eeb37af51700
RandomForest,hybrid_open_set,2026,4,84,6df7a7cd99bdd5be,benign,False,novelty,9427ef0ae6719962
RandomForest,hybrid_open_set,2026,4,85,553b593b456315d2,icmpflood,False,novelty,44c39f89d68f0fdd
RandomForest,hybrid_open_set,2026,4,86,59b7b4041e90344e,tcpfin1,False,novelty,8b8ace0a106e497e
RandomForest,hybrid_open_set,2026,4,87,b558ce74c5fe9d70,tcp,False,novelty,d8e89eca5649e2f3
RandomForest,hybrid_open_set,2026,4,88,fddd6f8f5f0450f1,tcpall,False,novelty,25df2cbec14f457e
RandomForest,hybrid_open_set,2026,4,89,dca96636a249413b,routeip,False,novelty,9e1fd3fcec7f962e
RandomForest,hybrid_open_set,2026,4,90,f8dde1480265276a,winnuke,False,uncertainty,decd98c001b312c1
RandomForest,hybrid_open_set,2026,4,91,c12849820d12183c,smurf,False,uncertainty,ed5180333d358129
RandomForest,hybrid_open_set,2026,4,92,54f6082e618a60e0,smurf,False,uncertainty,c3680e056a5d8c54
RandomForest,hybrid_open_set,2026,4,93,bfeab9473ca2835d,ackpflood,True,uncertainty,4b0089386a1d46ec
RandomForest,hybrid_open_set,2026,4,94,3de85ee27bbc9e7d,icmpbig,False,uncertainty,3e9225f2c11e7cba
RandomForest,hybrid_open_set,2026,4,95,908f15c16acc23b0,synflood,False,uncertainty,3d1e4f7737257dc3
RandomForest,hybrid_open_set,2026,4,96,93a2a93df99404ee,ackflood,False,uncertainty,4595750146c129d8
RandomForest,hybrid_open_set,2026,4,97,659f87b94b8dae95,smurf,False,uncertainty,40c6004a07e71a22
RandomForest,hybrid_open_set,2026,4,98,658aebc84da02a97,icmpbig,False,random,bf640f01d7d74bf6
RandomForest,hybrid_open_set,2026,4,99,26df9e00b7abae5e,ackflood,False,random,f8cba5697937110c
RandomForest,hybrid_open_set,2026,4,100,3cd1224ce9f943c8,routeip,False,random,7480dec5eaacca58
RandomForest,hybrid_open_set,2026,5,101,724e0dcc3147d35c,ackpflood,True,expansion,811ae939f0302bde
RandomForest,hybrid_open_set,2026,5,102,6d60b068b4221e94,land,True,expansion,1fb8b2e54d539a4d
RandomForest,hybrid_open_set,2026,5,103,6d9f8fbcf38fca5b,teardrop,True,expansion,f807d20131f016de
RandomForest,hybrid_open_set,2026,5,104,41851699260df914,ackpflood,True,expansion,102d8c4dd3732eee
RandomForest,hybrid_open_set,2026,5,105,86c7f11f4b3ce57b,ackpflood,True,expansion,4bb765e024664e6e
RandomForest,hybrid_open_set,2026,5,106,177d9cff4caf1fd1,land,True,expansion,11ca897764624b71
RandomForest,hybrid_open_set,2026,5,107,9aea22b82273e0b2,ackpflood,True,expansion,fc60f500fd93cd5e
RandomForest,hybrid_open_set,2026,5,108,eaef4850c5da3463,icmpflood,False,novelty,18720c788a833790
RandomForest,hybrid_open_set,2026,5,109,94015314e96c928c,benign,False,novelty,b6cafb9e07b8cf11
RandomForest,hybrid_open_set,2026,5,110,f73ec1baaf61b230,ackflood,False,novelty,a764d465ea1ab16c
RandomForest,hybrid_open_set,2026,5,111,bc5475d97fe23f71,tcpfin1,False,novelty,5c4f3ca2fcfdd4db
RandomForest,hybrid_open_set,2026,5,112,d3599a74b4076c8c,fraggle,False,novelty,e47f93de2de9e5d7
RandomForest,hybrid_open_set,2026,5,113,3f9e55609523e2da,benign,False,novelty,2211b71c76117024
RandomForest,hybrid_open_set,2026,5,114,d8e80bd1dae11c02,icmpflood,False,novelty,9cd80ddd81f7afcf
RandomForest,hybrid_open_set,2026,5,115,7f9738eb11fd2de5,benign,False,uncertainty,06c1b16514c005b3
RandomForest,hybrid_open_set,2026,5,116,92751cc0451bde95,synflood,False,uncertainty,eb1511166537477c
RandomForest,hybrid_open_set,2026,5,117,8f06a8e749106020,benign,False,uncertainty,13ebd358dc83af62
RandomForest,hybrid_open_set,2026,5,118,61954580b606df42,fraggle,False,uncertainty,96fdc335141560d4
RandomForest,hybrid_open_set,2026,5,119,f0be23798ec851eb,benign,False,uncertainty,cd95186aae6cd338
RandomForest,hybrid_open_set,2026,5,120,22f9beaf86ea9f83,fraggle,False,uncertainty,4d3baa045201d5f2
RandomForest,hybrid_open_set,2026,5,121,66a393c7ed049ed4,icmpbig,False,uncertainty,e2e84cdc53389294
RandomForest,hybrid_open_set,2026,5,122,beb8833bc4edd14e,icmpflood,False,uncertainty,a290371e0ecd0930
RandomForest,hybrid_open_set,2026,5,123,31d0f7cdcb65e735,icmpbig,False,random,11ef2328aebbae9a
RandomForest,hybrid_open_set,2026,5,124,3bcf9516f7749315,routeip,False,random,753bbc2687bc83bf
RandomForest,hybrid_open_set,2026,5,125,d34a1d3c8cab409c,benign,False,random,3aa6c1455743dfbf
RandomForest,hybrid_open_set,2026,6,126,2d88652a6bd40eb9,ackpflood,True,expansion,63de70e0886d565d
RandomForest,hybrid_open_set,2026,6,127,611e9a3c82c32a42,land,True,expansion,1fb8b2e54d539a4d
RandomForest,hybrid_open_set,2026,6,128,e30866a38a6424c8,teardrop,True,expansion,1ab57bfc4fa70c0d
RandomForest,hybrid_open_set,2026,6,129,d88485163d495148,ackpflood,True,expansion,599530fe5fc03bed
RandomForest,hybrid_open_set,2026,6,130,b9ccdeeee5f1445c,ackpflood,True,expansion,811ae939f0302bde
RandomForest,hybrid_open_set,2026,6,131,17b251f4213010aa,ackpflood,True,expansion,102d8c4dd3732eee
RandomForest,hybrid_open_set,2026,6,132,a092fb49e26c83e6,ackpflood,True,expansion,4bb765e024664e6e
RandomForest,hybrid_open_set,2026,6,133,6134b5ed97785a82,icmpbig,False,novelty,b9ac6ebf0e81658c
RandomForest,hybrid_open_set,2026,6,134,c79e6a8c7f4cf72a,routeip,False,novelty,86d93f1b6c2de722
RandomForest,hybrid_open_set,2026,6,135,a40bd652bc2fdd9b,syn,False,novelty,5f68e3afc246b78f
RandomForest,hybrid_open_set,2026,6,136,d4fc02f7e3ac43f2,benign,False,novelty,f61586e7f154590d
RandomForest,hybrid_open_set,2026,6,137,5cee307147066326,tcpall,False,novelty,d2064fe191a31aef
RandomForest,hybrid_open_set,2026,6,138,b0aadb3a9c90c618,tcp,False,novelty,7abc124dab079bd4
RandomForest,hybrid_open_set,2026,6,139,c333620b2c61a433,benign,False,novelty,face48832d1477a6
RandomForest,hybrid_open_set,2026,6,140,48af3458c51802c7,smurf,False,uncertainty,9816ea2d19e29b78
RandomForest,hybrid_open_set,2026,6,141,90d40666d890bca7,fraggle,False,uncertainty,265073984e786e49
RandomForest,hybrid_open_set,2026,6,142,69787c0bf1813025,benign,False,uncertainty,383c2aafcbcfd3ba
RandomForest,hybrid_open_set,2026,6,143,081b4a59382af3ef,ackflood,False,uncertainty,50bb64489f924bc9
RandomForest,hybrid_open_set,2026,6,144,cbd8e6b80e842f87,ackflood,False,uncertainty,6ecba2f1aec41d52
RandomForest,hybrid_open_set,2026,6,145,4001e0f089826225,syn,False,uncertainty,9fa6b2583d03ccd9
RandomForest,hybrid_open_set,2026,6,146,66594f3d22dab40f,ackflood,False,uncertainty,06b7b162c1230780
RandomForest,hybrid_open_set,2026,6,147,deededeac2acec29,tcpall,False,uncertainty,270dd1a8adf0d6e3
RandomForest,hybrid_open_set,2026,6,148,3a19478bfcb9874f,benign,False,random,2f644026258e8e7c
RandomForest,hybrid_open_set,2026,6,149,73bad68db9b9e8fe,synflood,False,random,52059e7dd2c9f03e
RandomForest,hybrid_open_set,2026,6,150,5fe131f699342e8d,smurf,False,random,d835387b7576ae2c
RandomForest,hybrid_open_set,2026,7,151,6b09aa8824f52b08,ackpflood,True,expansion,4bb765e024664e6e
RandomForest,hybrid_open_set,2026,7,152,13f4a6ff1bb8805a,land,True,expansion,1fb8b2e54d539a4d
RandomForest,hybrid_open_set,2026,7,153,21f079338b91dfc5,teardrop,True,expansion,7d623da0bf85ba86
RandomForest,hybrid_open_set,2026,7,154,f453ede76879ac89,ackpflood,True,expansion,811ae939f0302bde
RandomForest,hybrid_open_set,2026,7,155,8d8c69c9fab43325,ackpflood,True,expansion,102d8c4dd3732eee
RandomForest,hybrid_open_set,2026,7,156,310ea075972cb67c,ackpflood,True,expansion,63de70e0886d565d
RandomForest,hybrid_open_set,2026,7,157,bb438b6a64f7f76d,land,True,expansion,11ca897764624b71
RandomForest,hybrid_open_set,2026,7,158,3dbd0853e6bcb43f,fraggle,False,novelty,b732b8a05bb4f1eb
RandomForest,hybrid_open_set,2026,7,159,9de2ee45a6ade7be,tcp,False,novelty,e821e246a2aaaedc
RandomForest,hybrid_open_set,2026,7,160,bf8727f7522999fa,pingofdeath,False,novelty,02f30548bf4cc2f5
RandomForest,hybrid_open_set,2026,7,161,02c5a3b1353e1713,benign,False,novelty,738c5aa824ad8fd6
RandomForest,hybrid_open_set,2026,7,162,a8496ded2d816fca,benign,False,novelty,e1a46cfd513b89a2
RandomForest,hybrid_open_set,2026,7,163,661acac6f2c4270d,routeip,False,novelty,5e7de3e35c9d68a5
RandomForest,hybrid_open_set,2026,7,164,4a3e87564a35c312,fraggle,False,novelty,7925809c55ca09a2
RandomForest,hybrid_open_set,2026,7,165,df0b5ca9a48ca7d0,winnuke,False,uncertainty,2b8adb0185418bbf
RandomForest,hybrid_open_set,2026,7,166,ec2b1e0c5efb49c1,ackflood,False,uncertainty,1714f05c31d05091
RandomForest,hybrid_open_set,2026,7,167,63c473e0aaa8bb72,tcp,False,uncertainty,1e605f6d96d4f90f
RandomForest,hybrid_open_set,2026,7,168,28ca73f79c047097,benign,False,uncertainty,eeb2f11648658228
RandomForest,hybrid_open_set,2026,7,169,0cc5729981739dcb,tcpfin1,False,uncertainty,b183d7e8f6fa04f5
RandomForest,hybrid_open_set,2026,7,170,e519313599f3bdcb,winnuke,False,uncertainty,7a8b3bc50abbc41a
RandomForest,hybrid_open_set,2026,7,171,2d4b199012757eb2,ackflood,False,uncertainty,db4ebbb3b7b5b74a
RandomForest,hybrid_open_set,2026,7,172,8b87db443297005c,ackflood,False,uncertainty,d67c79895ba7cc13
RandomForest,hybrid_open_set,2026,7,173,96b98fc2a99ad9aa,routeip,False,random,7480dec5eaacca58
RandomForest,hybrid_open_set,2026,7,174,b5ccae6564bd01f2,pingofdeath,False,random,e5d624cbe7bb375d
RandomForest,hybrid_open_set,2026,7,175,e84920fc8d95ec8f,icmpflood,False,random,6a6865c2a5bdf970
RandomForest,hybrid_open_set,2026,8,176,19183d6a313aee17,land,True,expansion,11ca897764624b71
RandomForest,hybrid_open_set,2026,8,177,bc0a2b9b4149fbfa,ackpflood,True,expansion,811ae939f0302bde
RandomForest,hybrid_open_set,2026,8,178,26254ff14116ba08,teardrop,True,expansion,1ab57bfc4fa70c0d
RandomForest,hybrid_open_set,2026,8,179,8c4ed27955952275,land,True,expansion,1fb8b2e54d539a4d
RandomForest,hybrid_open_set,2026,8,180,e4b0ec1a5f63eca5,ackpflood,True,expansion,4bb765e024664e6e
RandomForest,hybrid_open_set,2026,8,181,c474cae4a34ba3b5,teardrop,True,expansion,f48deb88188adc11
RandomForest,hybrid_open_set,2026,8,182,fabfc4053ab724df,teardrop,True,expansion,c2013ec1999fa857
RandomForest,hybrid_open_set,2026,8,183,72c22042621fc1c7,benign,False,novelty,a56169f967bfe521
RandomForest,hybrid_open_set,2026,8,184,3ad19fe1f23bde9b,benign,False,novelty,3bb8b5476249adf5
RandomForest,hybrid_open_set,2026,8,185,ffc32632c4ce2725,benign,False,novelty,83c1f455fa34ca8f
RandomForest,hybrid_open_set,2026,8,186,46a81f70fbd1c966,benign,False,novelty,4852f44ba7c6a5a0
RandomForest,hybrid_open_set,2026,8,187,30cb954a8354272d,icmpbig,False,novelty,8de93567033b6375
RandomForest,hybrid_open_set,2026,8,188,71ea11550af8424c,routeip,False,novelty,3d41a6d051e0096e
RandomForest,hybrid_open_set,2026,8,189,be9483aca257fdae,benign,False,novelty,5d8d69c7649fe299
RandomForest,hybrid_open_set,2026,8,190,bb64922c92fcaef0,ackflood,False,uncertainty,a5209ac5218bedb1
RandomForest,hybrid_open_set,2026,8,191,d527f0204dda008d,syn,False,uncertainty,db6a3bc09743e34f
RandomForest,hybrid_open_set,2026,8,192,c7457591dc4af4e9,smurf,False,uncertainty,cb9c8c0d11dac69d
RandomForest,hybrid_open_set,2026,8,193,b299f07081299e96,tcp,False,uncertainty,cff699df77a3ee4f
RandomForest,hybrid_open_set,2026,8,194,a8bdc49086b0a59a,benign,False,uncertainty,e2bc1c69f591cda8
RandomForest,hybrid_open_set,2026,8,195,096892a3c87b1070,tcpall,False,uncertainty,f487d01518b04483
RandomForest,hybrid_open_set,2026,8,196,3ae0e59b642b81ec,fraggle,False,uncertainty,6f386101ed1c0411
RandomForest,hybrid_open_set,2026,8,197,4ee0c3f398caad4d,benign,False,uncertainty,3b9d155d2bb2bfda
RandomForest,hybrid_open_set,2026,8,198,0abb9e16ed9fd0ba,synflood,False,random,264886fc421b09cd
RandomForest,hybrid_open_set,2026,8,199,56cd0924cb016be9,syn,False,random,91a24eb6dfa53e45
RandomForest,hybrid_open_set,2026,8,200,59717afc43a647fd,fraggle,False,random,b3489406a3603fc9
RandomForest,hybrid_open_set,2026,9,201,a12c3bd84dbab26a,land,True,expansion,1fb8b2e54d539a4d
RandomForest,hybrid_open_set,2026,9,202,5491e96cd80beb9f,teardrop,True,expansion,f48deb88188adc11
RandomForest,hybrid_open_set,2026,9,203,ba7bcb9cf3099d6a,ackpflood,True,expansion,811ae939f0302bde
RandomForest,hybrid_open_set,2026,9,204,f4805600e0ba1224,land,True,expansion,11ca897764624b71
RandomForest,hybrid_open_set,2026,9,205,3846123171ff3431,teardrop,True,expansion,f807d20131f016de
RandomForest,hybrid_open_set,2026,9,206,7bcc43395fcc7e40,teardrop,True,expansion,1ab57bfc4fa70c0d
RandomForest,hybrid_open_set,2026,9,207,57ebc838d3f44813,teardrop,True,expansion,c2013ec1999fa857
RandomForest,hybrid_open_set,2026,9,208,911b84b22e8c505a,benign,False,novelty,e3c3e7c46985e735
RandomForest,hybrid_open_set,2026,9,209,dee30e713f33dad2,teardrop,True,novelty,c11110b107945ad1
RandomForest,hybrid_open_set,2026,9,210,e745321373822a59,tcpall,False,novelty,a042edc49b2eb6c6
RandomForest,hybrid_open_set,2026,9,211,21c0e7ab9b7ed4ee,tcp,False,novelty,b591e7d985b4e445
RandomForest,hybrid_open_set,2026,9,212,48bfd81991679d44,benign,False,novelty,2a9c9791dc7f74bd
RandomForest,hybrid_open_set,2026,9,213,0e66a2c69dd17e02,benign,False,novelty,ad6a845b78f22370
RandomForest,hybrid_open_set,2026,9,214,f00a2e71b0800035,routeip,False,novelty,6247f6e6b0f2aff5
RandomForest,hybrid_open_set,2026,9,215,4a584f461c2647aa,synflood,False,uncertainty,2a2a469bf902ad2c
RandomForest,hybrid_open_set,2026,9,216,07827aa474a5ee31,benign,False,uncertainty,9dc8084597823713
RandomForest,hybrid_open_set,2026,9,217,abbd133c3c0ab4e2,land,True,uncertainty,ccfb10c2ea227cb4
RandomForest,hybrid_open_set,2026,9,218,e80f8a56c78974d9,benign,False,uncertainty,48786b9df9541494
RandomForest,hybrid_open_set,2026,9,219,871b60d75929f84f,icmpflood,False,uncertainty,b0c50a45c0530dda
RandomForest,hybrid_open_set,2026,9,220,708856d01333c64e,syn,False,uncertainty,eb1511166537477c
RandomForest,hybrid_open_set,2026,9,221,8905b499a71533c3,fraggle,False,uncertainty,d64ebe3024c9d111
RandomForest,hybrid_open_set,2026,9,222,17136f5307b1a274,syn,False,uncertainty,5b92c74c690ee289
RandomForest,hybrid_open_set,2026,9,223,21301a512e80dfc4,fraggle,False,random,31339063f76812c2
RandomForest,hybrid_open_set,2026,9,224,e545ca7c18f1f142,tcpall,False,random,25df2cbec14f457e
RandomForest,hybrid_open_set,2026,9,225,4d33b8f4d1a50acf,routeip,False,random,7480dec5eaacca58
RandomForest,hybrid_open_set,2026,10,226,6628228f882e4c6e,land,True,expansion,1fb8b2e54d539a4d
RandomForest,hybrid_open_set,2026,10,227,8420fd9e6efe908d,ackpflood,True,expansion,4bb765e024664e6e
RandomForest,hybrid_open_set,2026,10,228,5e81cb9c5ae94f55,teardrop,True,expansion,afd0e2608e738428
RandomForest,hybrid_open_set,2026,10,229,670605d6dd6c12bd,ackpflood,True,expansion,fc60f500fd93cd5e
RandomForest,hybrid_open_set,2026,10,230,25a70cab721c0a41,ackpflood,True,expansion,811ae939f0302bde
RandomForest,hybrid_open_set,2026,10,231,928d3300f9d77bb3,land,True,expansion,11ca897764624b71
RandomForest,hybrid_open_set,2026,10,232,309a7e5f58734023,ackpflood,True,expansion,102d8c4dd3732eee
RandomForest,hybrid_open_set,2026,10,233,df7882f8024b64c1,tcp,False,novelty,50ddf0aae9d8a792
RandomForest,hybrid_open_set,2026,10,234,980f9b8e383f0117,benign,False,novelty,0c1de42b165be72d
RandomForest,hybrid_open_set,2026,10,235,93d7ad6f819369e2,ackflood,False,novelty,57d99c5b65a6b74c
RandomForest,hybrid_open_set,2026,10,236,d505d2ee027b976e,ackflood,False,novelty,d9db8ae21f981347
RandomForest,hybrid_open_set,2026,10,237,8189bc62c0e61085,icmpflood,False,novelty,40ed18d30a3f3f94
RandomForest,hybrid_open_set,2026,10,238,10e4e5e9d1803d6e,benign,False,novelty,e90feda002175711
RandomForest,hybrid_open_set,2026,10,239,c2dda621188983d8,routeip,False,novelty,56239d2baf50ff43
RandomForest,hybrid_open_set,2026,10,240,607100b6d0eab9c1,tcpfin1,False,uncertainty,32670e81249cbfee
RandomForest,hybrid_open_set,2026,10,241,dbf363fb2189acb4,ackflood,False,uncertainty,fcfcf5187227b732
RandomForest,hybrid_open_set,2026,10,242,6db926dd817240d3,ackflood,False,uncertainty,98cf5d7ecc49e274
RandomForest,hybrid_open_set,2026,10,243,80e5123dcf70ff81,benign,False,uncertainty,6943914414bfdd4c
RandomForest,hybrid_open_set,2026,10,244,c0f5a162f013e8b5,tcp,False,uncertainty,2d051ec51d3fc450
RandomForest,hybrid_open_set,2026,10,245,36f0f8d4bfa98def,tcpall,False,uncertainty,72c51a0abba0da4c
RandomForest,hybrid_open_set,2026,10,246,ffc1229c553babd7,tcp,False,uncertainty,a042edc49b2eb6c6
RandomForest,hybrid_open_set,2026,10,247,b0143d8f4b94a58c,winnuke,False,uncertainty,388e3c0e1e4db615
RandomForest,hybrid_open_set,2026,10,248,c58c6e4db9570e71,icmpflood,False,random,195cff201c45896e
RandomForest,hybrid_open_set,2026,10,249,fe67c0de75d1125e,icmpbig,False,random,4ae2d078b50034c6
RandomForest,hybrid_open_set,2026,10,250,db1277d3b0fd4b56,fraggle,False,random,5034e5ea57497093
RandomForest,hybrid_open_set,2026,11,251,f56cc45d4971ec67,land,True,expansion,1fb8b2e54d539a4d
RandomForest,hybrid_open_set,2026,11,252,1053a8aca937c3d7,teardrop,True,expansion,f48deb88188adc11
RandomForest,hybrid_open_set,2026,11,253,8a03b178c2835382,ackpflood,True,expansion,fc60f500fd93cd5e
RandomForest,hybrid_open_set,2026,11,254,216d31b2db5b706a,land,True,expansion,11ca897764624b71
RandomForest,hybrid_open_set,2026,11,255,9d86274a72560abb,teardrop,True,expansion,f9b7241be7016300
RandomForest,hybrid_open_set,2026,11,256,8f73eafbdbb05558,teardrop,True,expansion,5bc4c1106c05ca18
RandomForest,hybrid_open_set,2026,11,257,1206bbbd025a68c6,teardrop,True,expansion,f807d20131f016de
RandomForest,hybrid_open_set,2026,11,258,51b7280a0abed43d,fraggle,False,novelty,9347acdf3633cbde
RandomForest,hybrid_open_set,2026,11,259,16b16532b71a6bfb,winnuke,False,novelty,0541563abf895aec
RandomForest,hybrid_open_set,2026,11,260,92c47199f05dd200,winnuke,False,novelty,acfda5ce0326cd72
RandomForest,hybrid_open_set,2026,11,261,aaafbd1f71023e84,teardrop,True,novelty,cf8cf06ce0e7cada
RandomForest,hybrid_open_set,2026,11,262,cef8b016972263b3,benign,False,novelty,492e84cd09de12bd
RandomForest,hybrid_open_set,2026,11,263,c1cd31a9c50c56b5,ackflood,False,novelty,79812a24ffdfb440
RandomForest,hybrid_open_set,2026,11,264,5446c797ae6f6093,benign,False,novelty,a87f6f01bebecf93
RandomForest,hybrid_open_set,2026,11,265,296ab6f64f3eee8a,ackflood,False,uncertainty,62edec7f537fb122
RandomForest,hybrid_open_set,2026,11,266,15e6c9cd166a9ab7,tcp,False,uncertainty,9d570eec463a392e
RandomForest,hybrid_open_set,2026,11,267,24e62a9639f7fcb9,ackflood,False,uncertainty,f0843526df7ba8a2
RandomForest,hybrid_open_set,2026,11,268,920233e97d9863cf,benign,False,uncertainty,dc9ddff06116a43e
RandomForest,hybrid_open_set,2026,11,269,b89c40d90bad4ad0,smurf,False,uncertainty,8a3af86bbee633c1
RandomForest,hybrid_open_set,2026,11,270,6022057997288fbf,benign,False,uncertainty,4d126dd5b0ee0af7
RandomForest,hybrid_open_set,2026,11,271,6253aa73861615c9,fraggle,False,uncertainty,1afbe0457ee0afb0
RandomForest,hybrid_open_set,2026,11,272,8ac9a96e11312fe2,tcpall,False,uncertainty,59e342a53a8ea90f
RandomForest,hybrid_open_set,2026,11,273,648efd614d23d321,winnuke,False,random,1ef4331337374367
RandomForest,hybrid_open_set,2026,11,274,67bf17e2b84fe656,icmpbig,False,random,11ef2328aebbae9a
RandomForest,hybrid_open_set,2026,11,275,934b92a4da7e2949,pingofdeath,False,random,7450920d9c5205c1
RandomForest,hybrid_open_set,2026,12,276,da29f0eac5bbc751,land,True,expansion,1fb8b2e54d539a4d
RandomForest,hybrid_open_set,2026,12,277,8d86a2af5a2f3203,teardrop,True,expansion,825b36a8c595ce21
RandomForest,hybrid_open_set,2026,12,278,32faa01c3d09f219,ackpflood,True,expansion,fc60f500fd93cd5e
RandomForest,hybrid_open_set,2026,12,279,3f156082ada470a6,teardrop,True,expansion,4c12f83143dd15a4
RandomForest,hybrid_open_set,2026,12,280,c7e45bd8da846db6,teardrop,True,expansion,1ab57bfc4fa70c0d
RandomForest,hybrid_open_set,2026,12,281,246b58b16f36572a,teardrop,True,expansion,d79f30e58e9206a1
RandomForest,hybrid_open_set,2026,12,282,a92545b68b921186,teardrop,True,expansion,f48deb88188adc11
RandomForest,hybrid_open_set,2026,12,283,ef34d7c693b6be32,benign,False,novelty,6d640ede3e342c64
RandomForest,hybrid_open_set,2026,12,284,48c31b00e31610d7,winnuke,False,novelty,45c143c427511552
RandomForest,hybrid_open_set,2026,12,285,ad75816797635416,tcp,False,novelty,74610665a71cb2e7
RandomForest,hybrid_open_set,2026,12,286,a7a6959a499e9277,winnuke,False,novelty,8d2bec8c0a0a17b1
RandomForest,hybrid_open_set,2026,12,287,6039499e19eb6574,tcp,False,novelty,ef0542b9fa15660a
RandomForest,hybrid_open_set,2026,12,288,3bb2e1c9eeace4f8,icmpflood,False,novelty,414b96fbbd01c62d
RandomForest,hybrid_open_set,2026,12,289,553b7d9b6566afc0,routeip,False,novelty,7480dec5eaacca58
RandomForest,hybrid_open_set,2026,12,290,b298f0b513f81cd9,synflood,False,uncertainty,2a2a469bf902ad2c
RandomForest,hybrid_open_set,2026,12,291,50976dc6bf0e71ff,ackflood,False,uncertainty,4b0089386a1d46ec
RandomForest,hybrid_open_set,2026,12,292,4bf46970d5fe415a,ackflood,False,uncertainty,ba73504d288ccfda
RandomForest,hybrid_open_set,2026,12,293,133171c58216e0bf,benign,False,uncertainty,efd283da96ba28d3
RandomForest,hybrid_open_set,2026,12,294,5e688bd0de1b931d,tcpall,False,uncertainty,59e342a53a8ea90f
RandomForest,hybrid_open_set,2026,12,295,8486cc03b3990ce7,fraggle,False,uncertainty,5a65026acc1ff666
RandomForest,hybrid_open_set,2026,12,296,965024fc60b5704d,benign,False,uncertainty,c13ea2c54053d7ec
RandomForest,hybrid_open_set,2026,12,297,81bd44b6727b4414,tcpall,False,uncertainty,25df2cbec14f457e
RandomForest,hybrid_open_set,2026,12,298,443c4e086ed629ef,routeip,False,random,753bbc2687bc83bf
RandomForest,hybrid_open_set,2026,12,299,4c09fd2b7ecb3bff,icmpbig,False,random,11ef2328aebbae9a
RandomForest,hybrid_open_set,2026,12,300,c1f663da446eb6ee,winnuke,False,random,37b1455f62e8aeb2
RandomForest,random,31415,1,1,1f6fec732bc49406,teardrop,True,random,f48deb88188adc11
RandomForest,random,31415,1,2,bdee5dbcf2d8b8c5,ackflood,False,random,c473f0d654afad63
RandomForest,random,31415,1,3,6e18c6f66c2879d8,icmpbig,False,random,11ef2328aebbae9a
RandomForest,random,31415,1,4,031fe2c652e21b3c,pingofdeath,False,random,972b8806a96cb638
RandomForest,random,31415,1,5,06a4cfd7358c15ea,tcpall,False,random,6d190f0ade234a41
RandomForest,random,31415,1,6,69b24ed52b27982c,synflood,False,random,ddaa6e8a5f6b0ad8
RandomForest,random,31415,1,7,9c5f185b2a6dbe91,fraggle,False,random,add455247e14b58f
RandomForest,random,31415,1,8,ad733f5cc94b604f,ackflood,False,random,d70241206e1b961c
RandomForest,random,31415,1,9,d937cc17a43b08aa,ackflood,False,random,43bc1a078d30907f
RandomForest,random,31415,1,10,612e17017a7253dd,icmpflood,False,random,42aac8b4eb1a4f58
RandomForest,random,31415,1,11,5fe2116b656d9c82,smurf,False,random,4614ba434a2c3470
RandomForest,random,31415,1,12,1876ccae978d2094,tcp,False,random,041bf9c2b20075af
RandomForest,random,31415,1,13,fdf01860e9cc72b2,ackflood,False,random,375706e3c87f9a71
RandomForest,random,31415,1,14,aa63cd3b4e101961,teardrop,True,random,f3a9ca77aa994aa6
RandomForest,random,31415,1,15,cb150d4d131c2c2e,fraggle,False,random,31339063f76812c2
RandomForest,random,31415,1,16,1703fc7ab09cd8d6,teardrop,True,random,c467981fa0a38bdc
RandomForest,random,31415,1,17,6328440f14a6a308,smurf,False,random,4fa0d6254c9cf7c8
RandomForest,random,31415,1,18,8296ffd59aae8942,icmpflood,False,random,62210e255f2d92f6
RandomForest,random,31415,1,19,22b8a8ac4fec2ffb,synflood,False,random,f4efa23870b784d1
RandomForest,random,31415,1,20,0bb84a4a4765cad1,ackflood,False,random,ff9763faa295915f
RandomForest,random,31415,1,21,1fccbc15f1a158f3,routeip,False,random,753bbc2687bc83bf
RandomForest,random,31415,1,22,3d427ca7b7397c96,tcp,False,random,041bf9c2b20075af
RandomForest,random,31415,1,23,7626d74c0cbd1ae9,benign,False,random,0a214e13c983032e
RandomForest,random,31415,1,24,644a7ad996246f14,icmpflood,False,random,0154d078c9a97f53
RandomForest,random,31415,1,25,f35e4bb7bedfbece,fraggle,False,random,add455247e14b58f
RandomForest,random,31415,2,26,35442eff35937ecc,fraggle,False,random,5d82b706517eb931
RandomForest,random,31415,2,27,24d0b8da50d3123e,icmpbig,False,random,4ae2d078b50034c6
RandomForest,random,31415,2,28,b0ac31368a20b013,tcpfin1,False,random,1a1695b4f63d38b9
RandomForest,random,31415,2,29,68e8ee3ef063530e,tcpall,False,random,25df2cbec14f457e
RandomForest,random,31415,2,30,78b8896d70f238cc,teardrop,True,random,9ad199805828433e
RandomForest,random,31415,2,31,0c52e93fbf8c0d3d,pingofdeath,False,random,2b239fe9e28f5902
RandomForest,random,31415,2,32,b57f09eeb34417c2,ackflood,False,random,821fabf5b78d3cd3
RandomForest,random,31415,2,33,7d8b95fb03e4c52d,synflood,False,random,9a51a03c51ef26d4
RandomForest,random,31415,2,34,4f891af998885f62,icmpflood,False,random,24b3540d86e5a98c
RandomForest,random,31415,2,35,34d72b64a0508cb8,icmpflood,False,random,185627a7cef083bb
RandomForest,random,31415,2,36,011da907c1faa5b8,land,True,random,1fb8b2e54d539a4d
RandomForest,random,31415,2,37,86fedfee4c14b999,synflood,False,random,6db1d125e06bedd8
RandomForest,random,31415,2,38,2e13632a71ff489b,tcp,False,random,270dd1a8adf0d6e3
RandomForest,random,31415,2,39,454b9a4df49bc354,pingofdeath,False,random,74e57f29f6fd91a5
RandomForest,random,31415,2,40,9f48d24f5f184a11,ackflood,False,random,479bd1a0a6cffb92
RandomForest,random,31415,2,41,e9791591720fceca,benign,False,random,f0948557f91e3bfd
RandomForest,random,31415,2,42,988016835d3d253e,tcp,False,random,609b2f411f37b70a
RandomForest,random,31415,2,43,005a631e606a0a14,smurf,False,random,f4df15c8bbacd8da
RandomForest,random,31415,2,44,ab43175b15bd2ef3,pingofdeath,False,random,85e2b4e7c0cf3c7f
RandomForest,random,31415,2,45,c11c6179b0b5dc54,teardrop,True,random,7409c11e289a47aa
RandomForest,random,31415,2,46,a96de0df74d128cf,fraggle,False,random,e9c5ad826faf87f5
RandomForest,random,31415,2,47,a4a3f9ebe55cad57,benign,False,random,f89cc093fed9b8b0
RandomForest,random,31415,2,48,640c54d3658ab6cc,syn,False,random,91a24eb6dfa53e45
RandomForest,random,31415,2,49,8dd465fe6d5fd5f0,smurf,False,random,0c6529c04298f723
RandomForest,random,31415,2,50,db730f5b5ad9d363,icmpbig,False,random,bf640f01d7d74bf6
RandomForest,random,31415,3,51,eb1225ee9d5c8fb0,benign,False,random,709431a81deb4b83
RandomForest,random,31415,3,52,e40d94b73718229f,icmpflood,False,random,8b8d12bcbb884e94
RandomForest,random,31415,3,53,a3b6e0117994c766,ackflood,False,random,057ed8cc5ca43cbc
RandomForest,random,31415,3,54,abc68dbf4b5f6c43,pingofdeath,False,random,c7404c80d6875d81
RandomForest,random,31415,3,55,615992eb751a6d75,icmpbig,False,random,bf640f01d7d74bf6
RandomForest,random,31415,3,56,fee73c153856117a,tcp,False,random,8a0c3de433c4f985
RandomForest,random,31415,3,57,8ff0979cd8ea79d3,tcpall,False,random,b768a355945e3c39
RandomForest,random,31415,3,58,953160633e43b29f,icmpbig,False,random,bf640f01d7d74bf6
RandomForest,random,31415,3,59,7c759ecc77d8fc68,icmpflood,False,random,eba1897b1c6caa90
RandomForest,random,31415,3,60,93bd8ca9c62d8c33,benign,False,random,0bb2a48ca97906d1
RandomForest,random,31415,3,61,534c382260dde96f,smurf,False,random,0c6529c04298f723
RandomForest,random,31415,3,62,f8938808ce29f61e,syn,False,random,e1c7428d5bdc3169
RandomForest,random,31415,3,63,21d83047bb3ed104,icmpbig,False,random,0d44d07bf6c3a3d7
RandomForest,random,31415,3,64,d15d2b4d8b25754f,tcpall,False,random,6d190f0ade234a41
RandomForest,random,31415,3,65,b1b5fc72ab444568,smurf,False,random,431faed7471d0139
RandomForest,random,31415,3,66,e331ddc1fd985bd0,routeip,False,random,7480dec5eaacca58
RandomForest,random,31415,3,67,344f81fc2fac7d80,pingofdeath,False,random,453b58f5b0bee4f2
RandomForest,random,31415,3,68,9f36693480c55689,tcp,False,random,66ee22db9c6bf1e5
RandomForest,random,31415,3,69,a6229547e8b27a2b,tcp,False,random,ab4c6c054d87c9d5
RandomForest,random,31415,3,70,4c7831b67b1b1876,ackpflood,True,random,811ae939f0302bde
RandomForest,random,31415,3,71,dbb7380425f51122,ackpflood,True,random,456c6c1c5604adc9
RandomForest,random,31415,3,72,eecedfe09b7ad04e,benign,False,random,51864c99dab8c318
RandomForest,random,31415,3,73,a98d0eb0ea50031d,pingofdeath,False,random,859978164315bfc5
RandomForest,random,31415,3,74,1cac98a47b7347ab,synflood,False,random,2b98e0f313025673
RandomForest,random,31415,3,75,9f16f5b21912729a,tcpall,False,random,25df2cbec14f457e
RandomForest,random,31415,4,76,efe8c86062978f98,syn,False,random,1f970c937f152aa7
RandomForest,random,31415,4,77,a19a36661d1c8fd0,tcpfin1,False,random,3c0b38c8dbf829f2
RandomForest,random,31415,4,78,8f4056e8f8650917,smurf,False,random,5074e463ae1ff129
RandomForest,random,31415,4,79,7020ff098f2c8e62,tcpall,False,random,6d190f0ade234a41
RandomForest,random,31415,4,80,6d8c624eb049bb31,benign,False,random,a318be9799421a51
RandomForest,random,31415,4,81,b9afe046e1660288,pingofdeath,False,random,8e43e89eb2841412
RandomForest,random,31415,4,82,d25d201dd5ea770b,smurf,False,random,5074e463ae1ff129
RandomForest,random,31415,4,83,512258be8afa4284,syn,False,random,e1c7428d5bdc3169
RandomForest,random,31415,4,84,b32ce934b4d6f628,smurf,False,random,4614ba434a2c3470
RandomForest,random,31415,4,85,85d9ba1a10c2ce41,routeip,False,random,753bbc2687bc83bf
RandomForest,random,31415,4,86,56d8c95f26429cc1,icmpbig,False,random,bf640f01d7d74bf6
RandomForest,random,31415,4,87,d57d52ba5323205a,ackflood,False,random,91a751c58fb86c3b
RandomForest,random,31415,4,88,a95947d08dddf012,teardrop,True,random,295e6b7bf677498a
RandomForest,random,31415,4,89,f4f00bb32320046f,smurf,False,random,502a72700cfe0186
RandomForest,random,31415,4,90,b5fe5daf4439f998,synflood,False,random,ab4ec89ba9d50e24
RandomForest,random,31415,4,91,bd1c9aa12e579501,smurf,False,random,5074e463ae1ff129
RandomForest,random,31415,4,92,c6e8d645505ef2d8,pingofdeath,False,random,7e79647a80fcb4e2
RandomForest,random,31415,4,93,3a1e0f94c0e99bf3,routeip,False,random,7480dec5eaacca58
RandomForest,random,31415,4,94,0e07eb6d2c3f043b,routeip,False,random,753bbc2687bc83bf
RandomForest,random,31415,4,95,08e1a2d847765862,synflood,False,random,74fc6c27c273eee5
RandomForest,random,31415,4,96,36ead04180a6a91f,pingofdeath,False,random,568a672df975062f
RandomForest,random,31415,4,97,699e5745086c931c,icmpbig,False,random,11ef2328aebbae9a
RandomForest,random,31415,4,98,a488e41d864667dd,pingofdeath,False,random,11cbb2daef6f6fdf
RandomForest,random,31415,4,99,e7a52d41ff342f13,fraggle,False,random,b64eb1170e43d14e
RandomForest,random,31415,4,100,8febc23adbe466e1,pingofdeath,False,random,4ffcafab13303c7d
RandomForest,random,31415,5,101,8bd0ae77c1bb3cc4,routeip,False,random,753bbc2687bc83bf
RandomForest,random,31415,5,102,dde43e27ba8ba07c,teardrop,True,random,c467981fa0a38bdc
RandomForest,random,31415,5,103,8af21c95833e3efd,icmpbig,False,random,11ef2328aebbae9a
RandomForest,random,31415,5,104,9d9e8503d914b8f5,tcp,False,random,eab058deef3ef772
RandomForest,random,31415,5,105,5d504383f83f57db,syn,False,random,9b58eb4ca28cad6b
RandomForest,random,31415,5,106,93a5c4470f86aa65,ackflood,False,random,1e7b3ee6fc2e9603
RandomForest,random,31415,5,107,bdacb4ad2a3e35c3,tcp,False,random,f57f6b08bbeb7e92
RandomForest,random,31415,5,108,fb3d0ae93b788072,tcp,False,random,761777b58d5a76ad
RandomForest,random,31415,5,109,cca2bf3956e8f1ae,ackflood,False,random,bcc8361b92e4378b
RandomForest,random,31415,5,110,7074d3a5afe30a6f,synflood,False,random,b2a98b435be94dac
RandomForest,random,31415,5,111,e6635af21bf3cee2,routeip,False,random,753bbc2687bc83bf
RandomForest,random,31415,5,112,918e28794fa46ff7,ackflood,False,random,04d990c106e8df8d
RandomForest,random,31415,5,113,af7dd6a0b4ae293c,icmpflood,False,random,0c9d4c22f83734c9
RandomForest,random,31415,5,114,fef1a0fd91ba35bd,ackpflood,True,random,811ae939f0302bde
RandomForest,random,31415,5,115,d1d6a75f53978b3e,benign,False,random,3f0ed79ae61b8206
RandomForest,random,31415,5,116,26ff14a8e3aecf94,benign,False,random,2eea8e33a603cd42
RandomForest,random,31415,5,117,86e94a2206505265,winnuke,False,random,410bcc024f654308
RandomForest,random,31415,5,118,a002528c581dfb3b,tcp,False,random,ef0542b9fa15660a
RandomForest,random,31415,5,119,a9d7da0e8e880d41,winnuke,False,random,0541563abf895aec
RandomForest,random,31415,5,120,8e3fc4c61bded2e8,teardrop,True,random,47f813adaf2ee0cf
RandomForest,random,31415,5,121,ef1294c445f9b699,synflood,False,random,9bbf9290c3fe1118
RandomForest,random,31415,5,122,41112374f8b2d4c5,routeip,False,random,753bbc2687bc83bf
RandomForest,random,31415,5,123,acf4a61ee21415c9,winnuke,False,random,cbc1442465cb63d2
RandomForest,random,31415,5,124,76109d620ab808b2,icmpbig,False,random,11ef2328aebbae9a
RandomForest,random,31415,5,125,24d532e79f47cec4,pingofdeath,False,random,27f8d5f3c02d28e1
RandomForest,random,31415,6,126,1edfc3323909772a,tcp,False,random,4da4e2ec5e248502
RandomForest,random,31415,6,127,95b76aac17338a84,tcpall,False,random,25df2cbec14f457e
RandomForest,random,31415,6,128,0536f0161cf121f2,routeip,False,random,753bbc2687bc83bf
RandomForest,random,31415,6,129,602103fec11544bd,tcpfin1,False,random,1a1695b4f63d38b9
RandomForest,random,31415,6,130,fee6af44e98e6ed3,synflood,False,random,e6c6a18a8d709a14
RandomForest,random,31415,6,131,468d8011d24a49cd,routeip,False,random,dabc063a26814dbc
RandomForest,random,31415,6,132,f263d4c4744a0bde,teardrop,True,random,f48deb88188adc11
RandomForest,random,31415,6,133,b804f87cc0788f8e,ackpflood,True,random,456c6c1c5604adc9
RandomForest,random,31415,6,134,8a231c709be8c0bf,tcp,False,random,20728b55be28c7ad
RandomForest,random,31415,6,135,c141d39be8b8d6ca,smurf,False,random,5abdfe35de26a909
RandomForest,random,31415,6,136,2b77296f3029d032,fraggle,False,random,add455247e14b58f
RandomForest,random,31415,6,137,2a5fd5f06cb9024c,synflood,False,random,32157103057e5ee3
RandomForest,random,31415,6,138,b6eff049b723933d,benign,False,random,dadd3f697783d936
RandomForest,random,31415,6,139,2cc4201b4941459c,winnuke,False,random,0541563abf895aec
RandomForest,random,31415,6,140,4776121b13cbc874,benign,False,random,f7c5a8ca224dbbd6
RandomForest,random,31415,6,141,0d09c38d15e9d6ae,smurf,False,random,7a0f26ba532cc489
RandomForest,random,31415,6,142,83a85fe8efac5e5a,tcp,False,random,4da4e2ec5e248502
RandomForest,random,31415,6,143,914c885fae3c426a,winnuke,False,random,0541563abf895aec
RandomForest,random,31415,6,144,53c05a4a94407523,pingofdeath,False,random,788523788fb4db2b
RandomForest,random,31415,6,145,c6a3e700420d3b0d,tcpfin1,False,random,3da3facffa0f3564
RandomForest,random,31415,6,146,ecd5d2c2ff6f0399,benign,False,random,587a26b32907c413
RandomForest,random,31415,6,147,c503c842e0d8a248,fraggle,False,random,add455247e14b58f
RandomForest,random,31415,6,148,bbbe3c74fb30da07,smurf,False,random,3e9394b05a6c9bde
RandomForest,random,31415,6,149,9e2804a8e057ba80,syn,False,random,9b58eb4ca28cad6b
RandomForest,random,31415,6,150,cc1ad40d86321114,syn,False,random,9b58eb4ca28cad6b
RandomForest,random,31415,7,151,63fe465a4ed70fbb,smurf,False,random,d997b1c9d0cf219b
RandomForest,random,31415,7,152,b07cc1fa603013d1,fraggle,False,random,5034e5ea57497093
RandomForest,random,31415,7,153,1d130ef8f31e283a,tcpall,False,random,34ef57a4eef0d472
RandomForest,random,31415,7,154,dce51d038ecca648,syn,False,random,91a24eb6dfa53e45
RandomForest,random,31415,7,155,5f4c7d2db9de7e1f,ackflood,False,random,375706e3c87f9a71
RandomForest,random,31415,7,156,5f9e1b537c0099b6,synflood,False,random,d5b778b0f845c89a
RandomForest,random,31415,7,157,7dacd078ce808a90,synflood,False,random,fe43b1f044b4f68f
RandomForest,random,31415,7,158,bc63e9afe9da0f6f,routeip,False,random,7480dec5eaacca58
RandomForest,random,31415,7,159,939c45e3376fbf8a,tcpfin1,False,random,3da3facffa0f3564
RandomForest,random,31415,7,160,6ce258a12a218898,tcpfin1,False,random,3da3facffa0f3564
RandomForest,random,31415,7,161,c65d450d0d30a4fd,icmpflood,False,random,e04bd5af7fce780e
RandomForest,random,31415,7,162,62768f8318399fd5,winnuke,False,random,7d51cac6cee735b5
RandomForest,random,31415,7,163,c610335451bec744,land,True,random,1fb8b2e54d539a4d
RandomForest,random,31415,7,164,73607543761a67b2,teardrop,True,random,7409c11e289a47aa
RandomForest,random,31415,7,165,925a17229d0b0563,synflood,False,random,60614af22415ad59
RandomForest,random,31415,7,166,e74577385bec34c9,synflood,False,random,74fc6c27c273eee5
RandomForest,random,31415,7,167,42e398d7342e2976,winnuke,False,random,0541563abf895aec
RandomForest,random,31415,7,168,2a25dd784904c7b6,icmpflood,False,random,eba1897b1c6caa90
RandomForest,random,31415,7,169,617effd49d817e59,winnuke,False,random,0541563abf895aec
RandomForest,random,31415,7,170,743fcfc2a53a13cb,pingofdeath,False,random,b23d7a00cb1b5cd0
RandomForest,random,31415,7,171,0308d7d1ca40782a,fraggle,False,random,add455247e14b58f
RandomForest,random,31415,7,172,c1fb5a988bdf56d7,tcpfin1,False,random,3da3facffa0f3564
RandomForest,random,31415,7,173,64365b23c57d776b,fraggle,False,random,31339063f76812c2
RandomForest,random,31415,7,174,b399ae6b0a94b45f,icmpflood,False,random,115e4272d4eeb02e
RandomForest,random,31415,7,175,e9a00c93078eaa0e,winnuke,False,random,410bcc024f654308
RandomForest,random,31415,8,176,04afdd601e6c8909,smurf,False,random,0c6529c04298f723
RandomForest,random,31415,8,177,740f16d966129124,icmpflood,False,random,86cbcd29c1a0caec
RandomForest,random,31415,8,178,c5f96b9711da50fe,icmpbig,False,random,11ef2328aebbae9a
RandomForest,random,31415,8,179,efee20e3118bffe4,icmpflood,False,random,1e473fac722d652b
RandomForest,random,31415,8,180,39f74976850293ce,tcp,False,random,965b7aeaadad8c08
RandomForest,random,31415,8,181,85e0e4d5cf174ef1,tcp,False,random,66ee22db9c6bf1e5
RandomForest,random,31415,8,182,a56281127ad8151a,routeip,False,random,dabc063a26814dbc
RandomForest,random,31415,8,183,524b0975d6b0000a,tcpall,False,random,6d190f0ade234a41
RandomForest,random,31415,8,184,4571eabadccd5b6a,benign,False,random,eb112a4ad4db1d35
RandomForest,random,31415,8,185,b3e0a1795ee15166,fraggle,False,random,579d736edc011386
RandomForest,random,31415,8,186,e8f8722591afe2ba,icmpbig,False,random,bf640f01d7d74bf6
RandomForest,random,31415,8,187,da998c52acb31775,icmpflood,False,random,73e358e9bc1f3bf9
RandomForest,random,31415,8,188,a2b104b296c751a9,fraggle,False,random,c17c98136ce15895
RandomForest,random,31415,8,189,3bb089441b3b8a54,ackflood,False,random,0723eaa8df5aacf6
RandomForest,random,31415,8,190,45d2614d04d927a3,pingofdeath,False,random,6c968b0b493c8cff
RandomForest,random,31415,8,191,f250310768e5935f,tcpall,False,random,25df2cbec14f457e
RandomForest,random,31415,8,192,8471f758b29f4ffc,routeip,False,random,753bbc2687bc83bf
RandomForest,random,31415,8,193,4c01444e1a4e75ac,smurf,False,random,b873637c61f6e122
RandomForest,random,31415,8,194,4ea76d464ee679fe,winnuke,False,random,0541563abf895aec
RandomForest,random,31415,8,195,4b51b1d50933f62e,icmpbig,False,random,11ef2328aebbae9a
RandomForest,random,31415,8,196,603901fc19d6e912,tcpall,False,random,25df2cbec14f457e
RandomForest,random,31415,8,197,ec0382956bce8f03,teardrop,True,random,47f813adaf2ee0cf
RandomForest,random,31415,8,198,56e8235d06c3230f,icmpflood,False,random,2196a909b270f9ea
RandomForest,random,31415,8,199,2329929f06dad2fb,icmpbig,False,random,11ef2328aebbae9a
RandomForest,random,31415,8,200,30838e1f49f9b3cf,routeip,False,random,7480dec5eaacca58
RandomForest,random,31415,9,201,a6c7fafa4bf9249b,icmpbig,False,random,bf640f01d7d74bf6
RandomForest,random,31415,9,202,c5aaa999a406660a,icmpflood,False,random,075e1bef7fb56df8
RandomForest,random,31415,9,203,f640bf4cdb223924,icmpbig,False,random,734d7e997233e84a
RandomForest,random,31415,9,204,ec530ccb91eb0f2a,pingofdeath,False,random,832327d2bb794dec
RandomForest,random,31415,9,205,775179685948ac1d,winnuke,False,random,0541563abf895aec
RandomForest,random,31415,9,206,a3e6f104c2b14395,tcp,False,random,66ee22db9c6bf1e5
RandomForest,random,31415,9,207,aa375f72336550f1,syn,False,random,91a24eb6dfa53e45
RandomForest,random,31415,9,208,5605f43487a7be95,tcp,False,random,1084ff896fa95aab
RandomForest,random,31415,9,209,11ff4f9cc6eae22f,icmpflood,False,random,4c9e0370c07a8339
RandomForest,random,31415,9,210,0287c288394e32fe,pingofdeath,False,random,d2a3cfe1160c2ba6
RandomForest,random,31415,9,211,533c3cdf834de973,tcp,False,random,4da4e2ec5e248502
RandomForest,random,31415,9,212,30b673b59909a817,winnuke,False,random,0541563abf895aec
RandomForest,random,31415,9,213,8c8c667cfce232db,winnuke,False,random,03feff61a0475f32
RandomForest,random,31415,9,214,7941497c2695119f,ackflood,False,random,f8cba5697937110c
RandomForest,random,31415,9,215,8658a19289f97e2f,tcp,False,random,1084ff896fa95aab
RandomForest,random,31415,9,216,a53510dcc569cc19,icmpflood,False,random,a42f8cb07a65154e
RandomForest,random,31415,9,217,8f71ed89bf85400f,tcp,False,random,b591e7d985b4e445
RandomForest,random,31415,9,218,8f0b77517971a00d,icmpbig,False,random,11ef2328aebbae9a
RandomForest,random,31415,9,219,096892a3c87b1070,tcpall,False,random,f487d01518b04483
RandomForest,random,31415,9,220,e25264fd11389fed,smurf,False,random,d835387b7576ae2c
RandomForest,random,31415,9,221,e3fd6d26c4478bb0,ackflood,False,random,4355ef8590b67ead
RandomForest,random,31415,9,222,42d8ba9d3ac42680,pingofdeath,False,random,0a79fbbd87f0af56
RandomForest,random,31415,9,223,fd1f73501e191faf,land,True,random,11ca897764624b71
RandomForest,random,31415,9,224,5fa1226fb1cc6080,pingofdeath,False,random,fdfd31f0874ffe00
RandomForest,random,31415,9,225,bec7b85aa0bd26b4,syn,False,random,91a24eb6dfa53e45
RandomForest,random,31415,10,226,03cfc0723a68eac6,benign,False,random,95defcb7f911fecd
RandomForest,random,31415,10,227,bbf11e8a10898846,fraggle,False,random,e703b1ef2fbb0212
RandomForest,random,31415,10,228,f9580c249dda06b4,fraggle,False,random,5034e5ea57497093
RandomForest,random,31415,10,229,73f91b241fc5c72a,icmpbig,False,random,bf640f01d7d74bf6
RandomForest,random,31415,10,230,cfbd948a97a6f43f,icmpbig,False,random,bf640f01d7d74bf6
RandomForest,random,31415,10,231,05c8844146704ca4,benign,False,random,a58aaac0e1e96b44
RandomForest,random,31415,10,232,bf205d7accf61d08,routeip,False,random,7480dec5eaacca58
RandomForest,random,31415,10,233,3ff6c3d7246a2c3b,benign,False,random,59097f3a0f0db565
RandomForest,random,31415,10,234,90ad7377ec217b8f,pingofdeath,False,random,bda13f66cb11fcdf
RandomForest,random,31415,10,235,459ede2b5fa0025b,syn,False,random,91a24eb6dfa53e45
RandomForest,random,31415,10,236,57f172b1f3f40b7a,pingofdeath,False,random,0955e603ae891def
RandomForest,random,31415,10,237,cde87999acfbab80,synflood,False,random,d12b6d97bdd50642
RandomForest,random,31415,10,238,c2357aa804c606af,icmpflood,False,random,968102c9fdb61a70
RandomForest,random,31415,10,239,e643c3ae8a6254c9,teardrop,True,random,5bc4c1106c05ca18
RandomForest,random,31415,10,240,bc6aa1c829e0e4bc,tcpfin1,False,random,3da3facffa0f3564
RandomForest,random,31415,10,241,56cfe641c78ab95d,tcpfin1,False,random,3da3facffa0f3564
RandomForest,random,31415,10,242,ec804e99b45c285f,syn,False,random,91a24eb6dfa53e45
RandomForest,random,31415,10,243,d1214be121766be3,land,True,random,1fb8b2e54d539a4d
RandomForest,random,31415,10,244,dbd6d77a6bbfb62c,synflood,False,random,2b98e0f313025673
RandomForest,random,31415,10,245,6e08fc09f3e52d9e,tcpall,False,random,25df2cbec14f457e
RandomForest,random,31415,10,246,ffffe733b450dbe4,ackflood,False,random,b39b6ae5dda33531
RandomForest,random,31415,10,247,c934312f6fccf378,pingofdeath,False,random,1ac7cb990f422f34
RandomForest,random,31415,10,248,b8f904bddc5459d1,fraggle,False,random,dfe9d116fd351d70
RandomForest,random,31415,10,249,5ee54797d84bafc4,tcp,False,random,1dbaada03a343f6d
RandomForest,random,31415,10,250,5b11ac48e6ab8e84,pingofdeath,False,random,8f21796984db6823
RandomForest,random,31415,11,251,74d7e043289f74e2,tcp,False,random,3cfae88868a8518e
RandomForest,random,31415,11,252,37b8d67b34f7079e,synflood,False,random,2758c9d1858b9c82
RandomForest,random,31415,11,253,0c0cec2772495825,syn,False,random,9b58eb4ca28cad6b
RandomForest,random,31415,11,254,6b0ed8eebad1930a,winnuke,False,random,0541563abf895aec
RandomForest,random,31415,11,255,bef76fd39b88e8a1,routeip,False,random,56239d2baf50ff43
RandomForest,random,31415,11,256,7855b8723f47d883,pingofdeath,False,random,788523788fb4db2b
RandomForest,random,31415,11,257,93c7e130c9bcf7d8,synflood,False,random,32e495f0bc06c218
RandomForest,random,31415,11,258,4f5ea1c29878b31d,smurf,False,random,4614ba434a2c3470
RandomForest,random,31415,11,259,211dd5f655f57b5a,tcp,False,random,8a0c3de433c4f985
RandomForest,random,31415,11,260,ea2e3a211040b84e,smurf,False,random,a308417f193109ef
RandomForest,random,31415,11,261,eb0fcd90375a9364,syn,False,random,91a24eb6dfa53e45
RandomForest,random,31415,11,262,1d4bba49f37f76f2,icmpbig,False,random,bf640f01d7d74bf6
RandomForest,random,31415,11,263,9f3d017c1d709cad,tcp,False,random,8a0c3de433c4f985
RandomForest,random,31415,11,264,a69d3ea8fff48b40,smurf,False,random,5c2860410a71cff3
RandomForest,random,31415,11,265,1af03285985eb9d1,tcp,False,random,041bf9c2b20075af
RandomForest,random,31415,11,266,103f79189ce4e4b7,synflood,False,random,e6c6a18a8d709a14
RandomForest,random,31415,11,267,2c334afd0ff47ea7,tcpfin1,False,random,d430fed83df690c0
RandomForest,random,31415,11,268,eab6bc6a98342664,synflood,False,random,b2a98b435be94dac
RandomForest,random,31415,11,269,4f3a5e4333375044,routeip,False,random,753bbc2687bc83bf
RandomForest,random,31415,11,270,164ac96ca7c84e04,syn,False,random,91a24eb6dfa53e45
RandomForest,random,31415,11,271,943a41948a8e04a0,tcp,False,random,90fd74b0affb5fa2
RandomForest,random,31415,11,272,21d824128b5ed81a,tcp,False,random,761777b58d5a76ad
RandomForest,random,31415,11,273,2e46fd1918e8ea7f,syn,False,random,9b58eb4ca28cad6b
RandomForest,random,31415,11,274,33e6b69c9d81c4cd,tcp,False,random,00136c523ef9a2bf
RandomForest,random,31415,11,275,86d49ab4883f9d40,fraggle,False,random,31339063f76812c2
RandomForest,random,31415,12,276,6f3e833893ba7d80,routeip,False,random,753bbc2687bc83bf
RandomForest,random,31415,12,277,4d17167601583bd5,teardrop,True,random,c11110b107945ad1
RandomForest,random,31415,12,278,bfc7505db7221090,icmpflood,False,random,61d2bcc733191d8b
RandomForest,random,31415,12,279,7254fc9d0b9565fb,benign,False,random,da4c560eb24ac82a
RandomForest,random,31415,12,280,46c1f76209f3a023,pingofdeath,False,random,8dd76d1cbbc38dfe
RandomForest,random,31415,12,281,8af2bf837682bc81,ackflood,False,random,79598b094c4a22a8
RandomForest,random,31415,12,282,d642fda4b13807fd,smurf,False,random,3086e9fb4b491225
RandomForest,random,31415,12,283,f33e868b373c09bb,icmpbig,False,random,bf640f01d7d74bf6
RandomForest,random,31415,12,284,fa8805351f9a80cd,tcpfin1,False,random,1a1695b4f63d38b9
RandomForest,random,31415,12,285,8b51e51b01a680fb,syn,False,random,1f970c937f152aa7
RandomForest,random,31415,12,286,1580ded8178d0a95,routeip,False,random,753bbc2687bc83bf
RandomForest,random,31415,12,287,ee435bc3e5520adc,pingofdeath,False,random,7588e68873032002
RandomForest,random,31415,12,288,613aa674dd513ebd,pingofdeath,False,random,4897d869f753d5d6
RandomForest,random,31415,12,289,14c8de45d03eebd1,icmpbig,False,random,bf640f01d7d74bf6
RandomForest,random,31415,12,290,10a1f797dfa03729,winnuke,False,random,5a4979de7de90249
RandomForest,random,31415,12,291,45f689fedb7ceeb4,teardrop,True,random,74a345693602c106
RandomForest,random,31415,12,292,e4d51955722e72c7,syn,False,random,9b58eb4ca28cad6b
RandomForest,random,31415,12,293,a241a2c483b96fec,syn,False,random,1f970c937f152aa7
RandomForest,random,31415,12,294,952a5249e493f5b1,benign,False,random,b107abca7185dfb2
RandomForest,random,31415,12,295,426b4d23253f1138,routeip,False,random,7480dec5eaacca58
RandomForest,random,31415,12,296,5b6b51128e3bff2a,winnuke,False,random,0541563abf895aec
RandomForest,random,31415,12,297,7ab9409547006181,land,True,random,1fb8b2e54d539a4d
RandomForest,random,31415,12,298,13858c42a6eedd4b,tcpall,False,random,6d190f0ade234a41
RandomForest,random,31415,12,299,326a933cbbf173ba,tcpall,False,random,c946f18387edcc93
RandomForest,random,31415,12,300,0f79107ad82fc3d5,tcpall,False,random,25df2cbec14f457e
RandomForest,uncertainty,31415,1,1,7bb96bd8e11f6f46,land,True,uncertainty,654556dfa59443af
RandomForest,uncertainty,31415,1,2,9464bcec83e957b6,benign,False,uncertainty,7dc77872ba86d2d6
RandomForest,uncertainty,31415,1,3,2e2da1aae652644c,land,True,uncertainty,1379c5ba91c02310
RandomForest,uncertainty,31415,1,4,61954580b606df42,fraggle,False,uncertainty,96fdc335141560d4
RandomForest,uncertainty,31415,1,5,8486cc03b3990ce7,fraggle,False,uncertainty,5a65026acc1ff666
RandomForest,uncertainty,31415,1,6,018696b0b203ba12,fraggle,False,uncertainty,53019c3d703ed940
RandomForest,uncertainty,31415,1,7,94e2114f1fb7478b,land,True,uncertainty,1fb8b2e54d539a4d
RandomForest,uncertainty,31415,1,8,ed833f9b91a9c4bc,land,True,uncertainty,1fb8b2e54d539a4d
RandomForest,uncertainty,31415,1,9,23c666827c297357,land,True,uncertainty,1fb8b2e54d539a4d
RandomForest,uncertainty,31415,1,10,e4fd10f0d1a9d561,land,True,uncertainty,1fb8b2e54d539a4d
RandomForest,uncertainty,31415,1,11,2067303ae9e6f156,land,True,uncertainty,1fb8b2e54d539a4d
RandomForest,uncertainty,31415,1,12,76a1cdae4adbb951,land,True,uncertainty,1fb8b2e54d539a4d
RandomForest,uncertainty,31415,1,13,71f71e3e49451636,land,True,uncertainty,1fb8b2e54d539a4d
RandomForest,uncertainty,31415,1,14,e4362accae4ac80b,land,True,uncertainty,1fb8b2e54d539a4d
RandomForest,uncertainty,31415,1,15,7654ecc0ce0aa162,land,True,uncertainty,1fb8b2e54d539a4d
RandomForest,uncertainty,31415,1,16,0c2debad08e5cb62,land,True,uncertainty,1fb8b2e54d539a4d
RandomForest,uncertainty,31415,1,17,75f33b8b44252e01,land,True,uncertainty,1fb8b2e54d539a4d
RandomForest,uncertainty,31415,1,18,f5765faa58f3e07f,land,True,uncertainty,1fb8b2e54d539a4d
RandomForest,uncertainty,31415,1,19,f0624e4e8d48abf9,land,True,uncertainty,1fb8b2e54d539a4d
RandomForest,uncertainty,31415,1,20,284ffb984d516e31,land,True,uncertainty,1fb8b2e54d539a4d
RandomForest,uncertainty,31415,1,21,20adb2d1cd0e9611,land,True,uncertainty,1fb8b2e54d539a4d
RandomForest,uncertainty,31415,1,22,22963aaebeefda4c,land,True,uncertainty,1fb8b2e54d539a4d
RandomForest,uncertainty,31415,1,23,597c8d17872e4d1a,land,True,uncertainty,1fb8b2e54d539a4d
RandomForest,uncertainty,31415,1,24,8dfa4f7e05677c3f,land,True,uncertainty,1fb8b2e54d539a4d
RandomForest,uncertainty,31415,1,25,fbdccbb2a13a2f96,land,True,uncertainty,1fb8b2e54d539a4d
RandomForest,uncertainty,31415,2,26,a7a6959a499e9277,winnuke,False,uncertainty,8d2bec8c0a0a17b1
RandomForest,uncertainty,31415,2,27,8c947c02efa77d86,winnuke,False,uncertainty,8d2bec8c0a0a17b1
RandomForest,uncertainty,31415,2,28,fd128d7419daec28,pingofdeath,False,uncertainty,97b1a2b42a8f87ec
RandomForest,uncertainty,31415,2,29,67f1352e3ea75b24,winnuke,False,uncertainty,8d2bec8c0a0a17b1
RandomForest,uncertainty,31415,2,30,cf65acb43c966f74,winnuke,False,uncertainty,f8ac14f0a7423f6e
RandomForest,uncertainty,31415,2,31,b578a8cb0810f79a,winnuke,False,uncertainty,58a1160e8243529c
RandomForest,uncertainty,31415,2,32,a75223b2c7578ca6,winnuke,False,uncertainty,0aba3271a4a21a95
RandomForest,uncertainty,31415,2,33,54afbac0aa567d89,benign,False,uncertainty,efe29253c4b03657
RandomForest,uncertainty,31415,2,34,6374289871c9fce4,benign,False,uncertainty,b43c5be6c49ce354
RandomForest,uncertainty,31415,2,35,4fb0bf9f3a2fc616,benign,False,uncertainty,80d97ed858aef378
RandomForest,uncertainty,31415,2,36,b7309366ed4bb992,benign,False,uncertainty,3a02ccc66cba9786
RandomForest,uncertainty,31415,2,37,0df6a8957bcafac9,benign,False,uncertainty,027048a82304685c
RandomForest,uncertainty,31415,2,38,0506c3f75dbc40a2,benign,False,uncertainty,a9725501bb249177
RandomForest,uncertainty,31415,2,39,ea84b606fe397bec,winnuke,False,uncertainty,a6eba9e7ba5a2b2b
RandomForest,uncertainty,31415,2,40,92387b204bb553ba,benign,False,uncertainty,0bfab8d7afd0fca9
RandomForest,uncertainty,31415,2,41,9b74f11d44c75253,winnuke,False,uncertainty,73832a19c6f3d45a
RandomForest,uncertainty,31415,2,42,a8bdc49086b0a59a,benign,False,uncertainty,e2bc1c69f591cda8
RandomForest,uncertainty,31415,2,43,d258e1f6a0ce67b3,winnuke,False,uncertainty,73832a19c6f3d45a
RandomForest,uncertainty,31415,2,44,8a6ccc2a096ad617,winnuke,False,uncertainty,73832a19c6f3d45a
RandomForest,uncertainty,31415,2,45,77b398b1394e4fe6,fraggle,False,uncertainty,6f4f7da9f9f2df49
RandomForest,uncertainty,31415,2,46,02e3720d9d4ee7ef,benign,False,uncertainty,74dadab1aff7e5b8
RandomForest,uncertainty,31415,2,47,d79ab1298c83c9ab,benign,False,uncertainty,202ef5c26a1bcc23
RandomForest,uncertainty,31415,2,48,38b7081fff1555fa,benign,False,uncertainty,dbbab94299988428
RandomForest,uncertainty,31415,2,49,7f54b67461406b38,benign,False,uncertainty,81a7db8e2a7992e9
RandomForest,uncertainty,31415,2,50,ba4ea545914af27d,benign,False,uncertainty,6d0ac574d81a1eb1
RandomForest,uncertainty,31415,3,51,3bb2e1c9eeace4f8,icmpflood,False,uncertainty,414b96fbbd01c62d
RandomForest,uncertainty,31415,3,52,6fc657ba60b13a67,winnuke,False,uncertainty,4edcd0058de847f0
RandomForest,uncertainty,31415,3,53,6dbd55c2114f2103,benign,False,uncertainty,a93305badcf82230
RandomForest,uncertainty,31415,3,54,4a3e87564a35c312,fraggle,False,uncertainty,7925809c55ca09a2
RandomForest,uncertainty,31415,3,55,df0b5ca9a48ca7d0,winnuke,False,uncertainty,2b8adb0185418bbf
RandomForest,uncertainty,31415,3,56,cdd88abfb284bd83,benign,False,uncertainty,7a0ee04583e83139
RandomForest,uncertainty,31415,3,57,286da6afa5357929,icmpbig,False,uncertainty,02f30548bf4cc2f5
RandomForest,uncertainty,31415,3,58,6caec555c8e17050,benign,False,uncertainty,a93305badcf82230
RandomForest,uncertainty,31415,3,59,78748743c96086ba,benign,False,uncertainty,a93305badcf82230
RandomForest,uncertainty,31415,3,60,1dc7ed41b7ac95d6,ackpflood,True,uncertainty,e0beecf3b3b8b78c
RandomForest,uncertainty,31415,3,61,518715a71308da60,ackpflood,True,uncertainty,4b1c7d0a72c0072b
RandomForest,uncertainty,31415,3,62,7d0b02f5d4b58873,winnuke,False,uncertainty,b30e4e290fd2273e
RandomForest,uncertainty,31415,3,63,faa0b2deccbd5202,winnuke,False,uncertainty,9947cad07cf2e6ef
RandomForest,uncertainty,31415,3,64,9cdea621a9468154,benign,False,uncertainty,7a0ee04583e83139
RandomForest,uncertainty,31415,3,65,020977bb858d8b0a,benign,False,uncertainty,5f6d9da99eddab1d
RandomForest,uncertainty,31415,3,66,2b64f1aeb04c4d8f,winnuke,False,uncertainty,0f4bd338fa9ef162
RandomForest,uncertainty,31415,3,67,79149a8689eccda8,benign,False,uncertainty,2275dcaa42616486
RandomForest,uncertainty,31415,3,68,25094bf924af0ae6,winnuke,False,uncertainty,3044c102a4077eec
RandomForest,uncertainty,31415,3,69,373f82cd28504e92,ackpflood,True,uncertainty,31c3aa5d3b7409e8
RandomForest,uncertainty,31415,3,70,f7fdd4ea6dc231ec,benign,False,uncertainty,4340ca774be75fe3
RandomForest,uncertainty,31415,3,71,a330cba2d52b3401,ackflood,False,uncertainty,b43f6882190351e3
RandomForest,uncertainty,31415,3,72,8ac2f18a9495364f,benign,False,uncertainty,2275dcaa42616486
RandomForest,uncertainty,31415,3,73,659f87b94b8dae95,smurf,False,uncertainty,40c6004a07e71a22
RandomForest,uncertainty,31415,3,74,72ad441d62f8f207,benign,False,uncertainty,4d126dd5b0ee0af7
RandomForest,uncertainty,31415,3,75,4d7481815450b62b,icmpbig,False,uncertainty,e2e84cdc53389294
RandomForest,uncertainty,31415,4,76,2065a14e7ace1cd7,ackflood,False,uncertainty,95a453f65d108da4
RandomForest,uncertainty,31415,4,77,9fbcfb261c791477,ackflood,False,uncertainty,92a09f60a447ebcf
RandomForest,uncertainty,31415,4,78,8b87db443297005c,ackflood,False,uncertainty,d67c79895ba7cc13
RandomForest,uncertainty,31415,4,79,3e075d2984a0e324,ackflood,False,uncertainty,bee7dda1a0370d78
RandomForest,uncertainty,31415,4,80,e553002d9f4d9376,ackflood,False,uncertainty,e21eef28f65ac395
RandomForest,uncertainty,31415,4,81,7fdb3e7749a41968,ackflood,False,uncertainty,415797df06f1eb54
RandomForest,uncertainty,31415,4,82,215b7014cce24b62,ackflood,False,uncertainty,e21eef28f65ac395
RandomForest,uncertainty,31415,4,83,9ae7b8899ee75d10,ackflood,False,uncertainty,f1ef3b8b705a7243
RandomForest,uncertainty,31415,4,84,54f6082e618a60e0,smurf,False,uncertainty,c3680e056a5d8c54
RandomForest,uncertainty,31415,4,85,fce450272eaa698c,benign,False,uncertainty,b65e261d648d4e0a
RandomForest,uncertainty,31415,4,86,a7bb6beb6adfb926,smurf,False,uncertainty,3feb386610f6b2e5
RandomForest,uncertainty,31415,4,87,d9d8194bb8e771fa,fraggle,False,uncertainty,3b61be8d56279b8f
RandomForest,uncertainty,31415,4,88,1b53864b0f629998,tcp,False,uncertainty,01825a4448d7f9af
RandomForest,uncertainty,31415,4,89,dbf363fb2189acb4,ackflood,False,uncertainty,fcfcf5187227b732
RandomForest,uncertainty,31415,4,90,cebfed887bb11777,benign,False,uncertainty,1aa21722f6a57080
RandomForest,uncertainty,31415,4,91,af9976f408a02fa3,benign,False,uncertainty,ccba565cbcdef643
RandomForest,uncertainty,31415,4,92,1bc232cfdb0644c3,benign,False,uncertainty,fd1a611a48d937a7
RandomForest,uncertainty,31415,4,93,0155b120de999e79,fraggle,False,uncertainty,3b61be8d56279b8f
RandomForest,uncertainty,31415,4,94,296ab6f64f3eee8a,ackflood,False,uncertainty,62edec7f537fb122
RandomForest,uncertainty,31415,4,95,57cf4d79b792af0a,fraggle,False,uncertainty,3b61be8d56279b8f
RandomForest,uncertainty,31415,4,96,4127c77bdef33795,synflood,False,uncertainty,83ab8c98063f4629
RandomForest,uncertainty,31415,4,97,a06c02c96ba72636,synflood,False,uncertainty,4e25ba1e05b20636
RandomForest,uncertainty,31415,4,98,fc2e29c59f21b824,ackpflood,True,uncertainty,811ae939f0302bde
RandomForest,uncertainty,31415,4,99,665ad0769dabbe08,ackflood,False,uncertainty,ce67df532852c205
RandomForest,uncertainty,31415,4,100,644ddddda959e6df,ackpflood,True,uncertainty,bd510951eca832d9
RandomForest,uncertainty,31415,5,101,28175c11d40dd672,ackflood,False,uncertainty,5cdc870a7567a3b3
RandomForest,uncertainty,31415,5,102,2e40e12257f9c67a,benign,False,uncertainty,ded33c730dc85d84
RandomForest,uncertainty,31415,5,103,d372858b6f4f5908,benign,False,uncertainty,6769a8d5d72925a4
RandomForest,uncertainty,31415,5,104,d0105a33e9214176,benign,False,uncertainty,6769a8d5d72925a4
RandomForest,uncertainty,31415,5,105,ffc68d9a47f452ed,benign,False,uncertainty,292c2f4ed0aaa7f9
RandomForest,uncertainty,31415,5,106,7b307427321b7e6b,benign,False,uncertainty,ded33c730dc85d84
RandomForest,uncertainty,31415,5,107,b310a950ac9db1ff,benign,False,uncertainty,ded33c730dc85d84
RandomForest,uncertainty,31415,5,108,20d86a74281e4ec6,benign,False,uncertainty,ded33c730dc85d84
RandomForest,uncertainty,31415,5,109,098ad6f9a251307c,benign,False,uncertainty,020fd876186249ed
RandomForest,uncertainty,31415,5,110,9cee85aceab07994,benign,False,uncertainty,ded33c730dc85d84
RandomForest,uncertainty,31415,5,111,efd6473d62417434,benign,False,uncertainty,184d53f261e5f254
RandomForest,uncertainty,31415,5,112,80cd4add3c4e1d17,benign,False,uncertainty,ded33c730dc85d84
RandomForest,uncertainty,31415,5,113,2df135cffaec0780,benign,False,uncertainty,ded33c730dc85d84
RandomForest,uncertainty,31415,5,114,ec2b1e0c5efb49c1,ackflood,False,uncertainty,1714f05c31d05091
RandomForest,uncertainty,31415,5,115,7fa3f5cae967a5ff,benign,False,uncertainty,176004c8d365f8ad
RandomForest,uncertainty,31415,5,116,f0be23798ec851eb,benign,False,uncertainty,cd95186aae6cd338
RandomForest,uncertainty,31415,5,117,1e7130c52047db0f,benign,False,uncertainty,c20da2f69c65fa08
RandomForest,uncertainty,31415,5,118,f42917e5e42e9bda,benign,False,uncertainty,ded33c730dc85d84
RandomForest,uncertainty,31415,5,119,7654206395380ceb,benign,False,uncertainty,f1fc94db8d670738
RandomForest,uncertainty,31415,5,120,6ec1c4ca46e3a804,benign,False,uncertainty,184d53f261e5f254
RandomForest,uncertainty,31415,5,121,45d0b86a26714adb,benign,False,uncertainty,c519b8f1f4c4ee99
RandomForest,uncertainty,31415,5,122,114f31dd6d815f4b,routeip,False,uncertainty,b71dc100eb642b93
RandomForest,uncertainty,31415,5,123,5f27ab131913a240,synflood,False,uncertainty,ecaf5550ee21b51e
RandomForest,uncertainty,31415,5,124,be2133d3976e0c2e,benign,False,uncertainty,5cc24975d7279869
RandomForest,uncertainty,31415,5,125,8f415f81eb867b8e,benign,False,uncertainty,c20da2f69c65fa08
RandomForest,uncertainty,31415,6,126,5dbb9d7c6e48066f,tcp,False,uncertainty,1e164be85ffb711e
RandomForest,uncertainty,31415,6,127,0f50140042c06c9d,tcp,False,uncertainty,684207b670f35a6f
RandomForest,uncertainty,31415,6,128,83a1867ad7dfa1eb,routeip,False,uncertainty,f7bede44f92b40de
RandomForest,uncertainty,31415,6,129,dc5cf61d7cdabd6f,routeip,False,uncertainty,6407d7ec4d6128a0
RandomForest,uncertainty,31415,6,130,8609841e0c00298e,tcp,False,uncertainty,b7fb993d5309177f
RandomForest,uncertainty,31415,6,131,bb77f6364d263463,syn,False,uncertainty,fe7c3cf12bf1b9ed
RandomForest,uncertainty,31415,6,132,b2afb214e0f5ee82,routeip,False,uncertainty,fe7c3cf12bf1b9ed
RandomForest,uncertainty,31415,6,133,43bf905fa8f40597,land,True,uncertainty,f32a5592caebefc3
RandomForest,uncertainty,31415,6,134,c2d6b5357daf0e66,winnuke,False,uncertainty,bc6c827eb16f7c9e
RandomForest,uncertainty,31415,6,135,f46d19b5fed0b434,land,True,uncertainty,eb24d407474ea883
RandomForest,uncertainty,31415,6,136,49eefbb77d646a37,syn,False,uncertainty,6b84a0e61a2680c1
RandomForest,uncertainty,31415,6,137,ad86cda08d5f573b,fraggle,False,uncertainty,fe7c3cf12bf1b9ed
RandomForest,uncertainty,31415,6,138,bb64922c92fcaef0,ackflood,False,uncertainty,a5209ac5218bedb1
RandomForest,uncertainty,31415,6,139,882e31548f951f31,routeip,False,uncertainty,e9b6245ed6428809
RandomForest,uncertainty,31415,6,140,f6bf12125d07abf0,syn,False,uncertainty,874b3ea3d487c33d
RandomForest,uncertainty,31415,6,141,1e0955e77a0d0b3a,tcp,False,uncertainty,e9b6245ed6428809
RandomForest,uncertainty,31415,6,142,429c3ac42862d59f,routeip,False,uncertainty,874b3ea3d487c33d
RandomForest,uncertainty,31415,6,143,2dbf4bacd5c1fca4,syn,False,uncertainty,6407d7ec4d6128a0
RandomForest,uncertainty,31415,6,144,47a88123212938f9,land,True,uncertainty,bdcbb19e6014cd77
RandomForest,uncertainty,31415,6,145,908f15c16acc23b0,synflood,False,uncertainty,3d1e4f7737257dc3
RandomForest,uncertainty,31415,6,146,e1272a9e070302e7,syn,False,uncertainty,6407d7ec4d6128a0
RandomForest,uncertainty,31415,6,147,abbd133c3c0ab4e2,land,True,uncertainty,ccfb10c2ea227cb4
RandomForest,uncertainty,31415,6,148,9dc74283b757143c,land,True,uncertainty,955a38b057473597
RandomForest,uncertainty,31415,6,149,c12849820d12183c,smurf,False,uncertainty,ed5180333d358129
RandomForest,uncertainty,31415,6,150,f8dde1480265276a,winnuke,False,uncertainty,decd98c001b312c1
RandomForest,uncertainty,31415,7,151,9206fa4cf36b750d,benign,False,uncertainty,80b48f4cd277d383
RandomForest,uncertainty,31415,7,152,54cf938ba4a968a7,benign,False,uncertainty,2c00b56bb206171a
RandomForest,uncertainty,31415,7,153,2346e007cce546fa,benign,False,uncertainty,80b48f4cd277d383
RandomForest,uncertainty,31415,7,154,fd6db1cb612cf49c,smurf,False,uncertainty,61dc84960cddbc75
RandomForest,uncertainty,31415,7,155,4a8c2940be2a1a5c,ackflood,False,uncertainty,2a2a469bf902ad2c
RandomForest,uncertainty,31415,7,156,4097018d1d8e95aa,fraggle,False,uncertainty,83581ba570763f42
RandomForest,uncertainty,31415,7,157,405d967a18d99e78,fraggle,False,uncertainty,6f386101ed1c0411
RandomForest,uncertainty,31415,7,158,cf18e2b8ecb8fcca,benign,False,uncertainty,9b75f52d01a60b62
RandomForest,uncertainty,31415,7,159,cd498af86dd82ec3,benign,False,uncertainty,02d39623ca8105d3
RandomForest,uncertainty,31415,7,160,40aae8f116d0b338,ackflood,False,uncertainty,5e0d24d0842f72f0
RandomForest,uncertainty,31415,7,161,4001e0f089826225,syn,False,uncertainty,9fa6b2583d03ccd9
RandomForest,uncertainty,31415,7,162,be326ebcfc830feb,benign,False,uncertainty,80b48f4cd277d383
RandomForest,uncertainty,31415,7,163,24b7b66546f1c075,ackflood,False,uncertainty,6d7f56a3f314dab8
RandomForest,uncertainty,31415,7,164,b298f0b513f81cd9,synflood,False,uncertainty,2a2a469bf902ad2c
RandomForest,uncertainty,31415,7,165,4a584f461c2647aa,synflood,False,uncertainty,2a2a469bf902ad2c
RandomForest,uncertainty,31415,7,166,ea69c37970ce652c,synflood,False,uncertainty,9f9a4ed014287e05
RandomForest,uncertainty,31415,7,167,4ef436e98bf8e336,ackpflood,True,uncertainty,20b6148f5a616add
RandomForest,uncertainty,31415,7,168,cf219dc01b5a0f44,pingofdeath,False,uncertainty,8dee1464df987eed
RandomForest,uncertainty,31415,7,169,b249336db4286fd5,ackpflood,True,uncertainty,3596388066ad64ce
RandomForest,uncertainty,31415,7,170,b2f65703aed8b1db,icmpbig,False,uncertainty,8dee1464df987eed
RandomForest,uncertainty,31415,7,171,3e9a8a2a39434eef,tcpall,False,uncertainty,f800f66d5d672040
RandomForest,uncertainty,31415,7,172,81e45aef63aee0c1,benign,False,uncertainty,9c1090710d25c82e
RandomForest,uncertainty,31415,7,173,4fa26ab1928f55a2,smurf,False,uncertainty,8dee1464df987eed
RandomForest,uncertainty,31415,7,174,3ae0e59b642b81ec,fraggle,False,uncertainty,6f386101ed1c0411
RandomForest,uncertainty,31415,7,175,4e74cc271a2e6980,ackpflood,True,uncertainty,3596388066ad64ce
RandomForest,uncertainty,31415,8,176,16e487e4e876b0cc,icmpbig,False,uncertainty,1255b338bb026993
RandomForest,uncertainty,31415,8,177,ac368d0ef23960ba,pingofdeath,False,uncertainty,1255b338bb026993
RandomForest,uncertainty,31415,8,178,b42de4056d878898,teardrop,True,uncertainty,8dee1464df987eed
RandomForest,uncertainty,31415,8,179,90d40666d890bca7,fraggle,False,uncertainty,265073984e786e49
RandomForest,uncertainty,31415,8,180,c814da02e7c77dd3,fraggle,False,uncertainty,8dee1464df987eed
RandomForest,uncertainty,31415,8,181,d260d49c12a5d31a,winnuke,False,uncertainty,265073984e786e49
RandomForest,uncertainty,31415,8,182,f1d3536167ec027b,smurf,False,uncertainty,8dee1464df987eed
RandomForest,uncertainty,31415,8,183,b1e673d9ed6a5092,smurf,False,uncertainty,8dee1464df987eed
RandomForest,uncertainty,31415,8,184,86090c712db3ee36,smurf,False,uncertainty,8dee1464df987eed
RandomForest,uncertainty,31415,8,185,08def5700389c597,ackflood,False,uncertainty,486ff73f149bb8ba
RandomForest,uncertainty,31415,8,186,33af5a45964e4ebd,fraggle,False,uncertainty,8dee1464df987eed
RandomForest,uncertainty,31415,8,187,f42321d2ab9b59da,teardrop,True,uncertainty,8dee1464df987eed
RandomForest,uncertainty,31415,8,188,0ff71c4cece35b66,smurf,False,uncertainty,8dee1464df987eed
RandomForest,uncertainty,31415,8,189,bc214ff82501e9de,fraggle,False,uncertainty,e49760fad684d512
RandomForest,uncertainty,31415,8,190,69787c0bf1813025,benign,False,uncertainty,383c2aafcbcfd3ba
RandomForest,uncertainty,31415,8,191,6b97b95f72e49a47,fraggle,False,uncertainty,adac96d89cc6f509
RandomForest,uncertainty,31415,8,192,80e5123dcf70ff81,benign,False,uncertainty,6943914414bfdd4c
RandomForest,uncertainty,31415,8,193,bd434d14ac35a9f0,fraggle,False,uncertainty,862b48b8e0bf2317
RandomForest,uncertainty,31415,8,194,28ca73f79c047097,benign,False,uncertainty,eeb2f11648658228
RandomForest,uncertainty,31415,8,195,e60e30f2049a1994,fraggle,False,uncertainty,6b9460e705b82c7e
RandomForest,uncertainty,31415,8,196,cab5dae47c95ce7e,benign,False,uncertainty,5bdac28169900b8d
RandomForest,uncertainty,31415,8,197,0ad59cf8e498bf42,benign,False,uncertainty,f61586e7f154590d
RandomForest,uncertainty,31415,8,198,562a8415ed69ba44,benign,False,uncertainty,0c1de42b165be72d
RandomForest,uncertainty,31415,8,199,2be22d2411603cb1,tcp,False,uncertainty,601ed47822cbb048
RandomForest,uncertainty,31415,8,200,483c01c71ed3696c,benign,False,uncertainty,c1657b18b21011b2
RandomForest,uncertainty,31415,9,201,3f0f04eccb1f5d70,fraggle,False,uncertainty,ed3bc2d39e945a90
RandomForest,uncertainty,31415,9,202,e077bdee718c95c5,benign,False,uncertainty,461a5166db033e1d
RandomForest,uncertainty,31415,9,203,708856d01333c64e,syn,False,uncertainty,eb1511166537477c
RandomForest,uncertainty,31415,9,204,92751cc0451bde95,synflood,False,uncertainty,eb1511166537477c
RandomForest,uncertainty,31415,9,205,e434ce624cd55a11,fraggle,False,uncertainty,461a5166db033e1d
RandomForest,uncertainty,31415,9,206,fba7a3e28014e955,benign,False,uncertainty,5cc2dd94211444f9
RandomForest,uncertainty,31415,9,207,df8a8f2d80186bb3,benign,False,uncertainty,1877380525324c3f
RandomForest,uncertainty,31415,9,208,98ebdfcddd6ae419,fraggle,False,uncertainty,461a5166db033e1d
RandomForest,uncertainty,31415,9,209,94724a2f63edaa35,synflood,False,uncertainty,57f645b96ea3394a
RandomForest,uncertainty,31415,9,210,f2190687ed729e29,benign,False,uncertainty,5cc2dd94211444f9
RandomForest,uncertainty,31415,9,211,133171c58216e0bf,benign,False,uncertainty,efd283da96ba28d3
RandomForest,uncertainty,31415,9,212,2a08114f2c2a0072,fraggle,False,uncertainty,1b5e1f2825ab894d
RandomForest,uncertainty,31415,9,213,2d179630619e2143,fraggle,False,uncertainty,e47f93de2de9e5d7
RandomForest,uncertainty,31415,9,214,c3c385d6f5cdc322,fraggle,False,uncertainty,e47f93de2de9e5d7
RandomForest,uncertainty,31415,9,215,bfeab9473ca2835d,ackpflood,True,uncertainty,4b0089386a1d46ec
RandomForest,uncertainty,31415,9,216,d3bac5a9e7162550,icmpflood,False,uncertainty,d9b9c9bc8c6404aa
RandomForest,uncertainty,31415,9,217,1cc7630f5239f505,fraggle,False,uncertainty,b865a4ba34af85ff
RandomForest,uncertainty,31415,9,218,48c31b00e31610d7,winnuke,False,uncertainty,45c143c427511552
RandomForest,uncertainty,31415,9,219,02aa5602537006dc,fraggle,False,uncertainty,f4315e349aa63da3
RandomForest,uncertainty,31415,9,220,a35dfdbb3e2e74d9,fraggle,False,uncertainty,89a9ded50a0ddfca
RandomForest,uncertainty,31415,9,221,6a0343a229b3ee4b,fraggle,False,uncertainty,e386e2b492837348
RandomForest,uncertainty,31415,9,222,64d239e9edb5982a,icmpflood,False,uncertainty,2567ba0bb30cb008
RandomForest,uncertainty,31415,9,223,ca5ca60c326e7824,benign,False,uncertainty,9fdedf2a858f86d4
RandomForest,uncertainty,31415,9,224,cb6d31c9fdf60fce,ackpflood,True,uncertainty,4ba9144a7ee6a55a
RandomForest,uncertainty,31415,9,225,f575454fbcfad702,winnuke,False,uncertainty,83c9ef62cd212abb
RandomForest,uncertainty,31415,10,226,3e35a1865292e559,fraggle,False,uncertainty,f22812baff9db0b4
RandomForest,uncertainty,31415,10,227,c97906bf58eba041,benign,False,uncertainty,d885854c7f6382e6
RandomForest,uncertainty,31415,10,228,a028a1641cf162c8,fraggle,False,uncertainty,e28ba5fd34ffca12
RandomForest,uncertainty,31415,10,229,f64be41e03c9e840,fraggle,False,uncertainty,3508d1e1930bcf24
RandomForest,uncertainty,31415,10,230,5b32c1e03f58e35a,benign,False,uncertainty,301004225cdb7d56
RandomForest,uncertainty,31415,10,231,5f032c6bb290025e,benign,False,uncertainty,834320f0b04bef32
RandomForest,uncertainty,31415,10,232,6df7a7cd99bdd5be,benign,False,uncertainty,9427ef0ae6719962
RandomForest,uncertainty,31415,10,233,c666928396411020,benign,False,uncertainty,834320f0b04bef32
RandomForest,uncertainty,31415,10,234,de37b5e26bdd5780,benign,False,uncertainty,15dcc322b61f05a2
RandomForest,uncertainty,31415,10,235,7b5e49e041dd3eaf,benign,False,uncertainty,9427ef0ae6719962
RandomForest,uncertainty,31415,10,236,3a859c766851c44a,benign,False,uncertainty,15dcc322b61f05a2
RandomForest,uncertainty,31415,10,237,7ee123dbcf3e2b79,winnuke,False,uncertainty,e28ba5fd34ffca12
RandomForest,uncertainty,31415,10,238,eac3ca2c6b9f754f,fraggle,False,uncertainty,e28ba5fd34ffca12
RandomForest,uncertainty,31415,10,239,0b6ff04dc863d637,benign,False,uncertainty,552f498dbc7e6732
RandomForest,uncertainty,31415,10,240,c7c9220ed2dddc9d,benign,False,uncertainty,d6d0e903e8e0adc2
RandomForest,uncertainty,31415,10,241,a6e1faad41df9efc,pingofdeath,False,uncertainty,02f30548bf4cc2f5
RandomForest,uncertainty,31415,10,242,a853057e38905df2,benign,False,uncertainty,e72200cb8fd168f2
RandomForest,uncertainty,31415,10,243,7d1fd1e9750a8d02,benign,False,uncertainty,15dcc322b61f05a2
RandomForest,uncertainty,31415,10,244,a88e975fdd55b1d5,benign,False,uncertainty,e72200cb8fd168f2
RandomForest,uncertainty,31415,10,245,1b43897158b5ff55,benign,False,uncertainty,0b329f50b54865d8
RandomForest,uncertainty,31415,10,246,be9483aca257fdae,benign,False,uncertainty,5d8d69c7649fe299
RandomForest,uncertainty,31415,10,247,bf8727f7522999fa,pingofdeath,False,uncertainty,02f30548bf4cc2f5
RandomForest,uncertainty,31415,10,248,44079a2c2c2d8ab3,fraggle,False,uncertainty,c5d5342a31360cb1
RandomForest,uncertainty,31415,10,249,910317833884691c,pingofdeath,False,uncertainty,e2e84cdc53389294
RandomForest,uncertainty,31415,10,250,90862497e95f6cbd,benign,False,uncertainty,e72200cb8fd168f2
RandomForest,uncertainty,31415,11,251,40be20a2da1845cf,ackflood,False,uncertainty,9cc2b15f1ce7108f
RandomForest,uncertainty,31415,11,252,d527f0204dda008d,syn,False,uncertainty,db6a3bc09743e34f
RandomForest,uncertainty,31415,11,253,0cc5729981739dcb,tcpfin1,False,uncertainty,b183d7e8f6fa04f5
RandomForest,uncertainty,31415,11,254,77dc0c6d20529823,syn,False,uncertainty,84ce6e49d66c1780
RandomForest,uncertainty,31415,11,255,50a8bad7a1b5073d,fraggle,False,uncertainty,874b3ea3d487c33d
RandomForest,uncertainty,31415,11,256,c903002bb9149e3f,smurf,False,uncertainty,efca77688b41a1f7
RandomForest,uncertainty,31415,11,257,3e0901e05352e917,routeip,False,uncertainty,874b3ea3d487c33d
RandomForest,uncertainty,31415,11,258,ede1ea3ccd72d0c9,ackflood,False,uncertainty,f1ab7d45fc653c5b
RandomForest,uncertainty,31415,11,259,36f0f8d4bfa98def,tcpall,False,uncertainty,72c51a0abba0da4c
RandomForest,uncertainty,31415,11,260,78b4ced3ef2c0219,tcp,False,uncertainty,a7bc33bad5124526
RandomForest,uncertainty,31415,11,261,b299f07081299e96,tcp,False,uncertainty,cff699df77a3ee4f
RandomForest,uncertainty,31415,11,262,558f1e12c84c9d9d,winnuke,False,uncertainty,2c0d2122dc98dc22
RandomForest,uncertainty,31415,11,263,c15c34dea1d85fe3,tcp,False,uncertainty,c659c29a5283ec68
RandomForest,uncertainty,31415,11,264,90d0f360db695ae5,winnuke,False,uncertainty,f6b4291e8cdb3a0f
RandomForest,uncertainty,31415,11,265,690b14d8daa88f8f,benign,False,uncertainty,f5412b241f954994
RandomForest,uncertainty,31415,11,266,aaafbd1f71023e84,teardrop,True,uncertainty,cf8cf06ce0e7cada
RandomForest,uncertainty,31415,11,267,63c473e0aaa8bb72,tcp,False,uncertainty,1e605f6d96d4f90f
RandomForest,uncertainty,31415,11,268,95a61a7bb871b191,benign,False,uncertainty,85bbc49c12c0fb12
RandomForest,uncertainty,31415,11,269,a19a36661d1c8fd0,tcpfin1,False,uncertainty,3c0b38c8dbf829f2
RandomForest,uncertainty,31415,11,270,e80f8a56c78974d9,benign,False,uncertainty,48786b9df9541494
RandomForest,uncertainty,31415,11,271,22f9beaf86ea9f83,fraggle,False,uncertainty,4d3baa045201d5f2
RandomForest,uncertainty,31415,11,272,cd346594988f5808,ackflood,False,uncertainty,0572fb06e8f48c44
RandomForest,uncertainty,31415,11,273,3de85ee27bbc9e7d,icmpbig,False,uncertainty,3e9225f2c11e7cba
RandomForest,uncertainty,31415,11,274,93a2a93df99404ee,ackflood,False,uncertainty,4595750146c129d8
RandomForest,uncertainty,31415,11,275,c8ff3d3726a9253f,benign,False,uncertainty,29e8fc014fedb81a
RandomForest,uncertainty,31415,12,276,492b64a2268f4047,ackflood,False,uncertainty,5481a65984e054af
RandomForest,uncertainty,31415,12,277,6db926dd817240d3,ackflood,False,uncertainty,98cf5d7ecc49e274
RandomForest,uncertainty,31415,12,278,260bdf50ae1ee1df,teardrop,True,uncertainty,e2e84cdc53389294
RandomForest,uncertainty,31415,12,279,54ddf2caa7c4b668,teardrop,True,uncertainty,e2e84cdc53389294
RandomForest,uncertainty,31415,12,280,ecd3715069f6cd09,teardrop,True,uncertainty,02f30548bf4cc2f5
RandomForest,uncertainty,31415,12,281,74e4bf6d0c4a23ff,ackflood,False,uncertainty,1382b6baa46edb46
RandomForest,uncertainty,31415,12,282,674c7a999485d8b7,winnuke,False,uncertainty,8f44a3eb6db9414e
RandomForest,uncertainty,31415,12,283,c2746cd1cafd4036,teardrop,True,uncertainty,02f30548bf4cc2f5
RandomForest,uncertainty,31415,12,284,2bf521867ec2b8b5,winnuke,False,uncertainty,8d18e37fc0aaa106
RandomForest,uncertainty,31415,12,285,c9da29b6162ea537,winnuke,False,uncertainty,8d18e37fc0aaa106
RandomForest,uncertainty,31415,12,286,c28fbc90876bacec,ackflood,False,uncertainty,d2e5c981f2c4e445
RandomForest,uncertainty,31415,12,287,41c761cdbf1af6d1,winnuke,False,uncertainty,8d18e37fc0aaa106
RandomForest,uncertainty,31415,12,288,54d493d5a9eea84f,ackflood,False,uncertainty,dc66728d1843dd85
RandomForest,uncertainty,31415,12,289,c18a4dfcaa808195,winnuke,False,uncertainty,63b396b6000b28b7
RandomForest,uncertainty,31415,12,290,710e78f62108fd73,winnuke,False,uncertainty,edc8ef63663c9fbc
RandomForest,uncertainty,31415,12,291,769fabca48254a46,ackflood,False,uncertainty,6c8eb23c8610faad
RandomForest,uncertainty,31415,12,292,811eea2a4ea30ca5,smurf,False,uncertainty,cb9c8c0d11dac69d
RandomForest,uncertainty,31415,12,293,bda64a3abd9b5730,ackflood,False,uncertainty,89a814f2f601e66e
RandomForest,uncertainty,31415,12,294,58a4c6528e45e044,ackflood,False,uncertainty,104a8bdcca25ed09
RandomForest,uncertainty,31415,12,295,f265cf5fc56af860,ackflood,False,uncertainty,daff587e32afcc57
RandomForest,uncertainty,31415,12,296,34211a9f5767a7c9,ackflood,False,uncertainty,7798fa9fbb5c421f
RandomForest,uncertainty,31415,12,297,c1cd4bb4efb3aa33,ackflood,False,uncertainty,6d57eea3238788c8
RandomForest,uncertainty,31415,12,298,64c05e8dc8a413ac,winnuke,False,uncertainty,8d18e37fc0aaa106
RandomForest,uncertainty,31415,12,299,4df22271fc9d5ecc,ackflood,False,uncertainty,7ded9ed96bdeeae0
RandomForest,uncertainty,31415,12,300,23697c7575399523,ackflood,False,uncertainty,6cefa3a24a8f7f92
RandomForest,hybrid_open_set,31415,1,1,94e2114f1fb7478b,land,True,novelty,1fb8b2e54d539a4d
RandomForest,hybrid_open_set,31415,1,2,099af2817ebb8f51,benign,False,novelty,e19d2c140ff93df5
RandomForest,hybrid_open_set,31415,1,3,b7309366ed4bb992,benign,False,novelty,3a02ccc66cba9786
RandomForest,hybrid_open_set,31415,1,4,2cbad41a10c2a95b,benign,False,novelty,d67f702cc89c75ce
RandomForest,hybrid_open_set,31415,1,5,ac3efd71c723d295,benign,False,novelty,2eea8e33a603cd42
RandomForest,hybrid_open_set,31415,1,6,14af6dc797df73a7,teardrop,True,novelty,5a37c11e5f09a86f
RandomForest,hybrid_open_set,31415,1,7,8189bc62c0e61085,icmpflood,False,novelty,40ed18d30a3f3f94
RandomForest,hybrid_open_set,31415,1,8,9464bcec83e957b6,benign,False,novelty,7dc77872ba86d2d6
RandomForest,hybrid_open_set,31415,1,9,0e66a2c69dd17e02,benign,False,novelty,ad6a845b78f22370
RandomForest,hybrid_open_set,31415,1,10,c9aff442468e7a17,ackflood,False,novelty,d67bfa3ff144dba1
RandomForest,hybrid_open_set,31415,1,11,61954580b606df42,fraggle,False,novelty,96fdc335141560d4
RandomForest,hybrid_open_set,31415,1,12,7bb96bd8e11f6f46,land,True,novelty,654556dfa59443af
RandomForest,hybrid_open_set,31415,1,13,e420e2720a655f55,benign,False,novelty,06f5ae7c9ab3d31e
RandomForest,hybrid_open_set,31415,1,14,c6ae0268950fea6f,smurf,False,novelty,c3332b4f4eb2e03a
RandomForest,hybrid_open_set,31415,1,15,a494c18e61e84d68,land,True,uncertainty,11ca897764624b71
RandomForest,hybrid_open_set,31415,1,16,2e2da1aae652644c,land,True,uncertainty,1379c5ba91c02310
RandomForest,hybrid_open_set,31415,1,17,8486cc03b3990ce7,fraggle,False,uncertainty,5a65026acc1ff666
RandomForest,hybrid_open_set,31415,1,18,018696b0b203ba12,fraggle,False,uncertainty,53019c3d703ed940
RandomForest,hybrid_open_set,31415,1,19,17bbb46358a86d39,land,True,uncertainty,11ca897764624b71
RandomForest,hybrid_open_set,31415,1,20,ca4b2a394df2d1f2,land,True,uncertainty,11ca897764624b71
RandomForest,hybrid_open_set,31415,1,21,00a312751d884573,land,True,uncertainty,11ca897764624b71
RandomForest,hybrid_open_set,31415,1,22,ce20972b8663d766,land,True,uncertainty,11ca897764624b71
RandomForest,hybrid_open_set,31415,1,23,a2ba91ee239b4a74,syn,False,random,91a24eb6dfa53e45
RandomForest,hybrid_open_set,31415,1,24,f7e1759199c9e6b8,winnuke,False,random,3b38ffd1115ba2cb
RandomForest,hybrid_open_set,31415,1,25,1dd046b75782a8b1,fraggle,False,random,bd9ae365037c9652
RandomForest,hybrid_open_set,31415,2,26,e7cfe6ee54c4a23e,teardrop,True,expansion,7409c11e289a47aa
RandomForest,hybrid_open_set,31415,2,27,6246b4f83069ce2e,land,True,expansion,11ca897764624b71
RandomForest,hybrid_open_set,31415,2,28,d44a502eb7367262,smurf,False,expansion,77b0253fe462c2ed
RandomForest,hybrid_open_set,31415,2,29,ff1a78a87285ae81,teardrop,True,expansion,a8d86269e5cbaa82
RandomForest,hybrid_open_set,31415,2,30,9fee40326355275f,teardrop,True,expansion,c467981fa0a38bdc
RandomForest,hybrid_open_set,31415,2,31,602be262a376a56d,teardrop,True,expansion,9ad199805828433e
RandomForest,hybrid_open_set,31415,2,32,769f37ee27f324ac,teardrop,True,expansion,47f813adaf2ee0cf
RandomForest,hybrid_open_set,31415,2,33,01a03c1beabbb547,benign,False,novelty,8879f3a3fa616653
RandomForest,hybrid_open_set,31415,2,34,ff23fd0bfe9ef291,benign,False,novelty,81d9d3ed483f04a0
RandomForest,hybrid_open_set,31415,2,35,134e231f9f9a5ead,routeip,False,novelty,7480dec5eaacca58
RandomForest,hybrid_open_set,31415,2,36,ae497d88254e1439,benign,False,novelty,fa536be7895ca4a6
RandomForest,hybrid_open_set,31415,2,37,733b66e6c1d5cebb,winnuke,False,novelty,0c6c98b9dbb1dcf5
RandomForest,hybrid_open_set,31415,2,38,4a9421651a364a6d,icmpflood,False,novelty,7b7b7944f49c1c00
RandomForest,hybrid_open_set,31415,2,39,5f27ab131913a240,synflood,False,novelty,ecaf5550ee21b51e
RandomForest,hybrid_open_set,31415,2,40,ab48c4873ad28180,smurf,False,uncertainty,49fcf6252a0c1c58
RandomForest,hybrid_open_set,31415,2,41,02c5a3b1353e1713,benign,False,uncertainty,738c5aa824ad8fd6
RandomForest,hybrid_open_set,31415,2,42,26345f5c7341b7df,land,True,uncertainty,3b6e34b87aba8d44
RandomForest,hybrid_open_set,31415,2,43,c07c176bec8dfbde,benign,False,uncertainty,3f8a2a1879b8dccd
RandomForest,hybrid_open_set,31415,2,44,811eea2a4ea30ca5,smurf,False,uncertainty,cb9c8c0d11dac69d
RandomForest,hybrid_open_set,31415,2,45,9b74f11d44c75253,winnuke,False,uncertainty,73832a19c6f3d45a
RandomForest,hybrid_open_set,31415,2,46,40e272a720aa634c,synflood,False,uncertainty,1350f94160988962
RandomForest,hybrid_open_set,31415,2,47,8c20dd959516e353,benign,False,uncertainty,2275dcaa42616486
RandomForest,hybrid_open_set,31415,2,48,92ecb60a565d1cb0,icmpflood,False,random,081b2c49eb201711
RandomForest,hybrid_open_set,31415,2,49,8c51a1c0ee890d00,synflood,False,random,e6c6a18a8d709a14
RandomForest,hybrid_open_set,31415,2,50,1afceab4c7190805,benign,False,random,29cc6703702bf350
RandomForest,hybrid_open_set,31415,3,51,d74c7ed0fd62c3a9,teardrop,True,expansion,c11110b107945ad1
RandomForest,hybrid_open_set,31415,3,52,b632f8d568f2a276,land,True,expansion,11ca897764624b71
RandomForest,hybrid_open_set,31415,3,53,eecb7a5bbf643dc6,teardrop,True,expansion,7409c11e289a47aa
RandomForest,hybrid_open_set,31415,3,54,9862c997074ed38f,teardrop,True,expansion,74a345693602c106
RandomForest,hybrid_open_set,31415,3,55,99fec63f1693e68d,teardrop,True,expansion,47f813adaf2ee0cf
RandomForest,hybrid_open_set,31415,3,56,89e761b8bdf962aa,teardrop,True,expansion,c467981fa0a38bdc
RandomForest,hybrid_open_set,31415,3,57,6b1890d1fcd41357,teardrop,True,expansion,f3a9ca77aa994aa6
RandomForest,hybrid_open_set,31415,3,58,d3f53cd2364aeae9,benign,False,novelty,5777838def6d12b4
RandomForest,hybrid_open_set,31415,3,59,8b87db443297005c,ackflood,False,novelty,d67c79895ba7cc13
RandomForest,hybrid_open_set,31415,3,60,8ee71c5cc34fd0c8,icmpflood,False,novelty,c3fc10e1c5b7a0eb
RandomForest,hybrid_open_set,31415,3,61,6fc657ba60b13a67,winnuke,False,novelty,4edcd0058de847f0
RandomForest,hybrid_open_set,31415,3,62,e79e50fac6ff6e55,winnuke,False,novelty,7daaa67bff760fe8
RandomForest,hybrid_open_set,31415,3,63,0089e3e38b16c370,benign,False,novelty,6f9deb649c629366
RandomForest,hybrid_open_set,31415,3,64,75166a8254a7475e,tcpfin1,False,novelty,92f09f3203ea97de
RandomForest,hybrid_open_set,31415,3,65,ee3456c94b1eca0f,ackpflood,True,uncertainty,e0beecf3b3b8b78c
RandomForest,hybrid_open_set,31415,3,66,78748743c96086ba,benign,False,uncertainty,a93305badcf82230
RandomForest,hybrid_open_set,31415,3,67,659f87b94b8dae95,smurf,False,uncertainty,40c6004a07e71a22
RandomForest,hybrid_open_set,31415,3,68,638c2667af4508fb,winnuke,False,uncertainty,bc8db81ffe11fefa
RandomForest,hybrid_open_set,31415,3,69,abbd133c3c0ab4e2,land,True,uncertainty,ccfb10c2ea227cb4
RandomForest,hybrid_open_set,31415,3,70,4a3e87564a35c312,fraggle,False,uncertainty,7925809c55ca09a2
RandomForest,hybrid_open_set,31415,3,71,82ec16f0cbc372aa,winnuke,False,uncertainty,67477dfdcdb3e77c
RandomForest,hybrid_open_set,31415,3,72,af9976f408a02fa3,benign,False,uncertainty,ccba565cbcdef643
RandomForest,hybrid_open_set,31415,3,73,4dfdc595e219719f,icmpbig,False,random,bf640f01d7d74bf6
RandomForest,hybrid_open_set,31415,3,74,c1e0836777aef866,syn,False,random,9b58eb4ca28cad6b
RandomForest,hybrid_open_set,31415,3,75,8631ac515abf1761,benign,False,random,776ec942e2c875cf
RandomForest,hybrid_open_set,31415,4,76,410caeb57b607213,ackpflood,True,expansion,811ae939f0302bde
RandomForest,hybrid_open_set,31415,4,77,4ad8b38b40428371,teardrop,True,expansion,9ad199805828433e
RandomForest,hybrid_open_set,31415,4,78,0eff745e67071c3c,land,True,expansion,11ca897764624b71
RandomForest,hybrid_open_set,31415,4,79,fbc40ac450e4b1fb,winnuke,False,expansion,a237f4e09064dca0
RandomForest,hybrid_open_set,31415,4,80,1d130ef8f31e283a,tcpall,False,expansion,34ef57a4eef0d472
RandomForest,hybrid_open_set,31415,4,81,0df6a8957bcafac9,benign,False,expansion,027048a82304685c
RandomForest,hybrid_open_set,31415,4,82,99c9f29dfe7dd8de,ackpflood,True,expansion,e0beecf3b3b8b78c
RandomForest,hybrid_open_set,31415,4,83,b9e2d98868b99b23,icmpbig,False,novelty,5de337857f5df8ab
RandomForest,hybrid_open_set,31415,4,84,d37a1c8534f3e102,winnuke,False,novelty,9456e62541c97768
RandomForest,hybrid_open_set,31415,4,85,9c5cd9ccaf74c9f3,benign,False,novelty,9347acdf3633cbde
RandomForest,hybrid_open_set,31415,4,86,92751cc0451bde95,synflood,False,novelty,eb1511166537477c
RandomForest,hybrid_open_set,31415,4,87,b2658ac833710ebc,teardrop,True,novelty,1ffd644dd4339063
RandomForest,hybrid_open_set,31415,4,88,5cdaf3c1ac1244a1,benign,False,novelty,419f31cad1d6d02b
RandomForest,hybrid_open_set,31415,4,89,28c8fca2760dbf9c,icmpflood,False,novelty,1118aa5c3f9353ce
RandomForest,hybrid_open_set,31415,4,90,bfeab9473ca2835d,ackpflood,True,uncertainty,4b0089386a1d46ec
RandomForest,hybrid_open_set,31415,4,91,3893123ea7f40f8e,benign,False,uncertainty,11a81c3428d1fe5b
RandomForest,hybrid_open_set,31415,4,92,0506c3f75dbc40a2,benign,False,uncertainty,a9725501bb249177
RandomForest,hybrid_open_set,31415,4,93,f7450320dfd60735,benign,False,uncertainty,de785f8162213d8a
RandomForest,hybrid_open_set,31415,4,94,014c94f0a6b6e652,ackpflood,True,uncertainty,bd510951eca832d9
RandomForest,hybrid_open_set,31415,4,95,4a0ae5ccb6ba9c23,benign,False,uncertainty,416163d46be4405c
RandomForest,hybrid_open_set,31415,4,96,54afbac0aa567d89,benign,False,uncertainty,efe29253c4b03657
RandomForest,hybrid_open_set,31415,4,97,4cc910f14f5de673,ackpflood,True,uncertainty,a1cb362fa310338d
RandomForest,hybrid_open_set,31415,4,98,ffc3b479cd497a8c,routeip,False,random,753bbc2687bc83bf
RandomForest,hybrid_open_set,31415,4,99,41ed4afc8ed69d41,synflood,False,random,503b01356b9af867
RandomForest,hybrid_open_set,31415,4,100,9b31907228b8ece6,winnuke,False,random,c70be21093f3c2fc
RandomForest,hybrid_open_set,31415,5,101,60000e6ecb5d4f8c,ackpflood,True,expansion,811ae939f0302bde
RandomForest,hybrid_open_set,31415,5,102,b78d90f9b6d95f9d,teardrop,True,expansion,c467981fa0a38bdc
RandomForest,hybrid_open_set,31415,5,103,0a5f92c01ff337fc,land,True,expansion,11ca897764624b71
RandomForest,hybrid_open_set,31415,5,104,049c10572f32aa26,ackpflood,True,expansion,63de70e0886d565d
RandomForest,hybrid_open_set,31415,5,105,332e880db23332f7,ackpflood,True,expansion,bd510951eca832d9
RandomForest,hybrid_open_set,31415,5,106,2709dc8113f5b47f,ackpflood,True,expansion,a1cb362fa310338d
RandomForest,hybrid_open_set,31415,5,107,27839e7c1e0b8980,teardrop,True,expansion,c11110b107945ad1
RandomForest,hybrid_open_set,31415,5,108,d033c32ac23d880b,fraggle,False,novelty,e47f93de2de9e5d7
RandomForest,hybrid_open_set,31415,5,109,a486e8baafb1baa2,syn,False,novelty,a5577f91d8c1e2b8
RandomForest,hybrid_open_set,31415,5,110,e3d63718e2d7d071,routeip,False,novelty,51961f61f893561d
RandomForest,hybrid_open_set,31415,5,111,0210cffddad1f672,benign,False,novelty,334a3235c3c1e237
RandomForest,hybrid_open_set,31415,5,112,73a05957894fb779,icmpflood,False,novelty,46987c803f654b8d
RandomForest,hybrid_open_set,31415,5,113,4001e0f089826225,syn,False,novelty,9fa6b2583d03ccd9
RandomForest,hybrid_open_set,31415,5,114,e745321373822a59,tcpall,False,novelty,a042edc49b2eb6c6
RandomForest,hybrid_open_set,31415,5,115,57cf4d79b792af0a,fraggle,False,uncertainty,3b61be8d56279b8f
RandomForest,hybrid_open_set,31415,5,116,4084c475a8a664de,winnuke,False,uncertainty,ae55d9c970e1c2ea
RandomForest,hybrid_open_set,31415,5,117,4203f589cc2fdbcf,ackflood,False,uncertainty,1382b6baa46edb46
RandomForest,hybrid_open_set,31415,5,118,90d40666d890bca7,fraggle,False,uncertainty,265073984e786e49
RandomForest,hybrid_open_set,31415,5,119,1720fd60aebccfbd,fraggle,False,uncertainty,243f1fe28211fc1b
RandomForest,hybrid_open_set,31415,5,120,734972196a2dd18d,benign,False,uncertainty,dd68a43d9a6bc810
RandomForest,hybrid_open_set,31415,5,121,814b2fcddd378096,smurf,False,uncertainty,95db30122aceb845
RandomForest,hybrid_open_set,31415,5,122,24b7b66546f1c075,ackflood,False,uncertainty,6d7f56a3f314dab8
RandomForest,hybrid_open_set,31415,5,123,95eb1ef1359641f2,icmpbig,False,random,11ef2328aebbae9a
RandomForest,hybrid_open_set,31415,5,124,d7d81d24fca2df74,fraggle,False,random,add455247e14b58f
RandomForest,hybrid_open_set,31415,5,125,ca2afcbee03abac5,benign,False,random,d388cabadc766fa8
RandomForest,hybrid_open_set,31415,6,126,2d1d4e8fa330f0ad,ackpflood,True,expansion,bd510951eca832d9
RandomForest,hybrid_open_set,31415,6,127,7f2666d05dde9669,teardrop,True,expansion,47f813adaf2ee0cf
RandomForest,hybrid_open_set,31415,6,128,e1bcc9d5b4913686,land,True,expansion,11ca897764624b71
RandomForest,hybrid_open_set,31415,6,129,65937bbf8cb6f733,ackpflood,True,expansion,811ae939f0302bde
RandomForest,hybrid_open_set,31415,6,130,f5c72a1887363ba6,ackpflood,True,expansion,4bb765e024664e6e
RandomForest,hybrid_open_set,31415,6,131,2651eb8acce6d1e2,teardrop,True,expansion,c467981fa0a38bdc
RandomForest,hybrid_open_set,31415,6,132,d934cbbc72022ff7,teardrop,True,expansion,74a345693602c106
RandomForest,hybrid_open_set,31415,6,133,3206f627773e5543,benign,False,novelty,641d11e14e6fd545
RandomForest,hybrid_open_set,31415,6,134,5a89dbfdae2a0192,syn,False,novelty,4a74cd802171bbc5
RandomForest,hybrid_open_set,31415,6,135,d480a2695cd52f22,teardrop,True,novelty,7cecb613b244b05d
RandomForest,hybrid_open_set,31415,6,136,a6f51b7d158e3bcb,routeip,False,novelty,2515f18b2b52d6e2
RandomForest,hybrid_open_set,31415,6,137,3bb2e1c9eeace4f8,icmpflood,False,novelty,414b96fbbd01c62d
RandomForest,hybrid_open_set,31415,6,138,605dc2db852ca276,routeip,False,novelty,c82799081b132cab
RandomForest,hybrid_open_set,31415,6,139,94af0fd310b23361,benign,False,novelty,631f90f9121857a2
RandomForest,hybrid_open_set,31415,6,140,8f0066f124d049ae,ackflood,False,uncertainty,15afbdd04eebb2d1
RandomForest,hybrid_open_set,31415,6,141,df258aca899bfb1d,benign,False,uncertainty,e316b95a6ea31d43
RandomForest,hybrid_open_set,31415,6,142,22f9beaf86ea9f83,fraggle,False,uncertainty,4d3baa045201d5f2
RandomForest,hybrid_open_set,31415,6,143,be9483aca257fdae,benign,False,uncertainty,5d8d69c7649fe299
RandomForest,hybrid_open_set,31415,6,144,098ad6f9a251307c,benign,False,uncertainty,020fd876186249ed
RandomForest,hybrid_open_set,31415,6,145,1dbe1b35fa1c06df,benign,False,uncertainty,259eb5c9f2152cf4
RandomForest,hybrid_open_set,31415,6,146,deededeac2acec29,tcpall,False,uncertainty,270dd1a8adf0d6e3
RandomForest,hybrid_open_set,31415,6,147,851cac88fa945f25,ackflood,False,uncertainty,dc92b393de533c62
RandomForest,hybrid_open_set,31415,6,148,15d59c1d0e17afd0,synflood,False,random,e8ff537063f2d506
RandomForest,hybrid_open_set,31415,6,149,270089623865e589,winnuke,False,random,b04c8d6be5f2c8df
RandomForest,hybrid_open_set,31415,6,150,6493b971c7d3e63d,benign,False,random,278975cbcaa57107
RandomForest,hybrid_open_set,31415,7,151,d0787a95aa3a5810,ackpflood,True,expansion,bd510951eca832d9
RandomForest,hybrid_open_set,31415,7,152,f7b4576828bb393e,teardrop,True,expansion,74a345693602c106
RandomForest,hybrid_open_set,31415,7,153,36594fecf7f87a88,land,True,expansion,11ca897764624b71
RandomForest,hybrid_open_set,31415,7,154,67107fa5843db8a4,ackpflood,True,expansion,811ae939f0302bde
RandomForest,hybrid_open_set,31415,7,155,34427163e7c7056b,ackpflood,True,expansion,4bb765e024664e6e
RandomForest,hybrid_open_set,31415,7,156,440b85b34fbd93f9,teardrop,True,expansion,c11110b107945ad1
RandomForest,hybrid_open_set,31415,7,157,e22694f9727dfa72,teardrop,True,expansion,7409c11e289a47aa
RandomForest,hybrid_open_set,31415,7,158,03ba6f042248b2ca,icmpbig,False,novelty,bf640f01d7d74bf6
RandomForest,hybrid_open_set,31415,7,159,ed759d35e11827f5,tcp,False,novelty,80efe8589e00e213
RandomForest,hybrid_open_set,31415,7,160,a162eec6c50f3dd9,fraggle,False,novelty,fd4a5dc3ba6dcdc5
RandomForest,hybrid_open_set,31415,7,161,a00e58be1dab7891,benign,False,novelty,b6cafb9e07b8cf11
RandomForest,hybrid_open_set,31415,7,162,e5465fde86e0e627,synflood,False,novelty,99b949009a70a290
RandomForest,hybrid_open_set,31415,7,163,6f857f870d977f90,icmpbig,False,novelty,5c3695166350c328
RandomForest,hybrid_open_set,31415,7,164,eb65d77d96317a81,benign,False,novelty,19bd72f5569f0827
RandomForest,hybrid_open_set,31415,7,165,79149a8689eccda8,benign,False,uncertainty,2275dcaa42616486
RandomForest,hybrid_open_set,31415,7,166,54f6082e618a60e0,smurf,False,uncertainty,c3680e056a5d8c54
RandomForest,hybrid_open_set,31415,7,167,9c22dd7457fc78a0,icmpflood,False,uncertainty,03a7a5045e91dd22
RandomForest,hybrid_open_set,31415,7,168,6c01d798142cd576,synflood,False,uncertainty,e7000593c3dc2f16
RandomForest,hybrid_open_set,31415,7,169,710e78f62108fd73,winnuke,False,uncertainty,edc8ef63663c9fbc
RandomForest,hybrid_open_set,31415,7,170,a75223b2c7578ca6,winnuke,False,uncertainty,0aba3271a4a21a95
RandomForest,hybrid_open_set,31415,7,171,faa0b2deccbd5202,winnuke,False,uncertainty,9947cad07cf2e6ef
RandomForest,hybrid_open_set,31415,7,172,cea79607e84bbe29,benign,False,uncertainty,e99a6e6275a13160
RandomForest,hybrid_open_set,31415,7,173,bffa9683565564b3,fraggle,False,random,642a9e5734ce9fab
RandomForest,hybrid_open_set,31415,7,174,1de7c19d387e247b,icmpflood,False,random,958e1ee5da37e926
RandomForest,hybrid_open_set,31415,7,175,add67237ce27680a,routeip,False,random,753bbc2687bc83bf
RandomForest,hybrid_open_set,31415,8,176,950999a5857fe0e3,land,True,expansion,11ca897764624b71
RandomForest,hybrid_open_set,31415,8,177,ea68bfedf56f6992,ackpflood,True,expansion,bd510951eca832d9
RandomForest,hybrid_open_set,31415,8,178,355671511cbdcb09,teardrop,True,expansion,74a345693602c106
RandomForest,hybrid_open_set,31415,8,179,4bf52cbaa9bfa6d4,ackpflood,True,expansion,4bb765e024664e6e
RandomForest,hybrid_open_set,31415,8,180,4dccf60be9fc6db0,teardrop,True,expansion,7409c11e289a47aa
RandomForest,hybrid_open_set,31415,8,181,120a3ee4aeed03ff,teardrop,True,expansion,c467981fa0a38bdc
RandomForest,hybrid_open_set,31415,8,182,723d84a9c94e629f,teardrop,True,expansion,47f813adaf2ee0cf
RandomForest,hybrid_open_set,31415,8,183,3f9e55609523e2da,benign,False,novelty,2211b71c76117024
RandomForest,hybrid_open_set,31415,8,184,512258be8afa4284,syn,False,novelty,e1c7428d5bdc3169
RandomForest,hybrid_open_set,31415,8,185,0480d424b5a178e9,benign,False,novelty,0afca7c6fbffbc36
RandomForest,hybrid_open_set,31415,8,186,3c4883dab385b867,benign,False,novelty,d660f88b1530cda0
RandomForest,hybrid_open_set,31415,8,187,18dbde1d2d7e902a,land,True,novelty,060128a0ee4f18f3
RandomForest,hybrid_open_set,31415,8,188,18adf99b5b54cd15,benign,False,novelty,f1c31834b9dc66f7
RandomForest,hybrid_open_set,31415,8,189,dca96636a249413b,routeip,False,novelty,9e1fd3fcec7f962e
RandomForest,hybrid_open_set,31415,8,190,18dedfd49d411e1c,synflood,False,uncertainty,d0e6647e8c1f7a51
RandomForest,hybrid_open_set,31415,8,191,90d0f360db695ae5,winnuke,False,uncertainty,f6b4291e8cdb3a0f
RandomForest,hybrid_open_set,31415,8,192,50a8bad7a1b5073d,fraggle,False,uncertainty,874b3ea3d487c33d
RandomForest,hybrid_open_set,31415,8,193,df0b5ca9a48ca7d0,winnuke,False,uncertainty,2b8adb0185418bbf
RandomForest,hybrid_open_set,31415,8,194,a385d3fcaa130cd6,tcpall,False,uncertainty,c946f18387edcc93
RandomForest,hybrid_open_set,31415,8,195,d527f0204dda008d,syn,False,uncertainty,db6a3bc09743e34f
RandomForest,hybrid_open_set,31415,8,196,8905b499a71533c3,fraggle,False,uncertainty,d64ebe3024c9d111
RandomForest,hybrid_open_set,31415,8,197,7f9738eb11fd2de5,benign,False,uncertainty,06c1b16514c005b3
RandomForest,hybrid_open_set,31415,8,198,f5e541a67b939a54,icmpflood,False,random,095d679f9cbf9464
RandomForest,hybrid_open_set,31415,8,199,44da14d49327ecc7,syn,False,random,9b58eb4ca28cad6b
RandomForest,hybrid_open_set,31415,8,200,1c7ff74ca8db39ed,pingofdeath,False,random,6b03ea178997e792
RandomForest,hybrid_open_set,31415,9,201,17099447b0c81db7,teardrop,True,expansion,7409c11e289a47aa
RandomForest,hybrid_open_set,31415,9,202,f3129c6fe8ac2de6,ackpflood,True,expansion,bd510951eca832d9
RandomForest,hybrid_open_set,31415,9,203,156cb23e3a96c0fb,land,True,expansion,11ca897764624b71
RandomForest,hybrid_open_set,31415,9,204,0d41ca399cb7e882,ackpflood,True,expansion,a1cb362fa310338d
RandomForest,hybrid_open_set,31415,9,205,df11d8c2142f4337,ackpflood,True,expansion,4bb765e024664e6e
RandomForest,hybrid_open_set,31415,9,206,82fa8866970be43c,teardrop,True,expansion,9ad199805828433e
RandomForest,hybrid_open_set,31415,9,207,aa4a57ef92b21789,teardrop,True,expansion,c11110b107945ad1
RandomForest,hybrid_open_set,31415,9,208,d66035c4dea836b6,benign,False,novelty,64b38daae1b3fec0
RandomForest,hybrid_open_set,31415,9,209,81e45aef63aee0c1,benign,False,novelty,9c1090710d25c82e
RandomForest,hybrid_open_set,31415,9,210,e259750f55e01a3e,benign,False,novelty,3acd030a3b061db3
RandomForest,hybrid_open_set,31415,9,211,1aba3d0e773942fb,benign,False,novelty,9347acdf3633cbde
RandomForest,hybrid_open_set,31415,9,212,fd128d7419daec28,pingofdeath,False,novelty,97b1a2b42a8f87ec
RandomForest,hybrid_open_set,31415,9,213,85ff06ed54b06b11,tcp,False,novelty,5ddeea1e41328631
RandomForest,hybrid_open_set,31415,9,214,dca725de6f35cdb2,tcp,False,novelty,50ddf0aae9d8a792
RandomForest,hybrid_open_set,31415,9,215,853a540e08c7340c,ackflood,False,uncertainty,77afad4d20651ab6
RandomForest,hybrid_open_set,31415,9,216,93a2a93df99404ee,ackflood,False,uncertainty,4595750146c129d8
RandomForest,hybrid_open_set,31415,9,217,cf219dc01b5a0f44,pingofdeath,False,uncertainty,8dee1464df987eed
RandomForest,hybrid_open_set,31415,9,218,4ee0c3f398caad4d,benign,False,uncertainty,3b9d155d2bb2bfda
RandomForest,hybrid_open_set,31415,9,219,c2d6b5357daf0e66,winnuke,False,uncertainty,bc6c827eb16f7c9e
RandomForest,hybrid_open_set,31415,9,220,7f54b67461406b38,benign,False,uncertainty,81a7db8e2a7992e9
RandomForest,hybrid_open_set,31415,9,221,0cc5729981739dcb,tcpfin1,False,uncertainty,b183d7e8f6fa04f5
RandomForest,hybrid_open_set,31415,9,222,5dbb9d7c6e48066f,tcp,False,uncertainty,1e164be85ffb711e
RandomForest,hybrid_open_set,31415,9,223,2fe6c1ee274f5aee,smurf,False,random,4614ba434a2c3470
RandomForest,hybrid_open_set,31415,9,224,26429f9c3db859d4,tcp,False,random,041bf9c2b20075af
RandomForest,hybrid_open_set,31415,9,225,9f71ddf0d5b5ecfb,tcpall,False,random,6d190f0ade234a41
RandomForest,hybrid_open_set,31415,10,226,724e0dcc3147d35c,ackpflood,True,expansion,811ae939f0302bde
RandomForest,hybrid_open_set,31415,10,227,cb0e119e26440bf9,teardrop,True,expansion,74a345693602c106
RandomForest,hybrid_open_set,31415,10,228,fa51c71d1e5c52e6,land,True,expansion,11ca897764624b71
RandomForest,hybrid_open_set,31415,10,229,86c7f11f4b3ce57b,ackpflood,True,expansion,4bb765e024664e6e
RandomForest,hybrid_open_set,31415,10,230,588b6cd12913e39d,teardrop,True,expansion,c467981fa0a38bdc
RandomForest,hybrid_open_set,31415,10,231,377ad09cfcdb6ee2,teardrop,True,expansion,47f813adaf2ee0cf
RandomForest,hybrid_open_set,31415,10,232,75b3be6f3e41a408,teardrop,True,expansion,c11110b107945ad1
RandomForest,hybrid_open_set,31415,10,233,14a0abbd92f13ddf,benign,False,novelty,5570e2392c353ac6
RandomForest,hybrid_open_set,31415,10,234,45e516492f28db26,benign,False,novelty,5f4c7ba49bfc005a
RandomForest,hybrid_open_set,31415,10,235,b74db85d73c2eeed,winnuke,False,novelty,dee191182b336bcb
RandomForest,hybrid_open_set,31415,10,236,8e52ca708d156c94,tcp,False,novelty,50ddf0aae9d8a792
RandomForest,hybrid_open_set,31415,10,237,e4bc9397fd76ec16,routeip,False,novelty,7480dec5eaacca58
RandomForest,hybrid_open_set,31415,10,238,6134b5ed97785a82,icmpbig,False,novelty,b9ac6ebf0e81658c
RandomForest,hybrid_open_set,31415,10,239,e7fcc43571fd0c6b,syn,False,novelty,9b58eb4ca28cad6b
RandomForest,hybrid_open_set,31415,10,240,40be20a2da1845cf,ackflood,False,uncertainty,9cc2b15f1ce7108f
RandomForest,hybrid_open_set,31415,10,241,2bfb40c83489907e,fraggle,False,uncertainty,b3489406a3603fc9
RandomForest,hybrid_open_set,31415,10,242,3a8baaf181efb1e6,ackflood,False,uncertainty,98cf5d7ecc49e274
RandomForest,hybrid_open_set,31415,10,243,a20610318914e0d7,benign,False,uncertainty,b59c05154e7ca71c
RandomForest,hybrid_open_set,31415,10,244,5b32c1e03f58e35a,benign,False,uncertainty,301004225cdb7d56
RandomForest,hybrid_open_set,31415,10,245,aa813663c8d6e977,tcp,False,uncertainty,31a45e3b061477d4
RandomForest,hybrid_open_set,31415,10,246,3a8f7f65ab0ba530,tcpfin1,False,uncertainty,1dbaada03a343f6d
RandomForest,hybrid_open_set,31415,10,247,95a61a7bb871b191,benign,False,uncertainty,85bbc49c12c0fb12
RandomForest,hybrid_open_set,31415,10,248,10b7c99e747f6510,icmpbig,False,random,4ae2d078b50034c6
RandomForest,hybrid_open_set,31415,10,249,224a364aec182fb3,ackpflood,True,random,63de70e0886d565d
RandomForest,hybrid_open_set,31415,10,250,7b2f98b2c30f7a02,tcpall,False,random,6d190f0ade234a41
RandomForest,hybrid_open_set,31415,11,251,756725771c233654,land,True,expansion,1fb8b2e54d539a4d
RandomForest,hybrid_open_set,31415,11,252,21560c48c96d96e0,ackpflood,True,expansion,bd510951eca832d9
RandomForest,hybrid_open_set,31415,11,253,74552b1d9dd496b9,teardrop,True,expansion,47f813adaf2ee0cf
RandomForest,hybrid_open_set,31415,11,254,9e58baa4bd40501a,land,True,expansion,11ca897764624b71
RandomForest,hybrid_open_set,31415,11,255,4b6bd97aea074b48,ackpflood,True,expansion,811ae939f0302bde
RandomForest,hybrid_open_set,31415,11,256,31dee19b7cc2c451,ackpflood,True,expansion,4bb765e024664e6e
RandomForest,hybrid_open_set,31415,11,257,89736fd7778e1249,teardrop,True,expansion,c467981fa0a38bdc
RandomForest,hybrid_open_set,31415,11,258,8e353f81401b6f22,benign,False,novelty,2006f3e4e207da32
RandomForest,hybrid_open_set,31415,11,259,aaafbd1f71023e84,teardrop,True,novelty,cf8cf06ce0e7cada
RandomForest,hybrid_open_set,31415,11,260,f0be23798ec851eb,benign,False,novelty,cd95186aae6cd338
RandomForest,hybrid_open_set,31415,11,261,23643013588e0acd,fraggle,False,novelty,dfe9d116fd351d70
RandomForest,hybrid_open_set,31415,11,262,55a2786ecc7e175c,benign,False,novelty,2bc4bbee01ac8092
RandomForest,hybrid_open_set,31415,11,263,a7a6959a499e9277,winnuke,False,novelty,8d2bec8c0a0a17b1
RandomForest,hybrid_open_set,31415,11,264,5da620e8541c13de,benign,False,novelty,c7ff00ac7f474e2f
RandomForest,hybrid_open_set,31415,11,265,2432255321965c3d,ackflood,False,uncertainty,74b772997b021ac6
RandomForest,hybrid_open_set,31415,11,266,df8a8f2d80186bb3,benign,False,uncertainty,1877380525324c3f
RandomForest,hybrid_open_set,31415,11,267,fa03a24e23b17728,benign,False,uncertainty,67eeffedc671d1d2
RandomForest,hybrid_open_set,31415,11,268,9a7e01614fcc3ce5,synflood,False,uncertainty,63e185e8c3f96404
RandomForest,hybrid_open_set,31415,11,269,a72de92f912858e3,syn,False,uncertainty,6b84a0e61a2680c1
RandomForest,hybrid_open_set,31415,11,270,2584876a60c8573e,fraggle,False,uncertainty,f513ef8906381d60
RandomForest,hybrid_open_set,31415,11,271,071bb7ad783f2da1,tcp,False,uncertainty,6d190f0ade234a41
RandomForest,hybrid_open_set,31415,11,272,3ad19fe1f23bde9b,benign,False,uncertainty,3bb8b5476249adf5
RandomForest,hybrid_open_set,31415,11,273,e0d7823a67c16c6a,pingofdeath,False,random,f73f5a35cca6bb7c
RandomForest,hybrid_open_set,31415,11,274,c6607b3573195aab,benign,False,random,09d772da7360f758
RandomForest,hybrid_open_set,31415,11,275,0aef968afb8232d5,icmpflood,False,random,f646be0fdf571f05
RandomForest,hybrid_open_set,31415,12,276,635dad88c65b30dc,land,True,expansion,1fb8b2e54d539a4d
RandomForest,hybrid_open_set,31415,12,277,da01f21c9c089207,teardrop,True,expansion,c467981fa0a38bdc
RandomForest,hybrid_open_set,31415,12,278,26bd60066c811521,ackpflood,True,expansion,bd510951eca832d9
RandomForest,hybrid_open_set,31415,12,279,2463b51a959a753c,land,True,expansion,11ca897764624b71
RandomForest,hybrid_open_set,31415,12,280,0b8f65b17efd4842,teardrop,True,expansion,c11110b107945ad1
RandomForest,hybrid_open_set,31415,12,281,56728b2bf2d3ad49,teardrop,True,expansion,6cc22f93c62d8820
RandomForest,hybrid_open_set,31415,12,282,7f9c32c7fdad8c4f,teardrop,True,expansion,74a345693602c106
RandomForest,hybrid_open_set,31415,12,283,40343b0e9c0fb108,benign,False,novelty,741888662f247d04
RandomForest,hybrid_open_set,31415,12,284,b2f65703aed8b1db,icmpbig,False,novelty,8dee1464df987eed
RandomForest,hybrid_open_set,31415,12,285,6bbefeb5f00eb089,benign,False,novelty,c238d7a0fad59f66
RandomForest,hybrid_open_set,31415,12,286,41e0a0bf12f1635d,tcpfin1,False,novelty,3da3facffa0f3564
RandomForest,hybrid_open_set,31415,12,287,404c44c8562fdd44,tcp,False,novelty,91635b5f920f9475
RandomForest,hybrid_open_set,31415,12,288,7ebe1e1569af88c4,fraggle,False,novelty,52510d089a9595b3
RandomForest,hybrid_open_set,31415,12,289,8f60d1ca2d7a09f0,benign,False,novelty,3b8605f2cae44815
RandomForest,hybrid_open_set,31415,12,290,ec2b1e0c5efb49c1,ackflood,False,uncertainty,1714f05c31d05091
RandomForest,hybrid_open_set,31415,12,291,eea155299796f2d4,tcpall,False,uncertainty,270dd1a8adf0d6e3
RandomForest,hybrid_open_set,31415,12,292,cd346594988f5808,ackflood,False,uncertainty,0572fb06e8f48c44
RandomForest,hybrid_open_set,31415,12,293,28ca73f79c047097,benign,False,uncertainty,eeb2f11648658228
RandomForest,hybrid_open_set,31415,12,294,48bfd81991679d44,benign,False,uncertainty,2a9c9791dc7f74bd
RandomForest,hybrid_open_set,31415,12,295,77b398b1394e4fe6,fraggle,False,uncertainty,6f4f7da9f9f2df49
RandomForest,hybrid_open_set,31415,12,296,9a4f373433a078a5,ackflood,False,uncertainty,f677cc544670aa19
RandomForest,hybrid_open_set,31415,12,297,002ecbb2bc497bd4,benign,False,uncertainty,31fd0473124334e3
RandomForest,hybrid_open_set,31415,12,298,6ab413b8665add0f,synflood,False,random,c2ed29a5a3a817b5
RandomForest,hybrid_open_set,31415,12,299,527bc054240306ef,routeip,False,random,7480dec5eaacca58
RandomForest,hybrid_open_set,31415,12,300,0877420ea765a0fc,winnuke,False,random,0541563abf895aec
XGBoost,random,42,1,1,de539284581e9cf1,ackflood,False,random,04d990c106e8df8d
XGBoost,random,42,1,2,c85ba181715fed92,fraggle,False,random,31339063f76812c2
XGBoost,random,42,1,3,06678eb8ed75cbb0,pingofdeath,False,random,ad08b780717c5442
XGBoost,random,42,1,4,389a40d022242a74,smurf,False,random,f4df15c8bbacd8da
XGBoost,random,42,1,5,55fcf5679e9d1c98,tcp,False,random,011282156978621d
XGBoost,random,42,1,6,b5282014780eb0e5,syn,False,random,91a24eb6dfa53e45
XGBoost,random,42,1,7,94e9dff02ce5d297,icmpflood,False,random,d7934432c908d759
XGBoost,random,42,1,8,dc14b29a911ce6c9,icmpbig,False,random,11ef2328aebbae9a
XGBoost,random,42,1,9,89f40e17436c692f,icmpflood,False,random,e04bd5af7fce780e
XGBoost,random,42,1,10,028ea99aacbd6a68,winnuke,False,random,0541563abf895aec
XGBoost,random,42,1,11,7beac8961e5bbc94,tcpall,False,random,6d190f0ade234a41
XGBoost,random,42,1,12,2bfb40c83489907e,fraggle,False,random,b3489406a3603fc9
XGBoost,random,42,1,13,03f9d1c7830b8551,fraggle,False,random,5034e5ea57497093
XGBoost,random,42,1,14,e1c6cf1442a6d189,ackflood,False,random,91a751c58fb86c3b
XGBoost,random,42,1,15,3e1b7d33c2ba960d,synflood,False,random,2b98e0f313025673
XGBoost,random,42,1,16,43997857fd65a098,benign,False,random,856de0f6513f45cf
XGBoost,random,42,1,17,a53299afe9332e4d,smurf,False,random,4aab606646c3d5b3
XGBoost,random,42,1,18,5c3faf678f40a5a6,icmpflood,False,random,64e3fd3e66978134
XGBoost,random,42,1,19,805824ea89af886f,tcp,False,random,dd41d42db133230c
XGBoost,random,42,1,20,7d09ea3f67fc0187,routeip,False,random,56239d2baf50ff43
XGBoost,random,42,1,21,ebb89914769c5293,routeip,False,random,753bbc2687bc83bf
XGBoost,random,42,1,22,9ea882a48a7a4c3e,syn,False,random,91a24eb6dfa53e45
XGBoost,random,42,1,23,3b3a2f67523699eb,ackflood,False,random,6bb81de1d0cf2c47
XGBoost,random,42,1,24,36f9e601340e45cd,routeip,False,random,7480dec5eaacca58
XGBoost,random,42,1,25,2b43c458e898e1a2,icmpflood,False,random,54c22838c01ff8b2
XGBoost,random,42,2,26,cdc59d8abe6f21ff,syn,False,random,91a24eb6dfa53e45
XGBoost,random,42,2,27,a9b15fd275f570ea,winnuke,False,random,1ce2e8caa5f469c2
XGBoost,random,42,2,28,8d9fded96b982978,tcpfin1,False,random,3da3facffa0f3564
XGBoost,random,42,2,29,49e0b73bbccfc446,land,True,random,1fb8b2e54d539a4d
XGBoost,random,42,2,30,da2f85b20ff71240,ackflood,False,random,05043ca58d1f320c
XGBoost,random,42,2,31,fd9c36a7aeedc33a,routeip,False,random,7480dec5eaacca58
XGBoost,random,42,2,32,e5a9ed0c7910fa50,smurf,False,random,51f422901e09f434
XGBoost,random,42,2,33,08464aed11bfde3c,synflood,False,random,e6f6666a94ae1df5
XGBoost,random,42,2,34,3a8fe125b8f494ad,smurf,False,random,4614ba434a2c3470
XGBoost,random,42,2,35,459d82206f2f156b,icmpflood,False,random,11c8d385c80125c4
XGBoost,random,42,2,36,c32918afafde42b4,tcpall,False,random,6d190f0ade234a41
XGBoost,random,42,2,37,d48857427a5ed75a,winnuke,False,random,1849caca41fe6d11
XGBoost,random,42,2,38,044f01afbfd5fdd5,icmpbig,False,random,11ef2328aebbae9a
XGBoost,random,42,2,39,9d4cfb1ce54a2182,icmpflood,False,random,195cff201c45896e
XGBoost,random,42,2,40,d5509965aa70bb87,icmpflood,False,random,9397e12222e77f92
XGBoost,random,42,2,41,a23e4b940d2bff5b,teardrop,True,random,c467981fa0a38bdc
XGBoost,random,42,2,42,433a3eb9b8805072,routeip,False,random,753bbc2687bc83bf
XGBoost,random,42,2,43,4a40b7ae7f189064,tcp,False,random,965b7aeaadad8c08
XGBoost,random,42,2,44,45daf80ce79494a6,icmpbig,False,random,11ef2328aebbae9a
XGBoost,random,42,2,45,97e24c3b5788880f,tcp,False,random,31d7ddf9c9026127
XGBoost,random,42,2,46,b9a39520b7c1d83f,smurf,False,random,f4df15c8bbacd8da
XGBoost,random,42,2,47,e1385026a4d30cc0,synflood,False,random,1a19d32173c52742
XGBoost,random,42,2,48,35b0d71679c34dc9,icmpflood,False,random,26a11576ba9153bd
XGBoost,random,42,2,49,4fcec37274015d35,synflood,False,random,52059e7dd2c9f03e
XGBoost,random,42,2,50,e052cc6946309b38,icmpbig,False,random,16a4d78bdc124527
XGBoost,random,42,3,51,b28dd5483085f6f1,pingofdeath,False,random,7b858a3777d0f748
XGBoost,random,42,3,52,0c3818b78e76f2f9,smurf,False,random,f4df15c8bbacd8da
XGBoost,random,42,3,53,d7efa1218ab53f9f,fraggle,False,random,28d1ae72bd2f58ec
XGBoost,random,42,3,54,4bfc763d59123ae0,routeip,False,random,753bbc2687bc83bf
XGBoost,random,42,3,55,f03c5790b683d0c1,syn,False,random,91a24eb6dfa53e45
XGBoost,random,42,3,56,259f15f47c22cc0c,ackflood,False,random,899e7504f0387857
XGBoost,random,42,3,57,f28e6ac7039fda39,ackflood,False,random,d7bcc6ea6628c41c
XGBoost,random,42,3,58,9e1e664cea9ca678,syn,False,random,91a24eb6dfa53e45
XGBoost,random,42,3,59,d011fc33534fe4ea,routeip,False,random,7480dec5eaacca58
XGBoost,random,42,3,60,03c903b4e6ba3deb,winnuke,False,random,bfdb1ca3e0a20667
XGBoost,random,42,3,61,d7d678f513f54fbb,pingofdeath,False,random,334efcfa4f3469a0
XGBoost,random,42,3,62,f5655e6bfd3faa60,tcpfin1,False,random,1dbaada03a343f6d
XGBoost,random,42,3,63,0b249e0603d87b3d,routeip,False,random,753bbc2687bc83bf
XGBoost,random,42,3,64,feeb1a277013bd99,land,True,random,1fb8b2e54d539a4d
XGBoost,random,42,3,65,726a537f3727ef03,winnuke,False,random,410bcc024f654308
XGBoost,random,42,3,66,42108268027db10e,tcpall,False,random,25df2cbec14f457e
XGBoost,random,42,3,67,b10069f1656d32e8,tcp,False,random,8a0c3de433c4f985
XGBoost,random,42,3,68,8f2ff25f65ac133b,winnuke,False,random,0541563abf895aec
XGBoost,random,42,3,69,490e4fa50f4f3729,syn,False,random,91a24eb6dfa53e45
XGBoost,random,42,3,70,d5e4612390154d62,tcpfin1,False,random,1a1695b4f63d38b9
XGBoost,random,42,3,71,654e48efd3585a88,winnuke,False,random,2a429c750d8035e7
XGBoost,random,42,3,72,3f26a9b02a32c94c,pingofdeath,False,random,7694892c003357cf
XGBoost,random,42,3,73,0565e10a2cde50f6,icmpbig,False,random,11ef2328aebbae9a
XGBoost,random,42,3,74,bde50f6ace0d52e1,syn,False,random,91a24eb6dfa53e45
XGBoost,random,42,3,75,da8f2ffbba2cd8ca,fraggle,False,random,7783cad29f1484b7
XGBoost,random,42,4,76,b278111a65b4bb15,benign,False,random,728c532c6f8aebff
XGBoost,random,42,4,77,89f73f72604fea8c,tcpfin1,False,random,3da3facffa0f3564
XGBoost,random,42,4,78,ffd162eaafb21fd9,tcp,False,random,cd64136aeecc4532
XGBoost,random,42,4,79,c891181471ab56dd,synflood,False,random,5428ff63d319154b
XGBoost,random,42,4,80,7852f79061b622fb,tcp,False,random,2fe8b757aa694f1f
XGBoost,random,42,4,81,311d0008532483bc,fraggle,False,random,5034e5ea57497093
XGBoost,random,42,4,82,6c7ef47a98f9167e,tcpfin1,False,random,1a1695b4f63d38b9
XGBoost,random,42,4,83,5eb1fd80b32cfdf0,icmpflood,False,random,195cff201c45896e
XGBoost,random,42,4,84,7b2b0b77becec278,fraggle,False,random,31339063f76812c2
XGBoost,random,42,4,85,c1c1156fc24dc46a,ackflood,False,random,7585b896692048e5
XGBoost,random,42,4,86,e7df4b9324e3ca41,syn,False,random,91a24eb6dfa53e45
XGBoost,random,42,4,87,81bc01fd23cc44a6,winnuke,False,random,410bcc024f654308
XGBoost,random,42,4,88,96f94b0236cc22a6,synflood,False,random,76684c02635f367e
XGBoost,random,42,4,89,77867dce8cb7851d,synflood,False,random,264886fc421b09cd
XGBoost,random,42,4,90,b4c72e8ec8d0e63d,synflood,False,random,76684c02635f367e
XGBoost,random,42,4,91,90c1a116e4139081,benign,False,random,2afd633f5625408e
XGBoost,random,42,4,92,4a254a59b21c4b1e,pingofdeath,False,random,2b254b60556a78d2
XGBoost,random,42,4,93,2db46ffe2d6f3fd3,syn,False,random,9b58eb4ca28cad6b
XGBoost,random,42,4,94,4fca4767ba9d9bbd,routeip,False,random,7480dec5eaacca58
XGBoost,random,42,4,95,2291b38bcba21d51,tcpfin1,False,random,e4236da2a6400c34
XGBoost,random,42,4,96,e0bfa9f859b5ada5,teardrop,True,random,c11110b107945ad1
XGBoost,random,42,4,97,17f4d839e8409f86,synflood,False,random,3d307ee5db225ecd
XGBoost,random,42,4,98,cf756ccb5eb6fa4c,pingofdeath,False,random,6a7c9eb2abe5f85a
XGBoost,random,42,4,99,6f33364236f29e9c,ackflood,False,random,e6e7170296a1d0ef
XGBoost,random,42,4,100,28d31bb25bb98c33,winnuke,False,random,4bc6d5668cbbe29a
XGBoost,random,42,5,101,5a8bc29c755db791,tcp,False,random,3a24691524162b9d
XGBoost,random,42,5,102,a9ec3437f87e47ee,smurf,False,random,f4df15c8bbacd8da
XGBoost,random,42,5,103,881bcde3ddeb129c,ackpflood,True,random,811ae939f0302bde
XGBoost,random,42,5,104,67b03c1f7c6a4832,synflood,False,random,76684c02635f367e
XGBoost,random,42,5,105,e7d5b2b7fe18f690,routeip,False,random,753bbc2687bc83bf
XGBoost,random,42,5,106,8e3782717010a693,winnuke,False,random,d4174c793de26221
XGBoost,random,42,5,107,fd85ed90b188901b,synflood,False,random,2b98e0f313025673
XGBoost,random,42,5,108,faa4ba0d338470b3,fraggle,False,random,01e2c01fba8621af
XGBoost,random,42,5,109,8ae7a0a4cd65caa6,icmpbig,False,random,11ef2328aebbae9a
XGBoost,random,42,5,110,506c0bccda855e30,routeip,False,random,753bbc2687bc83bf
XGBoost,random,42,5,111,fad514b89a50e543,synflood,False,random,d12b6d97bdd50642
XGBoost,random,42,5,112,852c2275a81a66a4,icmpflood,False,random,46c4f94197429bd3
XGBoost,random,42,5,113,1d1acc72bf44fb98,winnuke,False,random,9473c75e574f4be3
XGBoost,random,42,5,114,302bddd86cdbeffd,benign,False,random,b09860e3a37e636d
XGBoost,random,42,5,115,ea1f366febc6e82b,pingofdeath,False,random,528da3dd89c7c975
XGBoost,random,42,5,116,ff0c6c157238dba8,pingofdeath,False,random,c6be43f2d10fd034
XGBoost,random,42,5,117,5f8da17c29d53cda,tcpall,False,random,25df2cbec14f457e
XGBoost,random,42,5,118,8eb7a78d7d749f67,synflood,False,random,d6ef080e033d4da8
XGBoost,random,42,5,119,a8321d0a65768a4e,icmpflood,False,random,86cbcd29c1a0caec
XGBoost,random,42,5,120,effe5a47ee55e840,smurf,False,random,e6aaedee4e69efa3
XGBoost,random,42,5,121,af337e2998586cba,pingofdeath,False,random,a0b7a4151449894b
XGBoost,random,42,5,122,03347b13240e6438,winnuke,False,random,414d115dbcbdff66
XGBoost,random,42,5,123,5c5d6755245319a2,smurf,False,random,0c6529c04298f723
XGBoost,random,42,5,124,dc6b47398c66b6a8,teardrop,True,random,7409c11e289a47aa
XGBoost,random,42,5,125,25072f3cfb9e8bcd,tcpall,False,random,25df2cbec14f457e
XGBoost,random,42,6,126,85c98a0f2bef01f7,synflood,False,random,c8dcc68eceb08b3e
XGBoost,random,42,6,127,5c028aec94d1a58b,icmpflood,False,random,b81687c57ee91e39
XGBoost,random,42,6,128,bc0e46636c4bba77,teardrop,True,random,7ad4650073f193c0
XGBoost,random,42,6,129,19f59506592a9fe0,tcpfin1,False,random,3da3facffa0f3564
XGBoost,random,42,6,130,76001e2834668b1c,tcp,False,random,50ddf0aae9d8a792
XGBoost,random,42,6,131,89270c80e2d61649,benign,False,random,c1657b18b21011b2
XGBoost,random,42,6,132,cfbd5216880463e8,fraggle,False,random,31339063f76812c2
XGBoost,random,42,6,133,702771ed1a9a641d,benign,False,random,a0ee160349745fc6
XGBoost,random,42,6,134,eca978525db5c73d,pingofdeath,False,random,b2d52641513562f2
XGBoost,random,42,6,135,e5d9f2b4521ff5f3,ackflood,False,random,f8cba5697937110c
XGBoost,random,42,6,136,67ebc54e6105cb2c,syn,False,random,91a24eb6dfa53e45
XGBoost,random,42,6,137,4dd5b4ee1dcec097,tcpfin1,False,random,3da3facffa0f3564
XGBoost,random,42,6,138,65a5b4d4aea3f7de,icmpflood,False,random,a2001e0898aa103a
XGBoost,random,42,6,139,0a2f1e1e0f21b631,teardrop,True,random,c11110b107945ad1
XGBoost,random,42,6,140,64421b00a3bcc106,icmpbig,False,random,11ef2328aebbae9a
XGBoost,random,42,6,141,3cfa11f4137b18d8,ackpflood,True,random,811ae939f0302bde
XGBoost,random,42,6,142,de70a59cccf9f295,icmpflood,False,random,6aefc493fc6983a1
XGBoost,random,42,6,143,8486cc03b3990ce7,fraggle,False,random,5a65026acc1ff666
XGBoost,random,42,6,144,414e001ba3f0312d,smurf,False,random,4614ba434a2c3470
XGBoost,random,42,6,145,c2cc8cb19e2674e9,routeip,False,random,7480dec5eaacca58
XGBoost,random,42,6,146,8b726e62233e3989,ackflood,False,random,d21c7e8c0496b689
XGBoost,random,42,6,147,8e3736075be3a9ae,fraggle,False,random,f0a49b544399111c
XGBoost,random,42,6,148,9d4560d61f5d07e7,synflood,False,random,90f44592fe8d3fd4
XGBoost,random,42,6,149,34c649e729c0824c,ackflood,False,random,2e0cd3ce21eca303
XGBoost,random,42,6,150,5a4732007857bfb0,tcpall,False,random,25df2cbec14f457e
XGBoost,random,42,7,151,3871bcc92be3ed1d,ackflood,False,random,821fabf5b78d3cd3
XGBoost,random,42,7,152,f694300b32db8a9d,synflood,False,random,ae11e65f53c68f0f
XGBoost,random,42,7,153,22c6afb8227c88e5,pingofdeath,False,random,a22a5d501a4a0d04
XGBoost,random,42,7,154,36678e1a29033340,tcp,False,random,90fd74b0affb5fa2
XGBoost,random,42,7,155,ae945e572bafd5e9,pingofdeath,False,random,3692fa49e4cf7dd5
XGBoost,random,42,7,156,8ec72f1bb38a8489,pingofdeath,False,random,931fc76a27676529
XGBoost,random,42,7,157,62015f201728b189,icmpbig,False,random,bf640f01d7d74bf6
XGBoost,random,42,7,158,f22ae86531ca4af8,tcp,False,random,965b7aeaadad8c08
XGBoost,random,42,7,159,7704f5aafc1a08ed,routeip,False,random,7480dec5eaacca58
XGBoost,random,42,7,160,3f5172243c9c0454,fraggle,False,random,08e5f0c0c9b3c650
XGBoost,random,42,7,161,7199258029b7a8a4,benign,False,random,8065ba3a8c909bd6
XGBoost,random,42,7,162,474e5c6330556158,smurf,False,random,8837e27807246aec
XGBoost,random,42,7,163,c482afa568869c8b,icmpflood,False,random,242f118ba29b625b
XGBoost,random,42,7,164,3f480b3a34e58433,fraggle,False,random,31339063f76812c2
XGBoost,random,42,7,165,59d0ae9e33283326,icmpbig,False,random,11ef2328aebbae9a
XGBoost,random,42,7,166,d0ed2424fe6a8e78,benign,False,random,3aa6c1455743dfbf
XGBoost,random,42,7,167,fa9043003ffe7d4e,routeip,False,random,753bbc2687bc83bf
XGBoost,random,42,7,168,af1b8c0c264ed44a,land,True,random,1fb8b2e54d539a4d
XGBoost,random,42,7,169,46febe32d8b3c1cf,tcpfin1,False,random,1a1695b4f63d38b9
XGBoost,random,42,7,170,fa6c906de739dc71,ackflood,False,random,7baffe9b07ebb6a4
XGBoost,random,42,7,171,a6ebb843ab912dcc,tcpall,False,random,6d190f0ade234a41
XGBoost,random,42,7,172,c1f299db04f1a590,teardrop,True,random,74a345693602c106
XGBoost,random,42,7,173,efbd4636c0875be7,synflood,False,random,2c22c78e264c20f7
XGBoost,random,42,7,174,255d6418d8b98dc4,winnuke,False,random,0541563abf895aec
XGBoost,random,42,7,175,dc57b162eaee6430,pingofdeath,False,random,4897d869f753d5d6
XGBoost,random,42,8,176,c2b2f3e96e89c97a,pingofdeath,False,random,528da3dd89c7c975
XGBoost,random,42,8,177,950f42e98e7ed79f,fraggle,False,random,add455247e14b58f
XGBoost,random,42,8,178,15eeb592039e0922,winnuke,False,random,b72c7eefdba9dfd7
XGBoost,random,42,8,179,b20913fe92be1a1d,tcp,False,random,dd41d42db133230c
XGBoost,random,42,8,180,fcdb76c3780eaee8,icmpflood,False,random,195cff201c45896e
XGBoost,random,42,8,181,3ca8c1ec686b3123,ackflood,False,random,be7ee44a657202f1
XGBoost,random,42,8,182,cfbac525875729b8,synflood,False,random,60b6b14d278e0d4e
XGBoost,random,42,8,183,87de4685ad39877a,tcp,False,random,e2b86fd22c5c2742
XGBoost,random,42,8,184,f68a3abf2f572d2a,tcpfin1,False,random,3da3facffa0f3564
XGBoost,random,42,8,185,4bca2414d579b41d,smurf,False,random,a308417f193109ef
XGBoost,random,42,8,186,b1d866a6c64314bc,land,True,random,1fb8b2e54d539a4d
XGBoost,random,42,8,187,06fcdb7f4005f85a,benign,False,random,95be21fef3e34d5d
XGBoost,random,42,8,188,52ac346f8d6e9201,syn,False,random,9b58eb4ca28cad6b
XGBoost,random,42,8,189,e34702fec1db3bde,tcp,False,random,cd64136aeecc4532
XGBoost,random,42,8,190,3428aa12d95b05de,pingofdeath,False,random,2436c07aee906a16
XGBoost,random,42,8,191,4a0569ed3def6451,smurf,False,random,5074e463ae1ff129
XGBoost,random,42,8,192,78a34f0a0526d2f6,synflood,False,random,2b98e0f313025673
XGBoost,random,42,8,193,c3cc5f224b50ed1b,syn,False,random,1f970c937f152aa7
XGBoost,random,42,8,194,aa63cd3b4e101961,teardrop,True,random,f3a9ca77aa994aa6
XGBoost,random,42,8,195,a2a952d5673238a1,tcpall,False,random,6d190f0ade234a41
XGBoost,random,42,8,196,993d17e243bcd29e,fraggle,False,random,3cf27a7bcc2d512e
XGBoost,random,42,8,197,963c3a7d793d3be5,ackflood,False,random,601302e56fa040d6
XGBoost,random,42,8,198,dcdb8749f0e96bb0,synflood,False,random,f4efa23870b784d1
XGBoost,random,42,8,199,578656d436d0a9ab,benign,False,random,9b520c58eca0f020
XGBoost,random,42,8,200,56a5f18f05ea7c62,smurf,False,random,4614ba434a2c3470
XGBoost,random,42,9,201,07e4ede6ed56ea27,icmpbig,False,random,11ef2328aebbae9a
XGBoost,random,42,9,202,ceb52ab3fb309ea1,benign,False,random,183a5295ecb14e20
XGBoost,random,42,9,203,b2a48411436164ad,tcpfin1,False,random,3da3facffa0f3564
XGBoost,random,42,9,204,9230b7a41ee2bf8c,tcp,False,random,dd41d42db133230c
XGBoost,random,42,9,205,8a5d31943e1ea08f,winnuke,False,random,0541563abf895aec
XGBoost,random,42,9,206,6bbb185f2f69a6af,benign,False,random,3c1d6d751e63c93b
XGBoost,random,42,9,207,14a5471c3e7348ef,winnuke,False,random,0541563abf895aec
XGBoost,random,42,9,208,37c91a29674866b5,smurf,False,random,4614ba434a2c3470
XGBoost,random,42,9,209,717760459c807270,ackpflood,True,random,bd510951eca832d9
XGBoost,random,42,9,210,5f64b9d7ea5635c7,ackflood,False,random,f83ae387e0bdf50e
XGBoost,random,42,9,211,665698ca68c83d05,land,True,random,1fb8b2e54d539a4d
XGBoost,random,42,9,212,fb3c80d71e0d4a47,icmpbig,False,random,bf640f01d7d74bf6
XGBoost,random,42,9,213,ebd23fb1e6c69b8b,land,True,random,1fb8b2e54d539a4d
XGBoost,random,42,9,214,94a01a8c73614aa7,benign,False,random,2afd633f5625408e
XGBoost,random,42,9,215,db8c331bc2009103,land,True,random,1fb8b2e54d539a4d
XGBoost,random,42,9,216,96e1ba93809ac9bd,pingofdeath,False,random,c5bf68edf933ca07
XGBoost,random,42,9,217,c9bea20018cb0a95,icmpbig,False,random,11ef2328aebbae9a
XGBoost,random,42,9,218,2346e007cce546fa,benign,False,random,80b48f4cd277d383
XGBoost,random,42,9,219,aa997b4f32452f00,icmpflood,False,random,216576aa0b3057ad
XGBoost,random,42,9,220,ce5a613f4a56e43e,icmpflood,False,random,0e00e5ec9f2c4190
XGBoost,random,42,9,221,67d0fbf8f58bd581,benign,False,random,0c4eab26a143f4c3
XGBoost,random,42,9,222,9a8cc134dc9cd8cf,benign,False,random,27ecfce52bbb917a
XGBoost,random,42,9,223,ab81afaa0deb15f9,tcp,False,random,024943c95e462297
XGBoost,random,42,9,224,daaf8cf3fcf5bdd3,winnuke,False,random,feec1d5dd9687485
XGBoost,random,42,9,225,dd663a16791d3f97,icmpflood,False,random,8a92680589ae2e5b
XGBoost,random,42,10,226,6964d4471a93f186,icmpflood,False,random,46c4f94197429bd3
XGBoost,random,42,10,227,4c2400510b19c76c,icmpflood,False,random,9f7b52fecb82316b
XGBoost,random,42,10,228,cd2ed61c9dba8d42,ackflood,False,random,375706e3c87f9a71
XGBoost,random,42,10,229,19461de2815fe5f1,synflood,False,random,264886fc421b09cd
XGBoost,random,42,10,230,8ab8f483f2226b55,icmpbig,False,random,11ef2328aebbae9a
XGBoost,random,42,10,231,6d10e30f6deddaa8,routeip,False,random,753bbc2687bc83bf
XGBoost,random,42,10,232,3c35bc3b1875c065,icmpflood,False,random,1f3cdb4b41bd6398
XGBoost,random,42,10,233,4549afcf30b22aa9,tcp,False,random,58ec369bf1912a56
XGBoost,random,42,10,234,4bf28ee8786f25b5,icmpbig,False,random,11ef2328aebbae9a
XGBoost,random,42,10,235,abf2de48f75af4f9,benign,False,random,0281275bb82665dc
XGBoost,random,42,10,236,38164a4a43f92e22,synflood,False,random,8a3ed2acaafa363b
XGBoost,random,42,10,237,d63c87b648470d6f,ackpflood,True,random,811ae939f0302bde
XGBoost,random,42,10,238,9af31bd4349042d7,icmpflood,False,random,ae30493b2761b1b1
XGBoost,random,42,10,239,06da3d773017bc2f,icmpbig,False,random,11ef2328aebbae9a
XGBoost,random,42,10,240,02476c849dd6a689,benign,False,random,8884cc9ba987dc59
XGBoost,random,42,10,241,c333c653dfc8d419,tcp,False,random,cd64136aeecc4532
XGBoost,random,42,10,242,07df6b2643940bf9,fraggle,False,random,e9c5ad826faf87f5
XGBoost,random,42,10,243,aae8fb1a202701c1,tcp,False,random,20728b55be28c7ad
XGBoost,random,42,10,244,527b9fffb0256083,routeip,False,random,7480dec5eaacca58
XGBoost,random,42,10,245,e4a8f32dd8605be4,routeip,False,random,7480dec5eaacca58
XGBoost,random,42,10,246,7b04f328d199bf5c,winnuke,False,random,0541563abf895aec
XGBoost,random,42,10,247,ef9e313457220af8,teardrop,True,random,47f813adaf2ee0cf
XGBoost,random,42,10,248,6d8dfc88f1a71c77,tcp,False,random,ef0542b9fa15660a
XGBoost,random,42,10,249,c5348d383438f035,teardrop,True,random,7409c11e289a47aa
XGBoost,random,42,10,250,573b41452a5a8616,land,True,random,1fb8b2e54d539a4d
XGBoost,random,42,11,251,840ce53b2583b3ee,syn,False,random,91a24eb6dfa53e45
XGBoost,random,42,11,252,9fdde3c537cf1769,benign,False,random,8bc21facc0653155
XGBoost,random,42,11,253,e7cfaac8189d59ea,synflood,False,random,9a51a03c51ef26d4
XGBoost,random,42,11,254,02cf9c943a1a3e16,winnuke,False,random,6e9e85f898949f72
XGBoost,random,42,11,255,81a6a5096fc90334,pingofdeath,False,random,9fcb498b7a7b6fc2
XGBoost,random,42,11,256,801ba3bdc29d7612,icmpflood,False,random,d32db3bbd07fe8d5
XGBoost,random,42,11,257,4ed03072c931d754,synflood,False,random,76684c02635f367e
XGBoost,random,42,11,258,45f08e34fa62ab15,tcpfin1,False,random,1a1695b4f63d38b9
XGBoost,random,42,11,259,582bca19b9d88eb0,tcpfin1,False,random,3da3facffa0f3564
XGBoost,random,42,11,260,f64a54a9a1b70451,ackpflood,True,random,bd510951eca832d9
XGBoost,random,42,11,261,f87fa797564b4f02,syn,False,random,91a24eb6dfa53e45
XGBoost,random,42,11,262,5b7145d435697cac,icmpbig,False,random,11ef2328aebbae9a
XGBoost,random,42,11,263,fe00ef121bf081d1,icmpbig,False,random,11ef2328aebbae9a
XGBoost,random,42,11,264,ef9eeeeb812fc9e3,tcp,False,random,8a0c3de433c4f985
XGBoost,random,42,11,265,e9190476dc4ac9fc,icmpbig,False,random,11ef2328aebbae9a
XGBoost,random,42,11,266,7708f47e4dd91ee7,teardrop,True,random,7409c11e289a47aa
XGBoost,random,42,11,267,0faef092c7097087,benign,False,random,fb388d8dbb5b1050
XGBoost,random,42,11,268,fca8c0c9243705ed,winnuke,False,random,e396d71ce460dfc5
XGBoost,random,42,11,269,f7362492b0d68648,routeip,False,random,7480dec5eaacca58
XGBoost,random,42,11,270,cf06046c593aeb51,winnuke,False,random,410bcc024f654308
XGBoost,random,42,11,271,34e529a7b94d59a5,benign,False,random,0a6809ab3a8c9cd5
XGBoost,random,42,11,272,e89f1e870a5a25ad,ackpflood,True,random,bd510951eca832d9
XGBoost,random,42,11,273,aca137cafc96b55e,icmpflood,False,random,424831393bd84b19
XGBoost,random,42,11,274,153f4828fa63adf4,synflood,False,random,a8dd0bf30ca32d5f
XGBoost,random,42,11,275,ed27629fe98c15c1,pingofdeath,False,random,2e15591b9476cce4
XGBoost,random,42,12,276,c2e9642d42a830a0,benign,False,random,2d70bdcea42b6257
XGBoost,random,42,12,277,a64b666e70b36bf4,land,True,random,1fb8b2e54d539a4d
XGBoost,random,42,12,278,97481fb7553ad741,routeip,False,random,7480dec5eaacca58
XGBoost,random,42,12,279,1a0fb7f04e7e386f,tcp,False,random,58ec369bf1912a56
XGBoost,random,42,12,280,aeed3c27eba0e428,fraggle,False,random,add455247e14b58f
XGBoost,random,42,12,281,fb6d00a4d0173d9e,fraggle,False,random,57b5d45129971226
XGBoost,random,42,12,282,7f0a82d604e814bf,tcpall,False,random,25df2cbec14f457e
XGBoost,random,42,12,283,5b2d948601878b59,ackflood,False,random,4355ef8590b67ead
XGBoost,random,42,12,284,664c3614a260b35e,ackflood,False,random,3f66f07604f63960
XGBoost,random,42,12,285,82b463c2072ab159,routeip,False,random,dabc063a26814dbc
XGBoost,random,42,12,286,f9d8f7da7dc46a73,icmpflood,False,random,ae30493b2761b1b1
XGBoost,random,42,12,287,0ada5f81eb752e7a,winnuke,False,random,0541563abf895aec
XGBoost,random,42,12,288,0ec782b3c7eb2452,icmpflood,False,random,e04bd5af7fce780e
XGBoost,random,42,12,289,007234348a2c107c,routeip,False,random,dabc063a26814dbc
XGBoost,random,42,12,290,7739bf3991f5f627,smurf,False,random,4614ba434a2c3470
XGBoost,random,42,12,291,979f474f3564cdab,land,True,random,1fb8b2e54d539a4d
XGBoost,random,42,12,292,a8241c634d1d7482,fraggle,False,random,add455247e14b58f
XGBoost,random,42,12,293,b6b63241b27fade9,benign,False,random,d1662524bee772e4
XGBoost,random,42,12,294,f0eadca433b4118f,icmpbig,False,random,bf640f01d7d74bf6
XGBoost,random,42,12,295,fc99ad638c6f0933,smurf,False,random,0c6529c04298f723
XGBoost,random,42,12,296,9c2323cb0c23eb40,winnuke,False,random,0541563abf895aec
XGBoost,random,42,12,297,0d4725fc7ee5f3e4,syn,False,random,1f970c937f152aa7
XGBoost,random,42,12,298,41270351dab4821a,icmpflood,False,random,1a8a950154dcb23e
XGBoost,random,42,12,299,e1272a9e070302e7,syn,False,random,6407d7ec4d6128a0
XGBoost,random,42,12,300,9d0502180efbe2e0,fraggle,False,random,5034e5ea57497093
XGBoost,uncertainty,42,1,1,6dbd55c2114f2103,benign,False,uncertainty,a93305badcf82230
XGBoost,uncertainty,42,1,2,78748743c96086ba,benign,False,uncertainty,a93305badcf82230
XGBoost,uncertainty,42,1,3,20269a637e818bb6,benign,False,uncertainty,a93305badcf82230
XGBoost,uncertainty,42,1,4,c477c318f6e27423,benign,False,uncertainty,19bd72f5569f0827
XGBoost,uncertainty,42,1,5,a8e396679727c33f,benign,False,uncertainty,a93305badcf82230
XGBoost,uncertainty,42,1,6,cbe9d97cbe93fc02,benign,False,uncertainty,89eed610d2c939c7
XGBoost,uncertainty,42,1,7,6a840514c4ed7183,benign,False,uncertainty,4d126dd5b0ee0af7
XGBoost,uncertainty,42,1,8,020977bb858d8b0a,benign,False,uncertainty,5f6d9da99eddab1d
XGBoost,uncertainty,42,1,9,a313a7b218ae1f57,benign,False,uncertainty,a69a8df489a4e5f7
XGBoost,uncertainty,42,1,10,766ecaabc391cdb6,teardrop,True,uncertainty,a5a61d7d0b91fc85
XGBoost,uncertainty,42,1,11,61cf8bbbf0702609,benign,False,uncertainty,dc4fb53a79506168
XGBoost,uncertainty,42,1,12,06728c45916d4471,teardrop,True,uncertainty,beb776bd33ab2de0
XGBoost,uncertainty,42,1,13,7342e45e3c674052,teardrop,True,uncertainty,f49d715dd94b83c5
XGBoost,uncertainty,42,1,14,7921600acbe66c33,benign,False,uncertainty,d80bd9089f8a8a7a
XGBoost,uncertainty,42,1,15,382208c69ac7e96e,teardrop,True,uncertainty,beb776bd33ab2de0
XGBoost,uncertainty,42,1,16,86951fd9a0fba1dc,teardrop,True,uncertainty,beb776bd33ab2de0
XGBoost,uncertainty,42,1,17,7b36e4967f830df5,teardrop,True,uncertainty,f49d715dd94b83c5
XGBoost,uncertainty,42,1,18,06e4fb5dab712231,teardrop,True,uncertainty,beb776bd33ab2de0
XGBoost,uncertainty,42,1,19,310d8aab85839446,teardrop,True,uncertainty,10ec96a575c4856b
XGBoost,uncertainty,42,1,20,72ec8085d391aa14,teardrop,True,uncertainty,8b2d1ee265f4259c
XGBoost,uncertainty,42,1,21,8c7864244bb06525,benign,False,uncertainty,9a3ff8f7e465d195
XGBoost,uncertainty,42,1,22,a402e712067f2fd7,teardrop,True,uncertainty,47c796f58c257f1f
XGBoost,uncertainty,42,1,23,9ee5d003863a65c0,benign,False,uncertainty,cc3af9489ef05c70
XGBoost,uncertainty,42,1,24,6e57764aae3a3263,benign,False,uncertainty,a93305badcf82230
XGBoost,uncertainty,42,1,25,6afdb5f373df8f5e,benign,False,uncertainty,a93305badcf82230
XGBoost,uncertainty,42,2,26,fff37c3deb26fa32,tcpall,False,uncertainty,146aa073103f8a9d
XGBoost,uncertainty,42,2,27,5ab841e548b94f68,benign,False,uncertainty,42c4f3df9fc79c2a
XGBoost,uncertainty,42,2,28,4095ce324be31a11,tcp,False,uncertainty,7abc124dab079bd4
XGBoost,uncertainty,42,2,29,a3f6137f69ee0d6e,benign,False,uncertainty,41a48522f4e5a91e
XGBoost,uncertainty,42,2,30,c313d39d5d9a406d,benign,False,uncertainty,9a8c4d44724a944b
XGBoost,uncertainty,42,2,31,920233e97d9863cf,benign,False,uncertainty,dc9ddff06116a43e
XGBoost,uncertainty,42,2,32,c06c438da7e72254,benign,False,uncertainty,42c4f3df9fc79c2a
XGBoost,uncertainty,42,2,33,d336e8a64233e5a3,benign,False,uncertainty,66d17f222c081b65
XGBoost,uncertainty,42,2,34,b8fbd678fdfad5f3,tcp,False,uncertainty,9fd78d7c9bbcaad4
XGBoost,uncertainty,42,2,35,8ac9a96e11312fe2,tcpall,False,uncertainty,59e342a53a8ea90f
XGBoost,uncertainty,42,2,36,d07c95b89e0d2f78,tcp,False,uncertainty,ef5007898e496fbf
XGBoost,uncertainty,42,2,37,63e65144e2a5a772,tcp,False,uncertainty,ef5007898e496fbf
XGBoost,uncertainty,42,2,38,03bde2d377bc7653,tcp,False,uncertainty,17cf922f1da5bb90
XGBoost,uncertainty,42,2,39,bc384f78049a2b5e,benign,False,uncertainty,42c4f3df9fc79c2a
XGBoost,uncertainty,42,2,40,6a69699d709c756c,benign,False,uncertainty,66d17f222c081b65
XGBoost,uncertainty,42,2,41,ba8108b27063f5ba,benign,False,uncertainty,66d17f222c081b65
XGBoost,uncertainty,42,2,42,70f640612b62a4af,benign,False,uncertainty,e1a46cfd513b89a2
XGBoost,uncertainty,42,2,43,a385d3fcaa130cd6,tcpall,False,uncertainty,c946f18387edcc93
XGBoost,uncertainty,42,2,44,781993825a0e9979,benign,False,uncertainty,42c4f3df9fc79c2a
XGBoost,uncertainty,42,2,45,b1074ea0fd73b256,benign,False,uncertainty,c38009d5ec4182db
XGBoost,uncertainty,42,2,46,1ae9936cd4f07be7,tcp,False,uncertainty,17cf922f1da5bb90
XGBoost,uncertainty,42,2,47,b3eb43fab946c390,tcp,False,uncertainty,17cf922f1da5bb90
XGBoost,uncertainty,42,2,48,676e5233ae2b2fdb,benign,False,uncertainty,66d17f222c081b65
XGBoost,uncertainty,42,2,49,286b946d98f51edf,benign,False,uncertainty,16e6f1eee76e7c81
XGBoost,uncertainty,42,2,50,7cc3c263bbe4ba69,benign,False,uncertainty,e974cb3ae8015985
XGBoost,uncertainty,42,3,51,09cc396e54b3e120,winnuke,False,uncertainty,668ec499ab3837f8
XGBoost,uncertainty,42,3,52,6fc657ba60b13a67,winnuke,False,uncertainty,4edcd0058de847f0
XGBoost,uncertainty,42,3,53,bda5b3462ae57ba9,ackflood,False,uncertainty,b1575bc2401b1531
XGBoost,uncertainty,42,3,54,965024fc60b5704d,benign,False,uncertainty,c13ea2c54053d7ec
XGBoost,uncertainty,42,3,55,f8affabeec233c7e,winnuke,False,uncertainty,531b9e13020f84f9
XGBoost,uncertainty,42,3,56,2b64f1aeb04c4d8f,winnuke,False,uncertainty,0f4bd338fa9ef162
XGBoost,uncertainty,42,3,57,853a540e08c7340c,ackflood,False,uncertainty,77afad4d20651ab6
XGBoost,uncertainty,42,3,58,9964ad45802aea73,winnuke,False,uncertainty,0541563abf895aec
XGBoost,uncertainty,42,3,59,699192493ec8dcba,winnuke,False,uncertainty,0541563abf895aec
XGBoost,uncertainty,42,3,60,92387b204bb553ba,benign,False,uncertainty,0bfab8d7afd0fca9
XGBoost,uncertainty,42,3,61,606c252008c1718c,winnuke,False,uncertainty,410bcc024f654308
XGBoost,uncertainty,42,3,62,16b16532b71a6bfb,winnuke,False,uncertainty,0541563abf895aec
XGBoost,uncertainty,42,3,63,3733d472fefea96d,ackflood,False,uncertainty,65cfc2062c2e0101
XGBoost,uncertainty,42,3,64,c4394989a57919cb,ackflood,False,uncertainty,ff8857bc3fec82c9
XGBoost,uncertainty,42,3,65,de8aa301eac66f04,ackflood,False,uncertainty,dc66728d1843dd85
XGBoost,uncertainty,42,3,66,00e180782a6f3ee7,benign,False,uncertainty,0bfab8d7afd0fca9
XGBoost,uncertainty,42,3,67,162959f3d540d393,benign,False,uncertainty,ab607084f5641487
XGBoost,uncertainty,42,3,68,fb90efa1cd0880fb,benign,False,uncertainty,27ca648614be7396
XGBoost,uncertainty,42,3,69,4daccbd164bc0504,benign,False,uncertainty,79eb2f644206cc48
XGBoost,uncertainty,42,3,70,49787f8e376c6f85,benign,False,uncertainty,cc79278e1595b69b
XGBoost,uncertainty,42,3,71,9fe3b555f8e30438,winnuke,False,uncertainty,c27777e22ab90a89
XGBoost,uncertainty,42,3,72,e345f7125c79087c,icmpflood,False,uncertainty,ecbf73026ed676a7
XGBoost,uncertainty,42,3,73,b578a8cb0810f79a,winnuke,False,uncertainty,58a1160e8243529c
XGBoost,uncertainty,42,3,74,fd5605af090cd1da,icmpflood,False,uncertainty,9825e50725f9fcb4
XGBoost,uncertainty,42,3,75,ce64dcc26d9cb2b6,ackflood,False,uncertainty,44b1f2275de1d270
XGBoost,uncertainty,42,4,76,8bce68c228d38931,fraggle,False,uncertainty,c802254e2edbb74b
XGBoost,uncertainty,42,4,77,ba4ea545914af27d,benign,False,uncertainty,6d0ac574d81a1eb1
XGBoost,uncertainty,42,4,78,b52d2d3d6e282e4e,icmpflood,False,uncertainty,f4f004dec7bcadc2
XGBoost,uncertainty,42,4,79,811eea2a4ea30ca5,smurf,False,uncertainty,cb9c8c0d11dac69d
XGBoost,uncertainty,42,4,80,23e786bbf6bdd9ca,benign,False,uncertainty,0dd689437d4c5ee2
XGBoost,uncertainty,42,4,81,690b14d8daa88f8f,benign,False,uncertainty,f5412b241f954994
XGBoost,uncertainty,42,4,82,beb8833bc4edd14e,icmpflood,False,uncertainty,a290371e0ecd0930
XGBoost,uncertainty,42,4,83,3b424be78638b8dc,synflood,False,uncertainty,826d3f1b60b53cc5
XGBoost,uncertainty,42,4,84,6e0f948fbcd5a5ab,icmpflood,False,uncertainty,a0e34afca9011e23
XGBoost,uncertainty,42,4,85,38919fe206cf0479,icmpflood,False,uncertainty,46c4f94197429bd3
XGBoost,uncertainty,42,4,86,5d1c6dbfe474edc4,icmpflood,False,uncertainty,8d7676b959d23a64
XGBoost,uncertainty,42,4,87,56bf2ed478c1aca3,icmpflood,False,uncertainty,24b3540d86e5a98c
XGBoost,uncertainty,42,4,88,6db8a0cc3d1dddbf,icmpflood,False,uncertainty,46c4f94197429bd3
XGBoost,uncertainty,42,4,89,fcb690178de1d6d0,tcp,False,uncertainty,c88ca7b9a73c5dc6
XGBoost,uncertainty,42,4,90,47e0b0ef9c5761d2,icmpflood,False,uncertainty,df39d5f9fdf6506f
XGBoost,uncertainty,42,4,91,7e940284e73d159c,icmpflood,False,uncertainty,f4f004dec7bcadc2
XGBoost,uncertainty,42,4,92,6a89f7d34015f6ae,benign,False,uncertainty,d04618d33efea5bc
XGBoost,uncertainty,42,4,93,888fbe0737a8336f,icmpflood,False,uncertainty,af1c76629156c875
XGBoost,uncertainty,42,4,94,970488f5a5ee151c,icmpflood,False,uncertainty,9fb1323d14c763b6
XGBoost,uncertainty,42,4,95,c908444750c2de99,winnuke,False,uncertainty,a5f8b30d35774549
XGBoost,uncertainty,42,4,96,01d5b100dde85d88,synflood,False,uncertainty,0f99dc9ce43a49de
XGBoost,uncertainty,42,4,97,825deb4fea25c1c4,tcp,False,uncertainty,c88ca7b9a73c5dc6
XGBoost,uncertainty,42,4,98,fa92a9ea008c765c,benign,False,uncertainty,c4d06d881bc6607d
XGBoost,uncertainty,42,4,99,0bf3f8a45fa09707,benign,False,uncertainty,ed0f10cbf63e7fd8
XGBoost,uncertainty,42,4,100,e3691977ca3b73ae,icmpflood,False,uncertainty,46c4f94197429bd3
XGBoost,uncertainty,42,5,101,e63e015de8d30bb0,tcpall,False,uncertainty,37a9a8c212ea1776
XGBoost,uncertainty,42,5,102,32eb3035509e91a4,routeip,False,uncertainty,d23350d7699c607e
XGBoost,uncertainty,42,5,103,3e9a8a2a39434eef,tcpall,False,uncertainty,f800f66d5d672040
XGBoost,uncertainty,42,5,104,15e4fab9b7358a39,winnuke,False,uncertainty,78772b9a350b8dcc
XGBoost,uncertainty,42,5,105,5dfa608156f1cdc4,winnuke,False,uncertainty,67477dfdcdb3e77c
XGBoost,uncertainty,42,5,106,a7bb6beb6adfb926,smurf,False,uncertainty,3feb386610f6b2e5
XGBoost,uncertainty,42,5,107,5f5e4d12ca9f0ff0,winnuke,False,uncertainty,67477dfdcdb3e77c
XGBoost,uncertainty,42,5,108,b06fa0c5164b81d3,winnuke,False,uncertainty,78772b9a350b8dcc
XGBoost,uncertainty,42,5,109,28d4d537996a8202,winnuke,False,uncertainty,ad0cb31ebc896d3f
XGBoost,uncertainty,42,5,110,3c2c6fdb51418f4e,winnuke,False,uncertainty,67477dfdcdb3e77c
XGBoost,uncertainty,42,5,111,c903002bb9149e3f,smurf,False,uncertainty,efca77688b41a1f7
XGBoost,uncertainty,42,5,112,f1d9a1d7a713f599,winnuke,False,uncertainty,67477dfdcdb3e77c
XGBoost,uncertainty,42,5,113,30e75e4737ec2945,winnuke,False,uncertainty,78772b9a350b8dcc
XGBoost,uncertainty,42,5,114,5b7d4c55c386c783,tcpall,False,uncertainty,25df2cbec14f457e
XGBoost,uncertainty,42,5,115,43bf905fa8f40597,land,True,uncertainty,f32a5592caebefc3
XGBoost,uncertainty,42,5,116,8c6dc00b4c677a16,winnuke,False,uncertainty,059dfc57556860cf
XGBoost,uncertainty,42,5,117,973358174f786141,icmpflood,False,uncertainty,ca808013bd99ac9c
XGBoost,uncertainty,42,5,118,47a88123212938f9,land,True,uncertainty,bdcbb19e6014cd77
XGBoost,uncertainty,42,5,119,0df1a94e90da8b30,winnuke,False,uncertainty,059dfc57556860cf
XGBoost,uncertainty,42,5,120,b9495a17cfbe48e2,winnuke,False,uncertainty,059dfc57556860cf
XGBoost,uncertainty,42,5,121,3e075d2984a0e324,ackflood,False,uncertainty,bee7dda1a0370d78
XGBoost,uncertainty,42,5,122,f64be41e03c9e840,fraggle,False,uncertainty,3508d1e1930bcf24
XGBoost,uncertainty,42,5,123,9dc74283b757143c,land,True,uncertainty,955a38b057473597
XGBoost,uncertainty,42,5,124,bb64922c92fcaef0,ackflood,False,uncertainty,a5209ac5218bedb1
XGBoost,uncertainty,42,5,125,0639f6125d959f55,tcp,False,uncertainty,57eca39e0d266170
XGBoost,uncertainty,42,6,126,20d22fa03cdcb7be,ackpflood,True,uncertainty,66a381e6377a153b
XGBoost,uncertainty,42,6,127,c2d6b5357daf0e66,winnuke,False,uncertainty,bc6c827eb16f7c9e
XGBoost,uncertainty,42,6,128,69787c0bf1813025,benign,False,uncertainty,383c2aafcbcfd3ba
XGBoost,uncertainty,42,6,129,665ad0769dabbe08,ackflood,False,uncertainty,ce67df532852c205
XGBoost,uncertainty,42,6,130,2524309ae1b2449e,ackpflood,True,uncertainty,cb6b9393aaabda7f
XGBoost,uncertainty,42,6,131,330afac55b61f679,ackpflood,True,uncertainty,e913946de0fe1ff8
XGBoost,uncertainty,42,6,132,08def5700389c597,ackflood,False,uncertainty,486ff73f149bb8ba
XGBoost,uncertainty,42,6,133,3276b4f12f7783cb,ackpflood,True,uncertainty,4bb765e024664e6e
XGBoost,uncertainty,42,6,134,b495b64dd6e99453,ackpflood,True,uncertainty,4bb765e024664e6e
XGBoost,uncertainty,42,6,135,6f0a874d88dcc726,synflood,False,uncertainty,a439b206b40a26fa
XGBoost,uncertainty,42,6,136,405697541511bba4,ackpflood,True,uncertainty,fc60f500fd93cd5e
XGBoost,uncertainty,42,6,137,6996d4435c871e33,ackpflood,True,uncertainty,4bb765e024664e6e
XGBoost,uncertainty,42,6,138,f3c2ae7bd99162db,ackpflood,True,uncertainty,fc60f500fd93cd5e
XGBoost,uncertainty,42,6,139,1a2843acd18bcaeb,ackpflood,True,uncertainty,fc60f500fd93cd5e
XGBoost,uncertainty,42,6,140,47a5a99916258a2b,ackpflood,True,uncertainty,fc60f500fd93cd5e
XGBoost,uncertainty,42,6,141,cb6d31c9fdf60fce,ackpflood,True,uncertainty,4ba9144a7ee6a55a
XGBoost,uncertainty,42,6,142,dda7332bbd524817,ackpflood,True,uncertainty,fc60f500fd93cd5e
XGBoost,uncertainty,42,6,143,2ab86da1ecc1a65a,ackpflood,True,uncertainty,4bb765e024664e6e
XGBoost,uncertainty,42,6,144,040d22b7f6b50b0d,ackpflood,True,uncertainty,fc60f500fd93cd5e
XGBoost,uncertainty,42,6,145,32faa01c3d09f219,ackpflood,True,uncertainty,fc60f500fd93cd5e
XGBoost,uncertainty,42,6,146,3548b8d4f2f87605,ackpflood,True,uncertainty,4bb765e024664e6e
XGBoost,uncertainty,42,6,147,1a46a3fb357e445c,ackpflood,True,uncertainty,fc60f500fd93cd5e
XGBoost,uncertainty,42,6,148,1632497b34be069d,ackpflood,True,uncertainty,811ae939f0302bde
XGBoost,uncertainty,42,6,149,2841d488a70c12eb,ackpflood,True,uncertainty,811ae939f0302bde
XGBoost,uncertainty,42,6,150,9de5701507423f65,ackpflood,True,uncertainty,fc60f500fd93cd5e
XGBoost,uncertainty,42,7,151,b8f860f73309c2e0,tcp,False,uncertainty,66ee22db9c6bf1e5
XGBoost,uncertainty,42,7,152,c6964e7a82a643d3,tcp,False,uncertainty,ab4c6c054d87c9d5
XGBoost,uncertainty,42,7,153,e0f4ab4a5caca50f,tcp,False,uncertainty,b6b74c911ff2db86
XGBoost,uncertainty,42,7,154,bcd060e3c32ad0d3,tcp,False,uncertainty,02334513afca4e2d
XGBoost,uncertainty,42,7,155,13adc2468fb21d1c,tcp,False,uncertainty,3a24691524162b9d
XGBoost,uncertainty,42,7,156,fdf2340533d88529,tcp,False,uncertainty,20728b55be28c7ad
XGBoost,uncertainty,42,7,157,1c44c0190ad4413e,tcp,False,uncertainty,e088198ed304262e
XGBoost,uncertainty,42,7,158,b5c7cd7e25b56036,tcp,False,uncertainty,20728b55be28c7ad
XGBoost,uncertainty,42,7,159,7a29819362127e1f,tcp,False,uncertainty,02334513afca4e2d
XGBoost,uncertainty,42,7,160,b299f07081299e96,tcp,False,uncertainty,cff699df77a3ee4f
XGBoost,uncertainty,42,7,161,d60ec88e0c921c78,tcp,False,uncertainty,20728b55be28c7ad
XGBoost,uncertainty,42,7,162,713a5c24684b737d,tcp,False,uncertainty,ab4c6c054d87c9d5
XGBoost,uncertainty,42,7,163,60ef1963040ca378,tcp,False,uncertainty,b6b74c911ff2db86
XGBoost,uncertainty,42,7,164,c8f2ea5c2bb587d4,tcp,False,uncertainty,fe0cfe2cd1d70ce7
XGBoost,uncertainty,42,7,165,75d860add0842d22,tcp,False,uncertainty,b591e7d985b4e445
XGBoost,uncertainty,42,7,166,a1f1cc9dade79573,ackflood,False,uncertainty,7e785d1999433316
XGBoost,uncertainty,42,7,167,c83d53ec11da0ee3,tcp,False,uncertainty,20728b55be28c7ad
XGBoost,uncertainty,42,7,168,40614fb7f4d4ad74,tcp,False,uncertainty,20728b55be28c7ad
XGBoost,uncertainty,42,7,169,7c4ca96c4901885a,tcp,False,uncertainty,609b2f411f37b70a
XGBoost,uncertainty,42,7,170,96787cdadc4cde16,tcp,False,uncertainty,eb53c9cda5cb8aaa
XGBoost,uncertainty,42,7,171,3cf9441b448f9e94,tcp,False,uncertainty,1e605f6d96d4f90f
XGBoost,uncertainty,42,7,172,24f37d8ba113b0ea,tcp,False,uncertainty,761777b58d5a76ad
XGBoost,uncertainty,42,7,173,1508c997aec31beb,tcp,False,uncertainty,ef0542b9fa15660a
XGBoost,uncertainty,42,7,174,43761bc476bdeb95,tcp,False,uncertainty,609b2f411f37b70a
XGBoost,uncertainty,42,7,175,3bb2e1c9eeace4f8,icmpflood,False,uncertainty,414b96fbbd01c62d
XGBoost,uncertainty,42,8,176,fd6db1cb612cf49c,smurf,False,uncertainty,61dc84960cddbc75
XGBoost,uncertainty,42,8,177,e16837a6d67f3a85,syn,False,uncertainty,f326693e85150246
XGBoost,uncertainty,42,8,178,c97906bf58eba041,benign,False,uncertainty,d885854c7f6382e6
XGBoost,uncertainty,42,8,179,83a1867ad7dfa1eb,routeip,False,uncertainty,f7bede44f92b40de
XGBoost,uncertainty,42,8,180,dc5cf61d7cdabd6f,routeip,False,uncertainty,6407d7ec4d6128a0
XGBoost,uncertainty,42,8,181,3796b0e05a07e18f,benign,False,uncertainty,6fb84a27c0a8e356
XGBoost,uncertainty,42,8,182,97d186b844696194,benign,False,uncertainty,989d3bb6655367a4
XGBoost,uncertainty,42,8,183,e9478177e040fd27,benign,False,uncertainty,1b3ed2bdad3c9904
XGBoost,uncertainty,42,8,184,9b0e0b61b3db45ba,benign,False,uncertainty,a16ca96fd67cfe94
XGBoost,uncertainty,42,8,185,17136f5307b1a274,syn,False,uncertainty,5b92c74c690ee289
XGBoost,uncertainty,42,8,186,2dbf4bacd5c1fca4,syn,False,uncertainty,6407d7ec4d6128a0
XGBoost,uncertainty,42,8,187,659f87b94b8dae95,smurf,False,uncertainty,40c6004a07e71a22
XGBoost,uncertainty,42,8,188,638c2667af4508fb,winnuke,False,uncertainty,bc8db81ffe11fefa
XGBoost,uncertainty,42,8,189,041da83813cd4b89,benign,False,uncertainty,b5ce651bcd412291
XGBoost,uncertainty,42,8,190,0506c3f75dbc40a2,benign,False,uncertainty,a9725501bb249177
XGBoost,uncertainty,42,8,191,3ae746e9b52e1de4,benign,False,uncertainty,e8b1b668a6e1c101
XGBoost,uncertainty,42,8,192,6df7a7cd99bdd5be,benign,False,uncertainty,9427ef0ae6719962
XGBoost,uncertainty,42,8,193,96d6125cb66e7695,benign,False,uncertainty,a16ca96fd67cfe94
XGBoost,uncertainty,42,8,194,bdbfdc6095038b27,benign,False,uncertainty,e8b1b668a6e1c101
XGBoost,uncertainty,42,8,195,02e3720d9d4ee7ef,benign,False,uncertainty,74dadab1aff7e5b8
XGBoost,uncertainty,42,8,196,ad6e945554b7faed,benign,False,uncertainty,a16ca96fd67cfe94
XGBoost,uncertainty,42,8,197,0b27a13f1a6be20d,benign,False,uncertainty,a16ca96fd67cfe94
XGBoost,uncertainty,42,8,198,1683e319ed4237d4,benign,False,uncertainty,a16ca96fd67cfe94
XGBoost,uncertainty,42,8,199,4372883f04b14bb9,benign,False,uncertainty,e8b1b668a6e1c101
XGBoost,uncertainty,42,8,200,e4a7663524338aba,benign,False,uncertainty,365be9ef9eb024b3
XGBoost,uncertainty,42,9,201,b0cf7595b53b40af,winnuke,False,uncertainty,388e3c0e1e4db615
XGBoost,uncertainty,42,9,202,88e9fe4bbb67372f,winnuke,False,uncertainty,444f8e92a8b10e21
XGBoost,uncertainty,42,9,203,b0143d8f4b94a58c,winnuke,False,uncertainty,388e3c0e1e4db615
XGBoost,uncertainty,42,9,204,eee168cde4881b6c,winnuke,False,uncertainty,444f8e92a8b10e21
XGBoost,uncertainty,42,9,205,55f1ad8cc01d9689,winnuke,False,uncertainty,39a31914a72cc010
XGBoost,uncertainty,42,9,206,afc6ec02e23095b2,winnuke,False,uncertainty,39a31914a72cc010
XGBoost,uncertainty,42,9,207,f21ab472b4d2c2f9,winnuke,False,uncertainty,00cb247db2593071
XGBoost,uncertainty,42,9,208,55032ec0bae8b9bd,winnuke,False,uncertainty,eab87d42e748bdf4
XGBoost,uncertainty,42,9,209,ada67b10255315da,winnuke,False,uncertainty,39a31914a72cc010
XGBoost,uncertainty,42,9,210,0f50140042c06c9d,tcp,False,uncertainty,684207b670f35a6f
XGBoost,uncertainty,42,9,211,2b63200fb5fbfc6e,tcp,False,uncertainty,01825a4448d7f9af
XGBoost,uncertainty,42,9,212,67c2df9f6fe0cfbd,winnuke,False,uncertainty,5b36d783718d36da
XGBoost,uncertainty,42,9,213,4646fde83e69e4ea,winnuke,False,uncertainty,9733971cc44ad4f0
XGBoost,uncertainty,42,9,214,1ad6a3e4abd07bb9,winnuke,False,uncertainty,39a31914a72cc010
XGBoost,uncertainty,42,9,215,cf30e8a012c48218,winnuke,False,uncertainty,39a31914a72cc010
XGBoost,uncertainty,42,9,216,b19b6094f2b66eee,winnuke,False,uncertainty,444f8e92a8b10e21
XGBoost,uncertainty,42,9,217,b7a8c36b55b81964,winnuke,False,uncertainty,444f8e92a8b10e21
XGBoost,uncertainty,42,9,218,413c08db30ec26bc,winnuke,False,uncertainty,39a31914a72cc010
XGBoost,uncertainty,42,9,219,f8dde1480265276a,winnuke,False,uncertainty,decd98c001b312c1
XGBoost,uncertainty,42,9,220,8486cc03b3990ce7,fraggle,False,uncertainty,5a65026acc1ff666
XGBoost,uncertainty,42,9,221,7ac3cfe7b573223c,ackflood,False,uncertainty,3d02d8ef7e7cfb26
XGBoost,uncertainty,42,9,222,04814a9fb1072822,benign,False,uncertainty,2c7562b7a0def6dd
XGBoost,uncertainty,42,9,223,48bfd81991679d44,benign,False,uncertainty,2a9c9791dc7f74bd
XGBoost,uncertainty,42,9,224,cc37f4df5008bcd4,ackflood,False,uncertainty,e262f392ca28272c
XGBoost,uncertainty,42,9,225,ed759d35e11827f5,tcp,False,uncertainty,80efe8589e00e213
XGBoost,uncertainty,42,10,226,9a540fa1155d4bc5,benign,False,uncertainty,35956fb282be92ab
XGBoost,uncertainty,42,10,227,faa0b2deccbd5202,winnuke,False,uncertainty,9947cad07cf2e6ef
XGBoost,uncertainty,42,10,228,3af07e944f42bd68,tcp,False,uncertainty,204d11826f747524
XGBoost,uncertainty,42,10,229,9dfa02232eb62abf,syn,False,uncertainty,5f68e3afc246b78f
XGBoost,uncertainty,42,10,230,80e5123dcf70ff81,benign,False,uncertainty,6943914414bfdd4c
XGBoost,uncertainty,42,10,231,24b7b66546f1c075,ackflood,False,uncertainty,6d7f56a3f314dab8
XGBoost,uncertainty,42,10,232,1f893f4c87f2adaf,fraggle,False,uncertainty,dd327377369fad56
XGBoost,uncertainty,42,10,233,49c8c7c2dbfa46a0,tcpall,False,uncertainty,37a9a8c212ea1776
XGBoost,uncertainty,42,10,234,6253aa73861615c9,fraggle,False,uncertainty,1afbe0457ee0afb0
XGBoost,uncertainty,42,10,235,92751cc0451bde95,synflood,False,uncertainty,eb1511166537477c
XGBoost,uncertainty,42,10,236,900a3a1b7918b76e,synflood,False,uncertainty,503b01356b9af867
XGBoost,uncertainty,42,10,237,2c9382fe655cabc4,fraggle,False,uncertainty,a288afd0cf82b7e0
XGBoost,uncertainty,42,10,238,708856d01333c64e,syn,False,uncertainty,eb1511166537477c
XGBoost,uncertainty,42,10,239,e1272a9e070302e7,syn,False,uncertainty,6407d7ec4d6128a0
XGBoost,uncertainty,42,10,240,d527f0204dda008d,syn,False,uncertainty,db6a3bc09743e34f
XGBoost,uncertainty,42,10,241,22f9beaf86ea9f83,fraggle,False,uncertainty,4d3baa045201d5f2
XGBoost,uncertainty,42,10,242,6374289871c9fce4,benign,False,uncertainty,b43c5be6c49ce354
XGBoost,uncertainty,42,10,243,6b97b95f72e49a47,fraggle,False,uncertainty,adac96d89cc6f509
XGBoost,uncertainty,42,10,244,15239aa586487b24,fraggle,False,uncertainty,28d1ae72bd2f58ec
XGBoost,uncertainty,42,10,245,26e7fc60715c02bd,fraggle,False,uncertainty,a288afd0cf82b7e0
XGBoost,uncertainty,42,10,246,3f0f04eccb1f5d70,fraggle,False,uncertainty,ed3bc2d39e945a90
XGBoost,uncertainty,42,10,247,9e12b58427f41972,benign,False,uncertainty,535d7af624d565c0
XGBoost,uncertainty,42,10,248,d033c32ac23d880b,fraggle,False,uncertainty,e47f93de2de9e5d7
XGBoost,uncertainty,42,10,249,7ea6679e2c36b163,fraggle,False,uncertainty,dfe9d116fd351d70
XGBoost,uncertainty,42,10,250,367004c7c6a0a2c3,fraggle,False,uncertainty,dfe9d116fd351d70
XGBoost,uncertainty,42,11,251,eec9c76225fbcab2,tcpall,False,uncertainty,270dd1a8adf0d6e3
XGBoost,uncertainty,42,11,252,8530a6dce7ee05dd,ackflood,False,uncertainty,7016edd27ed81e4d
XGBoost,uncertainty,42,11,253,5e688bd0de1b931d,tcpall,False,uncertainty,59e342a53a8ea90f
XGBoost,uncertainty,42,11,254,eea155299796f2d4,tcpall,False,uncertainty,270dd1a8adf0d6e3
XGBoost,uncertainty,42,11,255,56fcd19ddbc457f2,tcpall,False,uncertainty,17cf922f1da5bb90
XGBoost,uncertainty,42,11,256,026cca0444be9c0d,ackflood,False,uncertainty,916554f35b67fa9a
XGBoost,uncertainty,42,11,257,a86773ae91aeb91f,tcpall,False,uncertainty,270dd1a8adf0d6e3
XGBoost,uncertainty,42,11,258,8835c33b1b7340b1,ackflood,False,uncertainty,7eea815dbc22e55c
XGBoost,uncertainty,42,11,259,9eb57b55df294e2c,tcpall,False,uncertainty,25df2cbec14f457e
XGBoost,uncertainty,42,11,260,c3175deb0014dcb2,ackflood,False,uncertainty,3024ee1996011f9a
XGBoost,uncertainty,42,11,261,da34416381fda2a8,tcpall,False,uncertainty,270dd1a8adf0d6e3
XGBoost,uncertainty,42,11,262,6d33be7121633a26,syn,False,uncertainty,6407d7ec4d6128a0
XGBoost,uncertainty,42,11,263,b7c3158e31f250e9,ackflood,False,uncertainty,916554f35b67fa9a
XGBoost,uncertainty,42,11,264,a6e1faad41df9efc,pingofdeath,False,uncertainty,02f30548bf4cc2f5
XGBoost,uncertainty,42,11,265,06ad7546f42ad863,ackflood,False,uncertainty,b7411a2657b150c8
XGBoost,uncertainty,42,11,266,a6fa93b5a1519596,winnuke,False,uncertainty,888d4c9fbbaaa8c8
XGBoost,uncertainty,42,11,267,1d974919d74385e1,benign,False,uncertainty,b09860e3a37e636d
XGBoost,uncertainty,42,11,268,add1b1a9de8e44fc,benign,False,uncertainty,12f5dc781ba2b524
XGBoost,uncertainty,42,11,269,910317833884691c,pingofdeath,False,uncertainty,e2e84cdc53389294
XGBoost,uncertainty,42,11,270,07e09facc9074863,benign,False,uncertainty,c7a69aef458c3f18
XGBoost,uncertainty,42,11,271,50c7f9e9d97e4a6e,winnuke,False,uncertainty,3a38655dbd819dfb
XGBoost,uncertainty,42,11,272,c7a3525e700f4d11,benign,False,uncertainty,d0b7618739557c32
XGBoost,uncertainty,42,11,273,5b59612950733db0,winnuke,False,uncertainty,f181101a2e75c3f7
XGBoost,uncertainty,42,11,274,114f31dd6d815f4b,routeip,False,uncertainty,b71dc100eb642b93
XGBoost,uncertainty,42,11,275,05d6d6d2ac5d5fa4,tcpall,False,uncertainty,17cf922f1da5bb90
XGBoost,uncertainty,42,12,276,4d7481815450b62b,icmpbig,False,uncertainty,e2e84cdc53389294
XGBoost,uncertainty,42,12,277,66a393c7ed049ed4,icmpbig,False,uncertainty,e2e84cdc53389294
XGBoost,uncertainty,42,12,278,260bdf50ae1ee1df,teardrop,True,uncertainty,e2e84cdc53389294
XGBoost,uncertainty,42,12,279,54ddf2caa7c4b668,teardrop,True,uncertainty,e2e84cdc53389294
XGBoost,uncertainty,42,12,280,ecd3715069f6cd09,teardrop,True,uncertainty,02f30548bf4cc2f5
XGBoost,uncertainty,42,12,281,0eb4aa696e9ba556,icmpbig,False,uncertainty,e2e84cdc53389294
XGBoost,uncertainty,42,12,282,c2746cd1cafd4036,teardrop,True,uncertainty,02f30548bf4cc2f5
XGBoost,uncertainty,42,12,283,cf219dc01b5a0f44,pingofdeath,False,uncertainty,8dee1464df987eed
XGBoost,uncertainty,42,12,284,6201935b68896932,benign,False,uncertainty,77f99ecb8e49bb62
XGBoost,uncertainty,42,12,285,b2f65703aed8b1db,icmpbig,False,uncertainty,8dee1464df987eed
XGBoost,uncertainty,42,12,286,4fa26ab1928f55a2,smurf,False,uncertainty,8dee1464df987eed
XGBoost,uncertainty,42,12,287,4925c76a4c3e1ba7,fraggle,False,uncertainty,818a400a7b244e7f
XGBoost,uncertainty,42,12,288,e18753e389c2c61a,benign,False,uncertainty,87e168264c4c220d
XGBoost,uncertainty,42,12,289,4ec55e3275d54970,benign,False,uncertainty,97a816bde6cb2123
XGBoost,uncertainty,42,12,290,16348be6c3ddc82b,benign,False,uncertainty,d001a5f98ebf09ec
XGBoost,uncertainty,42,12,291,f55a6098b3f2a5f2,benign,False,uncertainty,fb476c6cad502235
XGBoost,uncertainty,42,12,292,726f3039426c0f86,ackflood,False,uncertainty,bca728f91c243d9b
XGBoost,uncertainty,42,12,293,14836edfcbd7167e,benign,False,uncertainty,40d6ed21caec9998
XGBoost,uncertainty,42,12,294,c6c8214acc6e9693,fraggle,False,uncertainty,78f8c1c406927cad
XGBoost,uncertainty,42,12,295,ac368d0ef23960ba,pingofdeath,False,uncertainty,1255b338bb026993
XGBoost,uncertainty,42,12,296,c9aff442468e7a17,ackflood,False,uncertainty,d67bfa3ff144dba1
XGBoost,uncertainty,42,12,297,c1d498a89d70d383,benign,False,uncertainty,a00ac5a6d471cc1f
XGBoost,uncertainty,42,12,298,286da6afa5357929,icmpbig,False,uncertainty,02f30548bf4cc2f5
XGBoost,uncertainty,42,12,299,aaafbd1f71023e84,teardrop,True,uncertainty,cf8cf06ce0e7cada
XGBoost,uncertainty,42,12,300,e0059a52b7706836,benign,False,uncertainty,e9b8c9902a3081b7
XGBoost,hybrid_open_set,42,1,1,f77a2f61e433e6d4,teardrop,True,novelty,f48deb88188adc11
XGBoost,hybrid_open_set,42,1,2,82ca55649885f1e8,benign,False,novelty,783afc98f9cd9e14
XGBoost,hybrid_open_set,42,1,3,a6e1faad41df9efc,pingofdeath,False,novelty,02f30548bf4cc2f5
XGBoost,hybrid_open_set,42,1,4,9dfa02232eb62abf,syn,False,novelty,5f68e3afc246b78f
XGBoost,hybrid_open_set,42,1,5,db185d551655015d,fraggle,False,novelty,98e1fc73fdf65e05
XGBoost,hybrid_open_set,42,1,6,070311ce0be7429d,ackflood,False,novelty,540e2ee18f32ab6d
XGBoost,hybrid_open_set,42,1,7,8189bc62c0e61085,icmpflood,False,novelty,40ed18d30a3f3f94
XGBoost,hybrid_open_set,42,1,8,6d9f8fbcf38fca5b,teardrop,True,novelty,f807d20131f016de
XGBoost,hybrid_open_set,42,1,9,e30866a38a6424c8,teardrop,True,novelty,1ab57bfc4fa70c0d
XGBoost,hybrid_open_set,42,1,10,246b58b16f36572a,teardrop,True,novelty,d79f30e58e9206a1
XGBoost,hybrid_open_set,42,1,11,6340c85f04c86ce7,teardrop,True,novelty,c2013ec1999fa857
XGBoost,hybrid_open_set,42,1,12,6cbce3fc71ad0892,teardrop,True,novelty,7ad4650073f193c0
XGBoost,hybrid_open_set,42,1,13,4083010288873dc6,teardrop,True,novelty,295e6b7bf677498a
XGBoost,hybrid_open_set,42,1,14,2df5057c2f99af2e,teardrop,True,novelty,9e8c6943d674e172
XGBoost,hybrid_open_set,42,1,15,0f8524cd1d9c695a,teardrop,True,uncertainty,7409c11e289a47aa
XGBoost,hybrid_open_set,42,1,16,db4993ddf72b03ad,teardrop,True,uncertainty,47f813adaf2ee0cf
XGBoost,hybrid_open_set,42,1,17,cb0e119e26440bf9,teardrop,True,uncertainty,74a345693602c106
XGBoost,hybrid_open_set,42,1,18,588b6cd12913e39d,teardrop,True,uncertainty,c467981fa0a38bdc
XGBoost,hybrid_open_set,42,1,19,4ad8b38b40428371,teardrop,True,uncertainty,9ad199805828433e
XGBoost,hybrid_open_set,42,1,20,6be64ec99412ba60,teardrop,True,uncertainty,c11110b107945ad1
XGBoost,hybrid_open_set,42,1,21,36412e5f7e8e38e9,teardrop,True,uncertainty,852df2823384a739
XGBoost,hybrid_open_set,42,1,22,5d3e5df0467e12bf,teardrop,True,uncertainty,082750811da479ba
XGBoost,hybrid_open_set,42,1,23,6e180c8731402883,synflood,False,random,9bbf9290c3fe1118
XGBoost,hybrid_open_set,42,1,24,e4f9013e37b587fd,icmpflood,False,random,242f118ba29b625b
XGBoost,hybrid_open_set,42,1,25,89b2f75bcd624a50,winnuke,False,random,49a0f41afac2e447
XGBoost,hybrid_open_set,42,2,26,ff1a78a87285ae81,teardrop,True,expansion,a8d86269e5cbaa82
XGBoost,hybrid_open_set,42,2,27,e7c82874d844858f,teardrop,True,expansion,9ad199805828433e
XGBoost,hybrid_open_set,42,2,28,56728b2bf2d3ad49,teardrop,True,expansion,6cc22f93c62d8820
XGBoost,hybrid_open_set,42,2,29,b9f52e19359765aa,teardrop,True,expansion,852df2823384a739
XGBoost,hybrid_open_set,42,2,30,658376ada50ebe56,teardrop,True,expansion,082750811da479ba
XGBoost,hybrid_open_set,42,2,31,64ad3694a282c9c0,teardrop,True,expansion,1425b1c76b647720
XGBoost,hybrid_open_set,42,2,32,156e3205e376ecd7,teardrop,True,expansion,c467981fa0a38bdc
XGBoost,hybrid_open_set,42,2,33,c5a93dcfbc20b264,benign,False,novelty,589841c4b4fdf4f5
XGBoost,hybrid_open_set,42,2,34,61523d93b4676248,tcp,False,novelty,186873001d86272d
XGBoost,hybrid_open_set,42,2,35,4a724d2b26a5a871,ackflood,False,novelty,6641996be971e065
XGBoost,hybrid_open_set,42,2,36,d428a5493b8fc06b,icmpflood,False,novelty,46c4f94197429bd3
XGBoost,hybrid_open_set,42,2,37,4a8c2940be2a1a5c,ackflood,False,novelty,2a2a469bf902ad2c
XGBoost,hybrid_open_set,42,2,38,c823771771fb3c09,benign,False,novelty,5bdac28169900b8d
XGBoost,hybrid_open_set,42,2,39,225f1a3709b3228e,winnuke,False,novelty,b736cf8e0622a9e3
XGBoost,hybrid_open_set,42,2,40,6d33be7121633a26,syn,False,uncertainty,6407d7ec4d6128a0
XGBoost,hybrid_open_set,42,2,41,659f87b94b8dae95,smurf,False,uncertainty,40c6004a07e71a22
XGBoost,hybrid_open_set,42,2,42,a2f94a826343a396,benign,False,uncertainty,67477dfdcdb3e77c
XGBoost,hybrid_open_set,42,2,43,55540ab2e730e3fb,benign,False,uncertainty,2afd633f5625408e
XGBoost,hybrid_open_set,42,2,44,df258aca899bfb1d,benign,False,uncertainty,e316b95a6ea31d43
XGBoost,hybrid_open_set,42,2,45,5cd801e4a3827f67,benign,False,uncertainty,87e168264c4c220d
XGBoost,hybrid_open_set,42,2,46,b59fcabb59738a2a,ackpflood,True,uncertainty,a1cb362fa310338d
XGBoost,hybrid_open_set,42,2,47,bd80cf2c7ff32ed8,benign,False,uncertainty,113a46e9f303ab17
XGBoost,hybrid_open_set,42,2,48,8625d7fe7007e21c,routeip,False,random,753bbc2687bc83bf
XGBoost,hybrid_open_set,42,2,49,c7779c7d8499dffb,fraggle,False,random,31339063f76812c2
XGBoost,hybrid_open_set,42,2,50,ead9ca92bf06f8dd,pingofdeath,False,random,ce5077f271a77911
XGBoost,hybrid_open_set,42,3,51,60e9658359382ac4,teardrop,True,expansion,f3a9ca77aa994aa6
XGBoost,hybrid_open_set,42,3,52,1ce55e90ee68cf1f,ackpflood,True,expansion,811ae939f0302bde
XGBoost,hybrid_open_set,42,3,53,5e3e473b06eb611b,teardrop,True,expansion,7409c11e289a47aa
XGBoost,hybrid_open_set,42,3,54,525f9d868ffb9a41,teardrop,True,expansion,74a345693602c106
XGBoost,hybrid_open_set,42,3,55,a95947d08dddf012,teardrop,True,expansion,295e6b7bf677498a
XGBoost,hybrid_open_set,42,3,56,1f2fc419e6aa7ea2,teardrop,True,expansion,6472f1b19cd68e4f
XGBoost,hybrid_open_set,42,3,57,3562ed6dd2671d3d,teardrop,True,expansion,4c12f83143dd15a4
XGBoost,hybrid_open_set,42,3,58,1db7eb641088292f,fraggle,False,novelty,0e97058d9ab8e995
XGBoost,hybrid_open_set,42,3,59,3c4883dab385b867,benign,False,novelty,d660f88b1530cda0
XGBoost,hybrid_open_set,42,3,60,8d379d3071eda726,synflood,False,novelty,ed2e6c955e2069ab
XGBoost,hybrid_open_set,42,3,61,a23bca276196e27a,winnuke,False,novelty,5849ff18cc628dd5
XGBoost,hybrid_open_set,42,3,62,64d239e9edb5982a,icmpflood,False,novelty,2567ba0bb30cb008
XGBoost,hybrid_open_set,42,3,63,b558ce74c5fe9d70,tcp,False,novelty,d8e89eca5649e2f3
XGBoost,hybrid_open_set,42,3,64,b29f32aac3bb86f6,fraggle,False,novelty,a288afd0cf82b7e0
XGBoost,hybrid_open_set,42,3,65,d2945336393655ef,benign,False,uncertainty,e211abd85dc820ee
XGBoost,hybrid_open_set,42,3,66,8486cc03b3990ce7,fraggle,False,uncertainty,5a65026acc1ff666
XGBoost,hybrid_open_set,42,3,67,f7c9f44d2d3f179b,winnuke,False,uncertainty,f9048f568de9bc31
XGBoost,hybrid_open_set,42,3,68,4d6a7cccdd6a5643,tcp,False,uncertainty,d3e33869024a0313
XGBoost,hybrid_open_set,42,3,69,908f15c16acc23b0,synflood,False,uncertainty,3d1e4f7737257dc3
XGBoost,hybrid_open_set,42,3,70,0506c3f75dbc40a2,benign,False,uncertainty,a9725501bb249177
XGBoost,hybrid_open_set,42,3,71,b578a8cb0810f79a,winnuke,False,uncertainty,58a1160e8243529c
XGBoost,hybrid_open_set,42,3,72,1ad71dce45c17765,benign,False,uncertainty,68c268725f00ec88
XGBoost,hybrid_open_set,42,3,73,bab5e47a2ecdf75e,icmpbig,False,random,bf640f01d7d74bf6
XGBoost,hybrid_open_set,42,3,74,541a0eb4c35fd4f7,pingofdeath,False,random,0cba7f5afa1c19ed
XGBoost,hybrid_open_set,42,3,75,c173d58b1355bcec,icmpflood,False,random,a8c6119fb609acab
XGBoost,hybrid_open_set,42,4,76,af24f8779018c6e1,teardrop,True,expansion,c467981fa0a38bdc
XGBoost,hybrid_open_set,42,4,77,7df1f19f2f9ea266,ackpflood,True,expansion,102d8c4dd3732eee
XGBoost,hybrid_open_set,42,4,78,b340e373c115ea23,teardrop,True,expansion,c11110b107945ad1
XGBoost,hybrid_open_set,42,4,79,209405c9b1b1f6eb,ackpflood,True,expansion,4ba9144a7ee6a55a
XGBoost,hybrid_open_set,42,4,80,48ce457d02921f2e,teardrop,True,expansion,47f813adaf2ee0cf
XGBoost,hybrid_open_set,42,4,81,44e2d278203d73e0,teardrop,True,expansion,7409c11e289a47aa
XGBoost,hybrid_open_set,42,4,82,741b4d7614f4fbe6,ackpflood,True,expansion,2acdf22aafbfa79e
XGBoost,hybrid_open_set,42,4,83,dcd6632ae1f00073,benign,False,novelty,18bfe22852613ef4
XGBoost,hybrid_open_set,42,4,84,344b7caf2e1dd16e,benign,False,novelty,056540a4d33308d4
XGBoost,hybrid_open_set,42,4,85,fd51a74bec7a0c93,ackflood,False,novelty,0af6cd813a409667
XGBoost,hybrid_open_set,42,4,86,f7ed2247fe57ea49,benign,False,novelty,fa2a2c0d5030f7cc
XGBoost,hybrid_open_set,42,4,87,7135d127129efb2d,benign,False,novelty,5e2545e7f3fe3f8c
XGBoost,hybrid_open_set,42,4,88,733b66e6c1d5cebb,winnuke,False,novelty,0c6c98b9dbb1dcf5
XGBoost,hybrid_open_set,42,4,89,114f31dd6d815f4b,routeip,False,novelty,b71dc100eb642b93
XGBoost,hybrid_open_set,42,4,90,f7fdd4ea6dc231ec,benign,False,uncertainty,4340ca774be75fe3
XGBoost,hybrid_open_set,42,4,91,3de85ee27bbc9e7d,icmpbig,False,uncertainty,3e9225f2c11e7cba
XGBoost,hybrid_open_set,42,4,92,f9ae08cf10627e2d,benign,False,uncertainty,f2dfe6bef4c9454a
XGBoost,hybrid_open_set,42,4,93,17c635ab6afbbfc3,tcpall,False,uncertainty,25df2cbec14f457e
XGBoost,hybrid_open_set,42,4,94,558faaff9c3d0f8c,tcpall,False,uncertainty,6d190f0ade234a41
XGBoost,hybrid_open_set,42,4,95,055438c67154f911,benign,False,uncertainty,d73b2520efde4e23
XGBoost,hybrid_open_set,42,4,96,60ef1963040ca378,tcp,False,uncertainty,b6b74c911ff2db86
XGBoost,hybrid_open_set,42,4,97,417217541c791945,tcpall,False,uncertainty,34ef57a4eef0d472
XGBoost,hybrid_open_set,42,4,98,bcd3bd8e85be59e7,icmpbig,False,random,bf640f01d7d74bf6
XGBoost,hybrid_open_set,42,4,99,94d127b13f7b0f36,icmpflood,False,random,92a8e531ef790ce3
XGBoost,hybrid_open_set,42,4,100,835af6000e98bd18,smurf,False,random,fac2383f5af9dd1f
XGBoost,hybrid_open_set,42,5,101,224a364aec182fb3,ackpflood,True,expansion,63de70e0886d565d
XGBoost,hybrid_open_set,42,5,102,5fc9e7680e5d4b05,teardrop,True,expansion,c467981fa0a38bdc
XGBoost,hybrid_open_set,42,5,103,7a78190883428ecc,teardrop,True,expansion,74a345693602c106
XGBoost,hybrid_open_set,42,5,104,3190086858507ea9,teardrop,True,expansion,7409c11e289a47aa
XGBoost,hybrid_open_set,42,5,105,0407fbcf13a5a22d,teardrop,True,expansion,47f813adaf2ee0cf
XGBoost,hybrid_open_set,42,5,106,033b6dd39fc3d0ab,teardrop,True,expansion,f3a9ca77aa994aa6
XGBoost,hybrid_open_set,42,5,107,81c5fcbb5c6b48ea,teardrop,True,expansion,1ab57bfc4fa70c0d
XGBoost,hybrid_open_set,42,5,108,b31e79b5e4354380,benign,False,novelty,68a93ff3ef31e766
XGBoost,hybrid_open_set,42,5,109,ef5c00f33eb30145,fraggle,False,novelty,823903b28d8efd6d
XGBoost,hybrid_open_set,42,5,110,dc5cf61d7cdabd6f,routeip,False,novelty,6407d7ec4d6128a0
XGBoost,hybrid_open_set,42,5,111,dead468b51e42973,winnuke,False,novelty,e52dba6f65f11904
XGBoost,hybrid_open_set,42,5,112,3bb2e1c9eeace4f8,icmpflood,False,novelty,414b96fbbd01c62d
XGBoost,hybrid_open_set,42,5,113,bf8727f7522999fa,pingofdeath,False,novelty,02f30548bf4cc2f5
XGBoost,hybrid_open_set,42,5,114,afa4ca1492a558d2,fraggle,False,novelty,dfe9d116fd351d70
XGBoost,hybrid_open_set,42,5,115,b3036c0c678fe54c,ackflood,False,uncertainty,753953ec83179214
XGBoost,hybrid_open_set,42,5,116,286b946d98f51edf,benign,False,uncertainty,16e6f1eee76e7c81
XGBoost,hybrid_open_set,42,5,117,8e62e1447bf51276,smurf,False,uncertainty,394e5145419040d4
XGBoost,hybrid_open_set,42,5,118,638c2667af4508fb,winnuke,False,uncertainty,bc8db81ffe11fefa
XGBoost,hybrid_open_set,42,5,119,17136f5307b1a274,syn,False,uncertainty,5b92c74c690ee289
XGBoost,hybrid_open_set,42,5,120,f64be41e03c9e840,fraggle,False,uncertainty,3508d1e1930bcf24
XGBoost,hybrid_open_set,42,5,121,f47990fc6257fa56,ackpflood,True,uncertainty,a1cb362fa310338d
XGBoost,hybrid_open_set,42,5,122,d7ed04e097b2eec0,icmpflood,False,uncertainty,9b01e97e7c0da3b2
XGBoost,hybrid_open_set,42,5,123,ee18dd4147b91c23,tcpfin1,False,random,ed7d0adadabb0455
XGBoost,hybrid_open_set,42,5,124,e6c125bc1036902f,routeip,False,random,753bbc2687bc83bf
XGBoost,hybrid_open_set,42,5,125,609677a436c32146,fraggle,False,random,31339063f76812c2
XGBoost,hybrid_open_set,42,6,126,1a3f6100e4ff9444,ackpflood,True,expansion,811ae939f0302bde
XGBoost,hybrid_open_set,42,6,127,9ee0c119e29903b5,teardrop,True,expansion,74a345693602c106
XGBoost,hybrid_open_set,42,6,128,313c363aae165d7c,ackpflood,True,expansion,bd510951eca832d9
XGBoost,hybrid_open_set,42,6,129,66b65cf0e370779f,teardrop,True,expansion,c467981fa0a38bdc
XGBoost,hybrid_open_set,42,6,130,e3a285984ef8334f,teardrop,True,expansion,c11110b107945ad1
XGBoost,hybrid_open_set,42,6,131,ae9ca7ae2a59ec98,teardrop,True,expansion,7409c11e289a47aa
XGBoost,hybrid_open_set,42,6,132,296ddb1bf635c1c6,teardrop,True,expansion,47f813adaf2ee0cf
XGBoost,hybrid_open_set,42,6,133,1b3fdf483d324cfc,benign,False,novelty,5777838def6d12b4
XGBoost,hybrid_open_set,42,6,134,abbd133c3c0ab4e2,land,True,novelty,ccfb10c2ea227cb4
XGBoost,hybrid_open_set,42,6,135,21421bc00b326ba1,benign,False,novelty,fa8d958b041c878d
XGBoost,hybrid_open_set,42,6,136,b42de4056d878898,teardrop,True,novelty,8dee1464df987eed
XGBoost,hybrid_open_set,42,6,137,e1272a9e070302e7,syn,False,novelty,6407d7ec4d6128a0
XGBoost,hybrid_open_set,42,6,138,0f50140042c06c9d,tcp,False,novelty,684207b670f35a6f
XGBoost,hybrid_open_set,42,6,139,612af7c95e10fc82,benign,False,novelty,a56169f967bfe521
XGBoost,hybrid_open_set,42,6,140,2d0ff1ef3529bd5a,icmpflood,False,uncertainty,f4f004dec7bcadc2
XGBoost,hybrid_open_set,42,6,141,bd434d14ac35a9f0,fraggle,False,uncertainty,862b48b8e0bf2317
XGBoost,hybrid_open_set,42,6,142,8ee612ae1f0f49d5,ackflood,False,uncertainty,61dba565c20c848b
XGBoost,hybrid_open_set,42,6,143,798f26f6af481a55,benign,False,uncertainty,07c4bf40245b985e
XGBoost,hybrid_open_set,42,6,144,a3bebce96b84cbd0,tcp,False,uncertainty,87d0e0dbbbfb4517
XGBoost,hybrid_open_set,42,6,145,e63e015de8d30bb0,tcpall,False,uncertainty,37a9a8c212ea1776
XGBoost,hybrid_open_set,42,6,146,b4acfa91c18d43a4,ackflood,False,uncertainty,63e185e8c3f96404
XGBoost,hybrid_open_set,42,6,147,7bb96bd8e11f6f46,land,True,uncertainty,654556dfa59443af
XGBoost,hybrid_open_set,42,6,148,5f3324baee7468b2,icmpbig,False,random,11ef2328aebbae9a
XGBoost,hybrid_open_set,42,6,149,8166890be08a6424,pingofdeath,False,random,0fb31bb1ae7071af
XGBoost,hybrid_open_set,42,6,150,dfccf8eec49f8431,winnuke,False,random,5fd37ff3f0125e98
XGBoost,hybrid_open_set,42,7,151,0b993b5b9ffcf3fa,land,True,expansion,11ca897764624b71
XGBoost,hybrid_open_set,42,7,152,3bb6905aa6bfcbfc,teardrop,True,expansion,47f813adaf2ee0cf
XGBoost,hybrid_open_set,42,7,153,52f60e98982d7afe,ackpflood,True,expansion,811ae939f0302bde
XGBoost,hybrid_open_set,42,7,154,1919263cd52789ef,land,True,expansion,1fb8b2e54d539a4d
XGBoost,hybrid_open_set,42,7,155,f605afc4a423dfa6,land,True,expansion,060128a0ee4f18f3
XGBoost,hybrid_open_set,42,7,156,2e2da1aae652644c,land,True,expansion,1379c5ba91c02310
XGBoost,hybrid_open_set,42,7,157,372224443c5194fa,land,True,expansion,3b6e34b87aba8d44
XGBoost,hybrid_open_set,42,7,158,673621562975e081,benign,False,novelty,c9592b253942a7a9
XGBoost,hybrid_open_set,42,7,159,e0cf4f8890d5feff,fraggle,False,novelty,67eeffedc671d1d2
XGBoost,hybrid_open_set,42,7,160,d79ab1298c83c9ab,benign,False,novelty,202ef5c26a1bcc23
XGBoost,hybrid_open_set,42,7,161,5f27ab131913a240,synflood,False,novelty,ecaf5550ee21b51e
XGBoost,hybrid_open_set,42,7,162,54f6082e618a60e0,smurf,False,novelty,c3680e056a5d8c54
XGBoost,hybrid_open_set,42,7,163,f9f263aad20f075f,tcp,False,novelty,f26bb482d4cb7d0f
XGBoost,hybrid_open_set,42,7,164,af01d499337a6998,benign,False,novelty,e3741717d33a40dd
XGBoost,hybrid_open_set,42,7,165,fff37c3deb26fa32,tcpall,False,uncertainty,146aa073103f8a9d
XGBoost,hybrid_open_set,42,7,166,9a540fa1155d4bc5,benign,False,uncertainty,35956fb282be92ab
XGBoost,hybrid_open_set,42,7,167,b9cbd7e9391b778d,ackflood,False,uncertainty,e262f392ca28272c
XGBoost,hybrid_open_set,42,7,168,498df29e369c6608,winnuke,False,uncertainty,059dfc57556860cf
XGBoost,hybrid_open_set,42,7,169,32eb3035509e91a4,routeip,False,uncertainty,d23350d7699c607e
XGBoost,hybrid_open_set,42,7,170,b1e673d9ed6a5092,smurf,False,uncertainty,8dee1464df987eed
XGBoost,hybrid_open_set,42,7,171,08def5700389c597,ackflood,False,uncertainty,486ff73f149bb8ba
XGBoost,hybrid_open_set,42,7,172,022c08ce48261376,winnuke,False,uncertainty,29334cbdfacc7f63
XGBoost,hybrid_open_set,42,7,173,c27e179581be3423,icmpflood,False,random,968102c9fdb61a70
XGBoost,hybrid_open_set,42,7,174,8e3f1912831f1fce,tcp,False,random,1084ff896fa95aab
XGBoost,hybrid_open_set,42,7,175,2d3124c7cf530b00,icmpbig,False,random,11ef2328aebbae9a
XGBoost,hybrid_open_set,42,8,176,c6658da316d0518c,land,True,expansion,1fb8b2e54d539a4d
XGBoost,hybrid_open_set,42,8,177,17099447b0c81db7,teardrop,True,expansion,7409c11e289a47aa
XGBoost,hybrid_open_set,42,8,178,c11fd5cb70895f95,ackpflood,True,expansion,811ae939f0302bde
XGBoost,hybrid_open_set,42,8,179,4676bd8546cedb16,land,True,expansion,11ca897764624b71
XGBoost,hybrid_open_set,42,8,180,a00ad1a5b11bd31e,teardrop,True,expansion,47f813adaf2ee0cf
XGBoost,hybrid_open_set,42,8,181,ae270043402d6a00,teardrop,True,expansion,c11110b107945ad1
XGBoost,hybrid_open_set,42,8,182,da5a31b5a71e35a5,teardrop,True,expansion,c467981fa0a38bdc
XGBoost,hybrid_open_set,42,8,183,2549dfbf79f7e263,benign,False,novelty,0ea88871628ce62c
XGBoost,hybrid_open_set,42,8,184,92751cc0451bde95,synflood,False,novelty,eb1511166537477c
XGBoost,hybrid_open_set,42,8,185,22644b64e63f27c2,winnuke,False,novelty,1b8d831b93e53314
XGBoost,hybrid_open_set,42,8,186,1b277e081b5d49d5,icmpbig,False,novelty,0724903c1e75ba6b
XGBoost,hybrid_open_set,42,8,187,1ad6d78b18feac48,tcp,False,novelty,38f5eac31aa5a3a8
XGBoost,hybrid_open_set,42,8,188,cf219dc01b5a0f44,pingofdeath,False,novelty,8dee1464df987eed
XGBoost,hybrid_open_set,42,8,189,93781821c3790d1c,routeip,False,novelty,c3c8157d59ce4422
XGBoost,hybrid_open_set,42,8,190,94687b4e013b7992,synflood,False,uncertainty,a439b206b40a26fa
XGBoost,hybrid_open_set,42,8,191,690b14d8daa88f8f,benign,False,uncertainty,f5412b241f954994
XGBoost,hybrid_open_set,42,8,192,6656d535f8b30c9d,tcp,False,uncertainty,25df2cbec14f457e
XGBoost,hybrid_open_set,42,8,193,0880f4956387f93c,ackflood,False,uncertainty,d67bfa3ff144dba1
XGBoost,hybrid_open_set,42,8,194,83a1867ad7dfa1eb,routeip,False,uncertainty,f7bede44f92b40de
XGBoost,hybrid_open_set,42,8,195,28e09ff0aa558120,benign,False,uncertainty,39ac2367559542da
XGBoost,hybrid_open_set,42,8,196,3af07e944f42bd68,tcp,False,uncertainty,204d11826f747524
XGBoost,hybrid_open_set,42,8,197,281c83be2e98e909,benign,False,uncertainty,8d42b7be9844cb10
XGBoost,hybrid_open_set,42,8,198,c6ecfdcaaa0729bb,icmpflood,False,random,1be34994c093bc3e
XGBoost,hybrid_open_set,42,8,199,b0a1ca4a4dabd6a0,winnuke,False,random,0541563abf895aec
XGBoost,hybrid_open_set,42,8,200,40793c1b46b3606b,fraggle,False,random,e9c5ad826faf87f5
XGBoost,hybrid_open_set,42,9,201,e8ffd4e953909d89,land,True,expansion,11ca897764624b71
XGBoost,hybrid_open_set,42,9,202,b052fa29647c1ec4,teardrop,True,expansion,c467981fa0a38bdc
XGBoost,hybrid_open_set,42,9,203,c63bb3fbdb6cff34,ackpflood,True,expansion,811ae939f0302bde
XGBoost,hybrid_open_set,42,9,204,c984c7d253e279e1,land,True,expansion,1fb8b2e54d539a4d
XGBoost,hybrid_open_set,42,9,205,8e8606e07adb7f55,teardrop,True,expansion,7409c11e289a47aa
XGBoost,hybrid_open_set,42,9,206,016eb2f588fa73d1,teardrop,True,expansion,9ad199805828433e
XGBoost,hybrid_open_set,42,9,207,f0a664709d22031c,teardrop,True,expansion,47f813adaf2ee0cf
XGBoost,hybrid_open_set,42,9,208,fa03a24e23b17728,benign,False,novelty,67eeffedc671d1d2
XGBoost,hybrid_open_set,42,9,209,708856d01333c64e,syn,False,novelty,eb1511166537477c
XGBoost,hybrid_open_set,42,9,210,a17e4162b7ab9b5d,ackflood,False,novelty,20d44d5474abb372
XGBoost,hybrid_open_set,42,9,211,aa813663c8d6e977,tcp,False,novelty,31a45e3b061477d4
XGBoost,hybrid_open_set,42,9,212,219d74ad9908837b,ackflood,False,novelty,4ca659acc0948606
XGBoost,hybrid_open_set,42,9,213,aaafbd1f71023e84,teardrop,True,novelty,cf8cf06ce0e7cada
XGBoost,hybrid_open_set,42,9,214,6b9e572bb7e0b573,fraggle,False,novelty,9f2915b8ae07ff0a
XGBoost,hybrid_open_set,42,9,215,cbe9d97cbe93fc02,benign,False,uncertainty,89eed610d2c939c7
XGBoost,hybrid_open_set,42,9,216,f6d38ce718af28a8,ackflood,False,uncertainty,2a8e42f30f344228
XGBoost,hybrid_open_set,42,9,217,94724a2f63edaa35,synflood,False,uncertainty,57f645b96ea3394a
XGBoost,hybrid_open_set,42,9,218,8cb260cf1ec7e295,smurf,False,uncertainty,2729fd3ec650b110
XGBoost,hybrid_open_set,42,9,219,491e81dcde8dcdf3,tcp,False,uncertainty,b739c4ef33593c52
XGBoost,hybrid_open_set,42,9,220,2b64f1aeb04c4d8f,winnuke,False,uncertainty,0f4bd338fa9ef162
XGBoost,hybrid_open_set,42,9,221,c814da02e7c77dd3,fraggle,False,uncertainty,8dee1464df987eed
XGBoost,hybrid_open_set,42,9,222,f8dde1480265276a,winnuke,False,uncertainty,decd98c001b312c1
XGBoost,hybrid_open_set,42,9,223,faf2c4d3f23e7a14,icmpflood,False,random,3515035f3b87e086
XGBoost,hybrid_open_set,42,9,224,da66dcde70531cd8,icmpbig,False,random,bf640f01d7d74bf6
XGBoost,hybrid_open_set,42,9,225,82a4172e32b22ecf,winnuke,False,random,85a70af0175261b3
XGBoost,hybrid_open_set,42,10,226,131b83972840d5a3,ackpflood,True,expansion,102d8c4dd3732eee
XGBoost,hybrid_open_set,42,10,227,55d7b4ca2dfe8866,teardrop,True,expansion,c11110b107945ad1
XGBoost,hybrid_open_set,42,10,228,f4805600e0ba1224,land,True,expansion,11ca897764624b71
XGBoost,hybrid_open_set,42,10,229,9de5701507423f65,ackpflood,True,expansion,fc60f500fd93cd5e
XGBoost,hybrid_open_set,42,10,230,0311baedcea5b75d,teardrop,True,expansion,c467981fa0a38bdc
XGBoost,hybrid_open_set,42,10,231,18d1f59a3f0efb3c,teardrop,True,expansion,343ad15993122bbc
XGBoost,hybrid_open_set,42,10,232,47b8b1b5277e483f,ackpflood,True,expansion,b53c88af2976916d
XGBoost,hybrid_open_set,42,10,233,2a08114f2c2a0072,fraggle,False,novelty,1b5e1f2825ab894d
XGBoost,hybrid_open_set,42,10,234,ed5f9931df4dad8f,ackflood,False,novelty,c94e6ca2a6dbdb99
XGBoost,hybrid_open_set,42,10,235,2dbf4bacd5c1fca4,syn,False,novelty,6407d7ec4d6128a0
XGBoost,hybrid_open_set,42,10,236,ec2b1e0c5efb49c1,ackflood,False,novelty,1714f05c31d05091
XGBoost,hybrid_open_set,42,10,237,f1d3536167ec027b,smurf,False,novelty,8dee1464df987eed
XGBoost,hybrid_open_set,42,10,238,7f54b67461406b38,benign,False,novelty,81a7db8e2a7992e9
XGBoost,hybrid_open_set,42,10,239,0639f6125d959f55,tcp,False,novelty,57eca39e0d266170
XGBoost,hybrid_open_set,42,10,240,ee0f2dc79138bada,tcpall,False,uncertainty,1f1d39a60cb67704
XGBoost,hybrid_open_set,42,10,241,bb64922c92fcaef0,ackflood,False,uncertainty,a5209ac5218bedb1
XGBoost,hybrid_open_set,42,10,242,1ad6a3e4abd07bb9,winnuke,False,uncertainty,39a31914a72cc010
XGBoost,hybrid_open_set,42,10,243,8a9b6e4a45f41da2,benign,False,uncertainty,d82a8a71201201e0
XGBoost,hybrid_open_set,42,10,244,fd6db1cb612cf49c,smurf,False,uncertainty,61dc84960cddbc75
XGBoost,hybrid_open_set,42,10,245,133171c58216e0bf,benign,False,uncertainty,efd283da96ba28d3
XGBoost,hybrid_open_set,42,10,246,286da6afa5357929,icmpbig,False,uncertainty,02f30548bf4cc2f5
XGBoost,hybrid_open_set,42,10,247,cbdb1bb4520d5fff,winnuke,False,uncertainty,f798b6ba8ee7ed56
XGBoost,hybrid_open_set,42,10,248,b6d9c6bbd898c9e6,icmpflood,False,random,0e00e5ec9f2c4190
XGBoost,hybrid_open_set,42,10,249,2c334afd0ff47ea7,tcpfin1,False,random,d430fed83df690c0
XGBoost,hybrid_open_set,42,10,250,efa61598671af3e8,syn,False,random,91a24eb6dfa53e45
XGBoost,hybrid_open_set,42,11,251,4b6ab2969ee06b46,teardrop,True,expansion,c467981fa0a38bdc
XGBoost,hybrid_open_set,42,11,252,635dad88c65b30dc,land,True,expansion,1fb8b2e54d539a4d
XGBoost,hybrid_open_set,42,11,253,16d6ee3b579f8b3d,ackpflood,True,expansion,102d8c4dd3732eee
XGBoost,hybrid_open_set,42,11,254,b2fe6376095fa91f,teardrop,True,expansion,7409c11e289a47aa
XGBoost,hybrid_open_set,42,11,255,841b5ac9bbc23489,teardrop,True,expansion,74a345693602c106
XGBoost,hybrid_open_set,42,11,256,a199a36b2f8686bc,teardrop,True,expansion,47f813adaf2ee0cf
XGBoost,hybrid_open_set,42,11,257,c1be5be29b1e1f2a,teardrop,True,expansion,7ad4650073f193c0
XGBoost,hybrid_open_set,42,11,258,8fd5ed92deb484a0,benign,False,novelty,928b0194cc28822f
XGBoost,hybrid_open_set,42,11,259,40aae8f116d0b338,ackflood,False,novelty,5e0d24d0842f72f0
XGBoost,hybrid_open_set,42,11,260,f62bb6836fc5ee6c,benign,False,novelty,f16cb21fe9f0605b
XGBoost,hybrid_open_set,42,11,261,33af5a45964e4ebd,fraggle,False,novelty,8dee1464df987eed
XGBoost,hybrid_open_set,42,11,262,1b53864b0f629998,tcp,False,novelty,01825a4448d7f9af
XGBoost,hybrid_open_set,42,11,263,ffc68d9a47f452ed,benign,False,novelty,292c2f4ed0aaa7f9
XGBoost,hybrid_open_set,42,11,264,a4e3f74adecb53cf,fraggle,False,novelty,7314868e917ba690
XGBoost,hybrid_open_set,42,11,265,8ac9a96e11312fe2,tcpall,False,uncertainty,59e342a53a8ea90f
XGBoost,hybrid_open_set,42,11,266,6f0a874d88dcc726,synflood,False,uncertainty,a439b206b40a26fa
XGBoost,hybrid_open_set,42,11,267,df8a8f2d80186bb3,benign,False,uncertainty,1877380525324c3f
XGBoost,hybrid_open_set,42,11,268,49eefbb77d646a37,syn,False,uncertainty,6b84a0e61a2680c1
XGBoost,hybrid_open_set,42,11,269,16e487e4e876b0cc,icmpbig,False,uncertainty,1255b338bb026993
XGBoost,hybrid_open_set,42,11,270,feda18099c8ce5f6,benign,False,uncertainty,1b3ed2bdad3c9904
XGBoost,hybrid_open_set,42,11,271,6a0a1dbebac0d678,benign,False,uncertainty,5bdac28169900b8d
XGBoost,hybrid_open_set,42,11,272,d8afb6ea1c8f6855,benign,False,uncertainty,22293d38a847c5a0
XGBoost,hybrid_open_set,42,11,273,66ee143c5be7c613,icmpflood,False,random,4c9e0370c07a8339
XGBoost,hybrid_open_set,42,11,274,d68c9e9082f0046c,smurf,False,random,4614ba434a2c3470
XGBoost,hybrid_open_set,42,11,275,210141f036e52160,icmpbig,False,random,bf640f01d7d74bf6
XGBoost,hybrid_open_set,42,12,276,46e99b26501ee8b3,teardrop,True,expansion,c467981fa0a38bdc
XGBoost,hybrid_open_set,42,12,277,a668696b7402ad58,ackpflood,True,expansion,bd510951eca832d9
XGBoost,hybrid_open_set,42,12,278,19183d6a313aee17,land,True,expansion,11ca897764624b71
XGBoost,hybrid_open_set,42,12,279,2cfd2a14eeb7e6d5,teardrop,True,expansion,47f813adaf2ee0cf
XGBoost,hybrid_open_set,42,12,280,4dccf60be9fc6db0,teardrop,True,expansion,7409c11e289a47aa
XGBoost,hybrid_open_set,42,12,281,3a75cd5e6fcf89af,teardrop,True,expansion,f3a9ca77aa994aa6
XGBoost,hybrid_open_set,42,12,282,8ce52bcb62a61443,teardrop,True,expansion,74a345693602c106
XGBoost,hybrid_open_set,42,12,283,94e75bed8b01a8ff,winnuke,False,novelty,4da402cb3fcd5f9d
XGBoost,hybrid_open_set,42,12,284,d636eb57895606e4,benign,False,novelty,ca41d1829735f01e
XGBoost,hybrid_open_set,42,12,285,e81afe69ae60cf22,ackflood,False,novelty,f4b09673ce997f6c
XGBoost,hybrid_open_set,42,12,286,f42321d2ab9b59da,teardrop,True,novelty,8dee1464df987eed
XGBoost,hybrid_open_set,42,12,287,394263321abfd0c0,ackflood,False,novelty,62418a3ba183631c
XGBoost,hybrid_open_set,42,12,288,81e45aef63aee0c1,benign,False,novelty,9c1090710d25c82e
XGBoost,hybrid_open_set,42,12,289,23b8c0bf2fb598a5,benign,False,novelty,0f5cffa4cb54f1b2
XGBoost,hybrid_open_set,42,12,290,6ce60b4ca8b605cf,fraggle,False,uncertainty,5034e5ea57497093
XGBoost,hybrid_open_set,42,12,291,888fbe0737a8336f,icmpflood,False,uncertainty,af1c76629156c875
XGBoost,hybrid_open_set,42,12,292,4b57b8508c1912a0,tcpall,False,uncertainty,3a41fa748687285b
XGBoost,hybrid_open_set,42,12,293,b09228b5a4762bf4,ackflood,False,uncertainty,097699f62e4895bb
XGBoost,hybrid_open_set,42,12,294,c8f2ea5c2bb587d4,tcp,False,uncertainty,fe0cfe2cd1d70ce7
XGBoost,hybrid_open_set,42,12,295,12b164d27eea3279,benign,False,uncertainty,6873d61811fb1633
XGBoost,hybrid_open_set,42,12,296,5dde6ab2cd7046e0,benign,False,uncertainty,26cf88deaa86cd5a
XGBoost,hybrid_open_set,42,12,297,75d860add0842d22,tcp,False,uncertainty,b591e7d985b4e445
XGBoost,hybrid_open_set,42,12,298,796da949d367df2d,pingofdeath,False,random,27f8d5f3c02d28e1
XGBoost,hybrid_open_set,42,12,299,4579945dc34f3a8d,icmpbig,False,random,11ef2328aebbae9a
XGBoost,hybrid_open_set,42,12,300,c4a6b3b98ccca7ec,routeip,False,random,753bbc2687bc83bf
XGBoost,random,2026,1,1,4ba654e07d935415,ackflood,False,random,b12cfee871decb47
XGBoost,random,2026,1,2,6918ff22222e7b24,pingofdeath,False,random,343144ee3c111a03
XGBoost,random,2026,1,3,d3c39ba475356e39,benign,False,random,3f0ed79ae61b8206
XGBoost,random,2026,1,4,d9043ec0ec239cd6,tcpall,False,random,25df2cbec14f457e
XGBoost,random,2026,1,5,d5b444d3df18ce80,benign,False,random,39ab12a9f8d5bbcd
XGBoost,random,2026,1,6,13c0c5ad3e9cf9cd,routeip,False,random,7480dec5eaacca58
XGBoost,random,2026,1,7,e7fa6bd2bc1fff64,smurf,False,random,5074e463ae1ff129
XGBoost,random,2026,1,8,ff06127c0790f0a0,ackpflood,True,random,811ae939f0302bde
XGBoost,random,2026,1,9,79f2b0764699dba7,pingofdeath,False,random,7276acf83a6c7451
XGBoost,random,2026,1,10,064827b9de500b2f,icmpflood,False,random,a1dda2d06bde0e6b
XGBoost,random,2026,1,11,4259cf7e3901f7d8,icmpbig,False,random,11ef2328aebbae9a
XGBoost,random,2026,1,12,536df274ad1fec9f,land,True,random,1fb8b2e54d539a4d
XGBoost,random,2026,1,13,e0f573a44dfbfe44,winnuke,False,random,2ec62d48d971cfd2
XGBoost,random,2026,1,14,fe4fbaf948917d3d,land,True,random,1fb8b2e54d539a4d
XGBoost,random,2026,1,15,8de3b715c20fcb6a,land,True,random,1fb8b2e54d539a4d
XGBoost,random,2026,1,16,b42f6dfac5a6a94b,ackpflood,True,random,fc60f500fd93cd5e
XGBoost,random,2026,1,17,99fbe0d501686077,tcp,False,random,956f1a59c8d3d9b5
XGBoost,random,2026,1,18,dc8c4f1295f5ff04,tcpall,False,random,6d190f0ade234a41
XGBoost,random,2026,1,19,99d9ba48acb53947,benign,False,random,99fce00383bcc248
XGBoost,random,2026,1,20,30b0d4367d1dbdcd,pingofdeath,False,random,afdd19870857602d
XGBoost,random,2026,1,21,c92993c45b08628c,tcp,False,random,50ddf0aae9d8a792
XGBoost,random,2026,1,22,762e39bd76d5cea3,fraggle,False,random,5034e5ea57497093
XGBoost,random,2026,1,23,9cc4043acf15026d,winnuke,False,random,0541563abf895aec
XGBoost,random,2026,1,24,e43421dd26f769ae,tcp,False,random,761777b58d5a76ad
XGBoost,random,2026,1,25,909df206ee87d9c9,tcp,False,random,8a0c3de433c4f985
XGBoost,random,2026,2,26,0f20d8e46e4dd60f,ackflood,False,random,e6e7170296a1d0ef
XGBoost,random,2026,2,27,f2c7c63456b07ac3,icmpflood,False,random,081b2c49eb201711
XGBoost,random,2026,2,28,0a21d3900e3e04aa,tcpfin1,False,random,3da3facffa0f3564
XGBoost,random,2026,2,29,a665614c4d472412,synflood,False,random,660b9e4f5dead3a3
XGBoost,random,2026,2,30,545b7bd79aa0d60e,tcpfin1,False,random,1a1695b4f63d38b9
XGBoost,random,2026,2,31,6a69484cec190840,pingofdeath,False,random,d9b8e076e21967d3
XGBoost,random,2026,2,32,1410ed197e449552,winnuke,False,random,7b341655dd31274e
XGBoost,random,2026,2,33,8a965984491d4e6a,icmpflood,False,random,154119a1d6ccad37
XGBoost,random,2026,2,34,988f12ca582770c3,syn,False,random,9b58eb4ca28cad6b
XGBoost,random,2026,2,35,d3aa06d5302e1fde,pingofdeath,False,random,8423ced6a82aea83
XGBoost,random,2026,2,36,07c4abce3149cf8d,smurf,False,random,4614ba434a2c3470
XGBoost,random,2026,2,37,e78bfdb76c15104b,pingofdeath,False,random,bc84623eec13b1ec
XGBoost,random,2026,2,38,533c3cdf834de973,tcp,False,random,4da4e2ec5e248502
XGBoost,random,2026,2,39,8aefac167a2c55dd,routeip,False,random,7480dec5eaacca58
XGBoost,random,2026,2,40,75d2107d55f12778,tcp,False,random,2fe8b757aa694f1f
XGBoost,random,2026,2,41,a4527662e31e1a51,tcp,False,random,eab058deef3ef772
XGBoost,random,2026,2,42,c391de5f1d3405c6,synflood,False,random,f84523dd8a51b746
XGBoost,random,2026,2,43,c8747024e1f6e6b2,syn,False,random,91a24eb6dfa53e45
XGBoost,random,2026,2,44,ef23446d59b6e94d,icmpflood,False,random,56e63e1280f995ec
XGBoost,random,2026,2,45,68e8ee3ef063530e,tcpall,False,random,25df2cbec14f457e
XGBoost,random,2026,2,46,9ffeffebc98c1565,synflood,False,random,90f44592fe8d3fd4
XGBoost,random,2026,2,47,f39d760609e94c62,icmpbig,False,random,11ef2328aebbae9a
XGBoost,random,2026,2,48,9c1cb44e596f6b52,benign,False,random,7942c022b9a685a0
XGBoost,random,2026,2,49,b6074533b44b9fe9,syn,False,random,9b58eb4ca28cad6b
XGBoost,random,2026,2,50,2a131cc81f729661,tcp,False,random,8a0c3de433c4f985
XGBoost,random,2026,3,51,4c348cb8c708bb72,syn,False,random,9b58eb4ca28cad6b
XGBoost,random,2026,3,52,6077c635df50a095,land,True,random,11ca897764624b71
XGBoost,random,2026,3,53,15ad463500f86b10,fraggle,False,random,01e2c01fba8621af
XGBoost,random,2026,3,54,fccfa638b8ef3b89,icmpflood,False,random,3da8be597bbf14e3
XGBoost,random,2026,3,55,faaf6713720df1a2,pingofdeath,False,random,788523788fb4db2b
XGBoost,random,2026,3,56,6c4aae18eb648ad2,synflood,False,random,5428ff63d319154b
XGBoost,random,2026,3,57,89265be91158db67,routeip,False,random,753bbc2687bc83bf
XGBoost,random,2026,3,58,bd8d2bd313adbf8d,routeip,False,random,753bbc2687bc83bf
XGBoost,random,2026,3,59,aca94c5e63d65471,routeip,False,random,753bbc2687bc83bf
XGBoost,random,2026,3,60,d40568a724d49bc3,synflood,False,random,d12b6d97bdd50642
XGBoost,random,2026,3,61,0a5ed433edccc8fd,smurf,False,random,5074e463ae1ff129
XGBoost,random,2026,3,62,e91a957c2ff04bb7,winnuke,False,random,0541563abf895aec
XGBoost,random,2026,3,63,b008969c13fab299,tcpfin1,False,random,1a1695b4f63d38b9
XGBoost,random,2026,3,64,c8011017218eba54,routeip,False,random,beafef6ea184545f
XGBoost,random,2026,3,65,a5046463724cdc46,syn,False,random,91a24eb6dfa53e45
XGBoost,random,2026,3,66,c5b921e26f716b9a,benign,False,random,de4463aa2b913f9a
XGBoost,random,2026,3,67,3ca96ae2b7af1dd9,tcpfin1,False,random,3da3facffa0f3564
XGBoost,random,2026,3,68,62487ec643c7c641,syn,False,random,9b58eb4ca28cad6b
XGBoost,random,2026,3,69,2cc8c0f5b3089586,syn,False,random,9b58eb4ca28cad6b
XGBoost,random,2026,3,70,d0787a95aa3a5810,ackpflood,True,random,bd510951eca832d9
XGBoost,random,2026,3,71,3a19478bfcb9874f,benign,False,random,2f644026258e8e7c
XGBoost,random,2026,3,72,c8437e846b2ab046,tcp,False,random,b591e7d985b4e445
XGBoost,random,2026,3,73,b42080530e21c9a9,pingofdeath,False,random,1796f4a0050ca2c8
XGBoost,random,2026,3,74,9d6eb3d99e38cca3,benign,False,random,430f65a62d5e6af7
XGBoost,random,2026,3,75,615d56d6ac702cc0,benign,False,random,26176bae0b7dd73f
XGBoost,random,2026,4,76,7e31f724c1e1027b,fraggle,False,random,add455247e14b58f
XGBoost,random,2026,4,77,d45b3a2cdf217d0d,fraggle,False,random,31339063f76812c2
XGBoost,random,2026,4,78,086680076255bffc,smurf,False,random,4614ba434a2c3470
XGBoost,random,2026,4,79,33c266f9d5682fd3,winnuke,False,random,0541563abf895aec
XGBoost,random,2026,4,80,7a3dd789478eeeec,benign,False,random,17077c6a58cdc347
XGBoost,random,2026,4,81,9b18b3dd3977e411,land,True,random,1fb8b2e54d539a4d
XGBoost,random,2026,4,82,324a1272623d02d2,pingofdeath,False,random,d34e7758465d2c52
XGBoost,random,2026,4,83,f60be362cadc8fbc,smurf,False,random,a58d64c443f35019
XGBoost,random,2026,4,84,bf8112fc03491725,ackflood,False,random,375706e3c87f9a71
XGBoost,random,2026,4,85,c3362a8ab54ae6af,pingofdeath,False,random,cb6317d4d12a8d45
XGBoost,random,2026,4,86,f5b0b1eed0615118,pingofdeath,False,random,154279d552ef3269
XGBoost,random,2026,4,87,4bc5c20bc255d476,syn,False,random,ea44c76917c7f15c
XGBoost,random,2026,4,88,438f836bc6f6bf9f,synflood,False,random,9a51a03c51ef26d4
XGBoost,random,2026,4,89,4f9c08d98902d050,pingofdeath,False,random,89389e22dc9b0a69
XGBoost,random,2026,4,90,575ac1c3b0f7fa27,benign,False,random,77c2df9f679fe4d2
XGBoost,random,2026,4,91,c04df916b126e543,ackflood,False,random,fa4a154eb2763fc6
XGBoost,random,2026,4,92,d8ebc5797cf49888,ackflood,False,random,c473f0d654afad63
XGBoost,random,2026,4,93,ad14df2edb994fe8,icmpbig,False,random,11ef2328aebbae9a
XGBoost,random,2026,4,94,dd6321ec6b28b21c,icmpflood,False,random,115e4272d4eeb02e
XGBoost,random,2026,4,95,333bb89d995403d0,icmpflood,False,random,d7934432c908d759
XGBoost,random,2026,4,96,885364556fa0b6da,benign,False,random,636bf55d651c01a4
XGBoost,random,2026,4,97,6e4c31c73ab1fd96,synflood,False,random,785a33bde84e4284
XGBoost,random,2026,4,98,8bc0702f2ce30276,fraggle,False,random,510e1aad16305966
XGBoost,random,2026,4,99,66313588ce924aa0,teardrop,True,random,c467981fa0a38bdc
XGBoost,random,2026,4,100,c191f0a92e8e9f2f,icmpbig,False,random,11ef2328aebbae9a
XGBoost,random,2026,5,101,864281e4318d7f5d,benign,False,random,e5d066e9524ea39e
XGBoost,random,2026,5,102,9506fae1eddc1d77,icmpflood,False,random,fb046498b8506f29
XGBoost,random,2026,5,103,567632bcb3240474,synflood,False,random,9a51a03c51ef26d4
XGBoost,random,2026,5,104,4b13e2bad2e659ad,icmpbig,False,random,734d7e997233e84a
XGBoost,random,2026,5,105,94605b2fad53a4db,icmpbig,False,random,11ef2328aebbae9a
XGBoost,random,2026,5,106,4afd236274c594a9,pingofdeath,False,random,27f8d5f3c02d28e1
XGBoost,random,2026,5,107,775179685948ac1d,winnuke,False,random,0541563abf895aec
XGBoost,random,2026,5,108,6acb96df8f3c6265,tcp,False,random,1084ff896fa95aab
XGBoost,random,2026,5,109,4fa26ab1928f55a2,smurf,False,random,8dee1464df987eed
XGBoost,random,2026,5,110,0c10034e015e3df0,tcpall,False,random,6d190f0ade234a41
XGBoost,random,2026,5,111,bb57df2c249a2098,benign,False,random,99fce00383bcc248
XGBoost,random,2026,5,112,829e89543dd4f52d,ackflood,False,random,8b835a819dbfdc02
XGBoost,random,2026,5,113,93ae138caa69255c,synflood,False,random,d12b6d97bdd50642
XGBoost,random,2026,5,114,4ee8bd44a86fda03,smurf,False,random,7e8e1e1098e43414
XGBoost,random,2026,5,115,98a600841ca597ac,benign,False,random,0f5cffa4cb54f1b2
XGBoost,random,2026,5,116,0ce236750220ec89,icmpbig,False,random,bf640f01d7d74bf6
XGBoost,random,2026,5,117,d2417e58b61d29ad,fraggle,False,random,add455247e14b58f
XGBoost,random,2026,5,118,4bd353d117423d46,routeip,False,random,753bbc2687bc83bf
XGBoost,random,2026,5,119,531ce0172834e203,icmpbig,False,random,bf640f01d7d74bf6
XGBoost,random,2026,5,120,86043cbcdf003421,ackpflood,True,random,fc60f500fd93cd5e
XGBoost,random,2026,5,121,c502cd1e9d1b0b77,ackpflood,True,random,811ae939f0302bde
XGBoost,random,2026,5,122,76af83aee5012279,ackflood,False,random,7dd27e6e9c6d2494
XGBoost,random,2026,5,123,288f3789f205cb84,fraggle,False,random,a56dce53f990c0ee
XGBoost,random,2026,5,124,a6937ec70eec38c3,icmpflood,False,random,4c9e0370c07a8339
XGBoost,random,2026,5,125,daabd700e05720c2,winnuke,False,random,7621903da1effb0b
XGBoost,random,2026,6,126,8a92eaa6a1cf5832,smurf,False,random,0c6529c04298f723
XGBoost,random,2026,6,127,b5744192d4847436,ackflood,False,random,91a751c58fb86c3b
XGBoost,random,2026,6,128,795667202d2e09d4,icmpflood,False,random,dd285a488a46e632
XGBoost,random,2026,6,129,771133e98d5de360,benign,False,random,a4aecad4576d1a88
XGBoost,random,2026,6,130,c7dbedaf41b278ca,smurf,False,random,0c6529c04298f723
XGBoost,random,2026,6,131,ea8679b71abdbb27,smurf,False,random,c62aadecbca11c46
XGBoost,random,2026,6,132,6ca8366cb37fe9ae,winnuke,False,random,0541563abf895aec
XGBoost,random,2026,6,133,ff13e4b69499343c,smurf,False,random,cdce6a64919c9766
XGBoost,random,2026,6,134,ca36442ac712fd5c,fraggle,False,random,31339063f76812c2
XGBoost,random,2026,6,135,98eae1937605ce9b,routeip,False,random,7480dec5eaacca58
XGBoost,random,2026,6,136,23960a49534eb2e6,fraggle,False,random,c7d48fa0283c13e4
XGBoost,random,2026,6,137,bc124652a910461a,smurf,False,random,62a16898a028ee78
XGBoost,random,2026,6,138,52e12280d3cb5907,tcp,False,random,2f9c208e7c08dd91
XGBoost,random,2026,6,139,8ddc2c764fe1c08d,synflood,False,random,2b98e0f313025673
XGBoost,random,2026,6,140,828d54a1dd31f631,synflood,False,random,d12b6d97bdd50642
XGBoost,random,2026,6,141,49ea94f4d68ef751,teardrop,True,random,7ad4650073f193c0
XGBoost,random,2026,6,142,ddde63d26990bd66,synflood,False,random,74fc6c27c273eee5
XGBoost,random,2026,6,143,a4df349d52e3615a,smurf,False,random,418f8a85f4e11cab
XGBoost,random,2026,6,144,89405f4609315135,routeip,False,random,753bbc2687bc83bf
XGBoost,random,2026,6,145,4b0e5c630276a7ef,benign,False,random,852bcfbc126a2b1b
XGBoost,random,2026,6,146,696d596edd855422,icmpflood,False,random,64a57b133d225cd7
XGBoost,random,2026,6,147,63cc030b5a9b3ca2,ackflood,False,random,c6075298bb4e6af1
XGBoost,random,2026,6,148,dbe8f369fb11429d,teardrop,True,random,74a345693602c106
XGBoost,random,2026,6,149,22323d936bbe74bc,syn,False,random,91a24eb6dfa53e45
XGBoost,random,2026,6,150,ed394ab229f8afe8,icmpbig,False,random,bf640f01d7d74bf6
XGBoost,random,2026,7,151,a78e8f36cbe25c89,smurf,False,random,1f3fbf566d1ee264
XGBoost,random,2026,7,152,b89a47199ab3e3c8,tcpfin1,False,random,1a1695b4f63d38b9
XGBoost,random,2026,7,153,7163ca1f03628967,pingofdeath,False,random,9ca170024eca4995
XGBoost,random,2026,7,154,08302e2d24137f70,icmpbig,False,random,4ae2d078b50034c6
XGBoost,random,2026,7,155,dbb7380425f51122,ackpflood,True,random,456c6c1c5604adc9
XGBoost,random,2026,7,156,4fcc2fee2f582e08,teardrop,True,random,c11110b107945ad1
XGBoost,random,2026,7,157,e0f67731e8e4d168,winnuke,False,random,06b8b0a3004008de
XGBoost,random,2026,7,158,127f42c722442847,fraggle,False,random,67eeffedc671d1d2
XGBoost,random,2026,7,159,91fc18fc54cbb0c7,benign,False,random,72335435f22607d4
XGBoost,random,2026,7,160,3acecf9c59ca7188,synflood,False,random,74fc6c27c273eee5
XGBoost,random,2026,7,161,f39f2fa6de28420a,fraggle,False,random,31339063f76812c2
XGBoost,random,2026,7,162,9d005180bc84366e,ackflood,False,random,1743e39b6f5565bf
XGBoost,random,2026,7,163,e7461c859eee9f06,smurf,False,random,f4df15c8bbacd8da
XGBoost,random,2026,7,164,4f5e5c2737573c8b,icmpbig,False,random,11ef2328aebbae9a
XGBoost,random,2026,7,165,1101c8a6fbbe82c5,pingofdeath,False,random,9b929f5f8f73b374
XGBoost,random,2026,7,166,7305d8473283795d,routeip,False,random,7480dec5eaacca58
XGBoost,random,2026,7,167,b7b21fdf6057fce8,icmpbig,False,random,11ef2328aebbae9a
XGBoost,random,2026,7,168,8f89692ac03d73aa,smurf,False,random,1b4ab805f3b36f8f
XGBoost,random,2026,7,169,523f425c22d02006,winnuke,False,random,0541563abf895aec
XGBoost,random,2026,7,170,9dc38c790b6e139c,fraggle,False,random,5034e5ea57497093
XGBoost,random,2026,7,171,e790e1b393097df6,icmpflood,False,random,075e1bef7fb56df8
XGBoost,random,2026,7,172,781615bd6ede6d3a,ackflood,False,random,348627914fb64a98
XGBoost,random,2026,7,173,c83977c1c29a4e75,routeip,False,random,7480dec5eaacca58
XGBoost,random,2026,7,174,825095c542d8a5f9,synflood,False,random,d12b6d97bdd50642
XGBoost,random,2026,7,175,ecd007d6f09ebb63,icmpflood,False,random,24b3540d86e5a98c
XGBoost,random,2026,8,176,84f9602f0f485e64,smurf,False,random,4614ba434a2c3470
XGBoost,random,2026,8,177,6dd8026c0dc29794,routeip,False,random,753bbc2687bc83bf
XGBoost,random,2026,8,178,683c77051dfb51bf,icmpflood,False,random,154119a1d6ccad37
XGBoost,random,2026,8,179,0549f3c84d1e1c9b,icmpbig,False,random,11ef2328aebbae9a
XGBoost,random,2026,8,180,ce686de001828eff,benign,False,random,783afc98f9cd9e14
XGBoost,random,2026,8,181,e4f4640c0705cbd1,pingofdeath,False,random,b6440813386f029a
XGBoost,random,2026,8,182,995756b0db365f4e,tcpfin1,False,random,3da3facffa0f3564
XGBoost,random,2026,8,183,401f18beb8826680,tcpall,False,random,5589e729e8344363
XGBoost,random,2026,8,184,0776171968fb4f02,syn,False,random,9b58eb4ca28cad6b
XGBoost,random,2026,8,185,4c12f950c5d98e32,benign,False,random,66899159fe28cd65
XGBoost,random,2026,8,186,098ea933161309ad,pingofdeath,False,random,645b2d195afc9930
XGBoost,random,2026,8,187,73823255b8854353,winnuke,False,random,b56a4da5cef62eb0
XGBoost,random,2026,8,188,702a44ced4973291,teardrop,True,random,c11110b107945ad1
XGBoost,random,2026,8,189,6f24e5e1d3317cbd,routeip,False,random,7480dec5eaacca58
XGBoost,random,2026,8,190,80efdd784a6513d0,synflood,False,random,f4efa23870b784d1
XGBoost,random,2026,8,191,b59e35a26933117c,pingofdeath,False,random,9b5112c7b1117a54
XGBoost,random,2026,8,192,7837c9ac3e06825a,synflood,False,random,f253e22cb89c4a3d
XGBoost,random,2026,8,193,4a567ae526765b97,land,True,random,1fb8b2e54d539a4d
XGBoost,random,2026,8,194,19cc861e3a309a7c,icmpbig,False,random,bf640f01d7d74bf6
XGBoost,random,2026,8,195,cba1f1a7eb2ed049,icmpbig,False,random,4ae2d078b50034c6
XGBoost,random,2026,8,196,d1b2092727beadb9,pingofdeath,False,random,a8309b1e3f5a1754
XGBoost,random,2026,8,197,9e55a1da82539150,icmpflood,False,random,896472c1dc5726bc
XGBoost,random,2026,8,198,fad7f6e67b9f7cfa,teardrop,True,random,9ad199805828433e
XGBoost,random,2026,8,199,728314e0548c4b98,tcp,False,random,609b2f411f37b70a
XGBoost,random,2026,8,200,14eace278466cf1c,winnuke,False,random,0541563abf895aec
XGBoost,random,2026,9,201,26d2cf47fd1b7b82,synflood,False,random,051df076c34fd593
XGBoost,random,2026,9,202,e56539716aedda6b,synflood,False,random,927899bebd1c41c5
XGBoost,random,2026,9,203,a1fe17f4c3696b55,benign,False,random,379055fd737e3715
XGBoost,random,2026,9,204,3bf8003cb88ac572,tcpfin1,False,random,3da3facffa0f3564
XGBoost,random,2026,9,205,be4a7419ce878abf,routeip,False,random,753bbc2687bc83bf
XGBoost,random,2026,9,206,db2ca20bb69775fd,fraggle,False,random,a56dce53f990c0ee
XGBoost,random,2026,9,207,a3e19ac9fc4a9d92,benign,False,random,dce4ea2982f3dc12
XGBoost,random,2026,9,208,2d4b199012757eb2,ackflood,False,random,db4ebbb3b7b5b74a
XGBoost,random,2026,9,209,85765074390b31ec,winnuke,False,random,9a640dd5ee54354c
XGBoost,random,2026,9,210,5948087bb7260bb6,icmpbig,False,random,11ef2328aebbae9a
XGBoost,random,2026,9,211,71af64f80352c250,ackflood,False,random,9f46bb47034242e0
XGBoost,random,2026,9,212,8797059417748e23,smurf,False,random,4614ba434a2c3470
XGBoost,random,2026,9,213,efcace67b1f68f86,icmpbig,False,random,bf640f01d7d74bf6
XGBoost,random,2026,9,214,8f6fa67c7f263485,benign,False,random,430f65a62d5e6af7
XGBoost,random,2026,9,215,3f61cc3a9fa087fc,icmpflood,False,random,0154d078c9a97f53
XGBoost,random,2026,9,216,f5962b735140261a,land,True,random,1fb8b2e54d539a4d
XGBoost,random,2026,9,217,311ec02a9643719f,synflood,False,random,9bbf9290c3fe1118
XGBoost,random,2026,9,218,423a428d4c1e942e,winnuke,False,random,afa132293ef2e0ba
XGBoost,random,2026,9,219,a873e9a313257f88,fraggle,False,random,03698469be58ab8b
XGBoost,random,2026,9,220,c141667c01632ace,tcpfin1,False,random,3da3facffa0f3564
XGBoost,random,2026,9,221,dc9f7c77500442b0,smurf,False,random,f4df15c8bbacd8da
XGBoost,random,2026,9,222,41a0b828e82d61ba,synflood,False,random,d7e6c710e793d7be
XGBoost,random,2026,9,223,56872e93d9d61ce7,ackflood,False,random,e4e862eb72b64446
XGBoost,random,2026,9,224,65bebfc8c80f6340,teardrop,True,random,74a345693602c106
XGBoost,random,2026,9,225,d71530cabb0e4388,winnuke,False,random,8ef1d955f5e8ca94
XGBoost,random,2026,10,226,1b5499dabbe4295d,syn,False,random,9b58eb4ca28cad6b
XGBoost,random,2026,10,227,cd997e037f7a0e15,ackpflood,True,random,bd510951eca832d9
XGBoost,random,2026,10,228,f87fa797564b4f02,syn,False,random,91a24eb6dfa53e45
XGBoost,random,2026,10,229,50b38e04a4b010f6,land,True,random,1fb8b2e54d539a4d
XGBoost,random,2026,10,230,e535a772dc1c0a16,winnuke,False,random,d625cbcbf6ce4e9b
XGBoost,random,2026,10,231,cc45dd654a49c168,benign,False,random,3aa6c1455743dfbf
XGBoost,random,2026,10,232,559f7d5305c28b05,pingofdeath,False,random,27f8d5f3c02d28e1
XGBoost,random,2026,10,233,3c9378a4d49c404c,land,True,random,1fb8b2e54d539a4d
XGBoost,random,2026,10,234,f6bfa0c29d24933a,tcpfin1,False,random,1a1695b4f63d38b9
XGBoost,random,2026,10,235,dd92a8318eea1ccd,tcpall,False,random,25df2cbec14f457e
XGBoost,random,2026,10,236,43e753e5168d12ee,synflood,False,random,76684c02635f367e
XGBoost,random,2026,10,237,22b476f7a84cee6a,fraggle,False,random,a0ebf3c9d8ba74fa
XGBoost,random,2026,10,238,366e3e3c86ae24a1,tcp,False,random,11386c872c55a9f9
XGBoost,random,2026,10,239,c75eb57ca693560c,icmpbig,False,random,734d7e997233e84a
XGBoost,random,2026,10,240,cfd92ffbbb0b2c55,synflood,False,random,e929e30ecd5f16b7
XGBoost,random,2026,10,241,eac4d859c51c051e,pingofdeath,False,random,ad08b780717c5442
XGBoost,random,2026,10,242,4c94f8de51beb781,smurf,False,random,634e6cb8526ea457
XGBoost,random,2026,10,243,fb1af366567e93ca,land,True,random,1fb8b2e54d539a4d
XGBoost,random,2026,10,244,b020a7cffde72548,winnuke,False,random,0541563abf895aec
XGBoost,random,2026,10,245,8781c0f8d7a115da,ackflood,False,random,53a5e07346f4ec38
XGBoost,random,2026,10,246,c88fe534e5af231c,teardrop,True,random,9ad199805828433e
XGBoost,random,2026,10,247,b0b79b419bb8938c,synflood,False,random,8a3ed2acaafa363b
XGBoost,random,2026,10,248,87a527a51a48cb7f,benign,False,random,accc4c31543128d1
XGBoost,random,2026,10,249,f1245fb93e21a283,pingofdeath,False,random,c2e1590d8e802a1c
XGBoost,random,2026,10,250,a346af4953d1534c,icmpbig,False,random,bf640f01d7d74bf6
XGBoost,random,2026,11,251,debd663947613056,tcp,False,random,761777b58d5a76ad
XGBoost,random,2026,11,252,12f8452add157573,routeip,False,random,753bbc2687bc83bf
XGBoost,random,2026,11,253,7baa9e73a10e8e94,land,True,random,1fb8b2e54d539a4d
XGBoost,random,2026,11,254,0f258407c2c9a590,winnuke,False,random,826fdca88b1b77d9
XGBoost,random,2026,11,255,dfd7973943b0f86f,winnuke,False,random,410bcc024f654308
XGBoost,random,2026,11,256,24643df7c69cafbe,tcpall,False,random,6d190f0ade234a41
XGBoost,random,2026,11,257,c74bec749de7a5a1,winnuke,False,random,0541563abf895aec
XGBoost,random,2026,11,258,426194d329cac5e9,tcp,False,random,8a0c3de433c4f985
XGBoost,random,2026,11,259,496322f3335719e8,fraggle,False,random,67eeffedc671d1d2
XGBoost,random,2026,11,260,f03c5790b683d0c1,syn,False,random,91a24eb6dfa53e45
XGBoost,random,2026,11,261,fa1df7d88f0e5db5,synflood,False,random,264886fc421b09cd
XGBoost,random,2026,11,262,307b5f266ebe5f61,pingofdeath,False,random,8e43e89eb2841412
XGBoost,random,2026,11,263,20ff48eaa6fae4b1,fraggle,False,random,31339063f76812c2
XGBoost,random,2026,11,264,84d3cc00842a21b4,icmpbig,False,random,11ef2328aebbae9a
XGBoost,random,2026,11,265,aa90fa8f4daf608b,icmpflood,False,random,a05ffc276de691a9
XGBoost,random,2026,11,266,6457a2b66c08668c,pingofdeath,False,random,842d0fc63a0027f4
XGBoost,random,2026,11,267,745430074f559324,syn,False,random,1f970c937f152aa7
XGBoost,random,2026,11,268,be7e6dee4af57abc,icmpflood,False,random,46c4f94197429bd3
XGBoost,random,2026,11,269,11aabf84ec3de499,pingofdeath,False,random,6135141206096981
XGBoost,random,2026,11,270,502c25c5f4b1dc7a,icmpflood,False,random,195cff201c45896e
XGBoost,random,2026,11,271,a91eb642d7ffc859,fraggle,False,random,70771c4bcd099d39
XGBoost,random,2026,11,272,2f8b93991f4553f9,winnuke,False,random,797ef37b481170f9
XGBoost,random,2026,11,273,3846123171ff3431,teardrop,True,random,f807d20131f016de
XGBoost,random,2026,11,274,68636468df438ba3,icmpflood,False,random,24b3540d86e5a98c
XGBoost,random,2026,11,275,3afe1df651d28ddf,icmpbig,False,random,11ef2328aebbae9a
XGBoost,random,2026,12,276,0b36b2b4c342e4e1,icmpbig,False,random,11ef2328aebbae9a
XGBoost,random,2026,12,277,0d30e3e71e3d3c81,smurf,False,random,69954bf261bb1d9e
XGBoost,random,2026,12,278,c63472f7bb6588a5,benign,False,random,278975cbcaa57107
XGBoost,random,2026,12,279,03ebdbc56488f937,benign,False,random,f72fb8c6682e550e
XGBoost,random,2026,12,280,10b1f24d122b557a,tcp,False,random,041bf9c2b20075af
XGBoost,random,2026,12,281,d0782094a858566a,tcpall,False,random,25df2cbec14f457e
XGBoost,random,2026,12,282,78a7f667da5970f2,benign,False,random,27f3c83c7b17c4a1
XGBoost,random,2026,12,283,ea0ce70d8d6865d2,icmpflood,False,random,1a8a950154dcb23e
XGBoost,random,2026,12,284,f47345b7b3c11769,synflood,False,random,f4efa23870b784d1
XGBoost,random,2026,12,285,43945d64787e5422,winnuke,False,random,410bcc024f654308
XGBoost,random,2026,12,286,02c5f24fb1b13ed2,syn,False,random,91a24eb6dfa53e45
XGBoost,random,2026,12,287,d74842956685d02f,winnuke,False,random,a54774f1e9cef095
XGBoost,random,2026,12,288,2fa6878a417fa1e5,fraggle,False,random,31339063f76812c2
XGBoost,random,2026,12,289,d9a8d79956488899,tcpfin1,False,random,3da3facffa0f3564
XGBoost,random,2026,12,290,08c720e01ed27db0,winnuke,False,random,4cd77e8088d073fd
XGBoost,random,2026,12,291,e76b088d5e970cf1,winnuke,False,random,276465401eb5b946
XGBoost,random,2026,12,292,6b9b3863bfcafc28,fraggle,False,random,31339063f76812c2
XGBoost,random,2026,12,293,3ada612cd1448150,benign,False,random,38bb2aee8c1ebf62
XGBoost,random,2026,12,294,60dcc60ccae30377,fraggle,False,random,5034e5ea57497093
XGBoost,random,2026,12,295,0aeac82aa8d4d7b7,tcp,False,random,b591e7d985b4e445
XGBoost,random,2026,12,296,f1f10eda165ae56a,icmpbig,False,random,11ef2328aebbae9a
XGBoost,random,2026,12,297,0fcc7786f91f4372,synflood,False,random,2758c9d1858b9c82
XGBoost,random,2026,12,298,a7680b3f0332c46e,syn,False,random,9b58eb4ca28cad6b
XGBoost,random,2026,12,299,4ae906ccca9c5754,ackflood,False,random,f690c16b26140051
XGBoost,random,2026,12,300,b3558b0eca069f58,synflood,False,random,c8dcc68eceb08b3e
XGBoost,uncertainty,2026,1,1,520fbf482f11434f,teardrop,True,uncertainty,eefa7f5d30d6b20c
XGBoost,uncertainty,2026,1,2,adf8aab526e8abbb,teardrop,True,uncertainty,1ab57bfc4fa70c0d
XGBoost,uncertainty,2026,1,3,6750a17d7078460c,teardrop,True,uncertainty,4c12f83143dd15a4
XGBoost,uncertainty,2026,1,4,e643c3ae8a6254c9,teardrop,True,uncertainty,5bc4c1106c05ca18
XGBoost,uncertainty,2026,1,5,e3c94a8c537a7a8f,teardrop,True,uncertainty,f48deb88188adc11
XGBoost,uncertainty,2026,1,6,5a7949862e4f8c88,teardrop,True,uncertainty,f48deb88188adc11
XGBoost,uncertainty,2026,1,7,ba983e33e8d0085e,teardrop,True,uncertainty,f48deb88188adc11
XGBoost,uncertainty,2026,1,8,001971e330ba51b7,teardrop,True,uncertainty,c2013ec1999fa857
XGBoost,uncertainty,2026,1,9,565261a351d3af25,teardrop,True,uncertainty,f227b6bf7a6bee83
XGBoost,uncertainty,2026,1,10,34edb58f833056b1,teardrop,True,uncertainty,c11110b107945ad1
XGBoost,uncertainty,2026,1,11,5f276e3234f5edeb,teardrop,True,uncertainty,c467981fa0a38bdc
XGBoost,uncertainty,2026,1,12,a7848d54aadcebda,teardrop,True,uncertainty,47f813adaf2ee0cf
XGBoost,uncertainty,2026,1,13,a70d42f7bfcf4e67,teardrop,True,uncertainty,c467981fa0a38bdc
XGBoost,uncertainty,2026,1,14,0d1af69c6913e8ba,teardrop,True,uncertainty,c11110b107945ad1
XGBoost,uncertainty,2026,1,15,b6e89a97b5d0180f,teardrop,True,uncertainty,c467981fa0a38bdc
XGBoost,uncertainty,2026,1,16,91ce67bbac53012f,teardrop,True,uncertainty,c467981fa0a38bdc
XGBoost,uncertainty,2026,1,17,2572d2f01c8dd7d6,teardrop,True,uncertainty,c467981fa0a38bdc
XGBoost,uncertainty,2026,1,18,b4a8f39e12987599,teardrop,True,uncertainty,c11110b107945ad1
XGBoost,uncertainty,2026,1,19,6577fa63b859eacf,teardrop,True,uncertainty,c467981fa0a38bdc
XGBoost,uncertainty,2026,1,20,339e1e26f93c651e,teardrop,True,uncertainty,c467981fa0a38bdc
XGBoost,uncertainty,2026,1,21,9a7f63a946780b52,teardrop,True,uncertainty,9ad199805828433e
XGBoost,uncertainty,2026,1,22,31ffde5c81a6337e,teardrop,True,uncertainty,c11110b107945ad1
XGBoost,uncertainty,2026,1,23,766260f6bca80d82,teardrop,True,uncertainty,c467981fa0a38bdc
XGBoost,uncertainty,2026,1,24,c311c67ef88e3a45,teardrop,True,uncertainty,c467981fa0a38bdc
XGBoost,uncertainty,2026,1,25,0b8b859bfdbca64a,teardrop,True,uncertainty,c467981fa0a38bdc
XGBoost,uncertainty,2026,2,26,ba4ea545914af27d,benign,False,uncertainty,6d0ac574d81a1eb1
XGBoost,uncertainty,2026,2,27,77dc0c6d20529823,syn,False,uncertainty,84ce6e49d66c1780
XGBoost,uncertainty,2026,2,28,9781581adf5a5334,benign,False,uncertainty,073c88ac3075bfa7
XGBoost,uncertainty,2026,2,29,0df6a8957bcafac9,benign,False,uncertainty,027048a82304685c
XGBoost,uncertainty,2026,2,30,5c7c21c6f83f3a2b,ackflood,False,uncertainty,5855e76e6e65f91d
XGBoost,uncertainty,2026,2,31,48c5b939ad014e6e,benign,False,uncertainty,7a7eb2c8f12f261c
XGBoost,uncertainty,2026,2,32,1de19988e980f9b8,ackflood,False,uncertainty,6904e92215d4fc0a
XGBoost,uncertainty,2026,2,33,4daccbd164bc0504,benign,False,uncertainty,79eb2f644206cc48
XGBoost,uncertainty,2026,2,34,2b3d52d3af540bc2,benign,False,uncertainty,30d9eeb37af51700
XGBoost,uncertainty,2026,2,35,0ab103fe2e75868f,icmpflood,False,uncertainty,1ae01a79fe288d6d
XGBoost,uncertainty,2026,2,36,4876a7b2258a1ea7,benign,False,uncertainty,30d9eeb37af51700
XGBoost,uncertainty,2026,2,37,eaef4850c5da3463,icmpflood,False,uncertainty,18720c788a833790
XGBoost,uncertainty,2026,2,38,a56c685946fa0539,icmpflood,False,uncertainty,76e8e877d1bf63ba
XGBoost,uncertainty,2026,2,39,85ed03770f965f54,icmpflood,False,uncertainty,a5bd9ffb870c87fb
XGBoost,uncertainty,2026,2,40,16b83cceb33cae1c,icmpflood,False,uncertainty,1d8c7213f7244284
XGBoost,uncertainty,2026,2,41,a385d3fcaa130cd6,tcpall,False,uncertainty,c946f18387edcc93
XGBoost,uncertainty,2026,2,42,7979965b86e17ba4,benign,False,uncertainty,4bdd673e4d1b258d
XGBoost,uncertainty,2026,2,43,7921600acbe66c33,benign,False,uncertainty,d80bd9089f8a8a7a
XGBoost,uncertainty,2026,2,44,6a840514c4ed7183,benign,False,uncertainty,4d126dd5b0ee0af7
XGBoost,uncertainty,2026,2,45,72ad441d62f8f207,benign,False,uncertainty,4d126dd5b0ee0af7
XGBoost,uncertainty,2026,2,46,61cf8bbbf0702609,benign,False,uncertainty,dc4fb53a79506168
XGBoost,uncertainty,2026,2,47,a313a7b218ae1f57,benign,False,uncertainty,a69a8df489a4e5f7
XGBoost,uncertainty,2026,2,48,9a2f0e3562f71cf8,icmpflood,False,uncertainty,18720c788a833790
XGBoost,uncertainty,2026,2,49,985a3f14cdc9ecbb,icmpflood,False,uncertainty,1934cbd8e065d457
XGBoost,uncertainty,2026,2,50,907eed3eef44c95b,ackflood,False,uncertainty,09f04925def8806f
XGBoost,uncertainty,2026,3,51,67f1352e3ea75b24,winnuke,False,uncertainty,8d2bec8c0a0a17b1
XGBoost,uncertainty,2026,3,52,690b14d8daa88f8f,benign,False,uncertainty,f5412b241f954994
XGBoost,uncertainty,2026,3,53,a7a6959a499e9277,winnuke,False,uncertainty,8d2bec8c0a0a17b1
XGBoost,uncertainty,2026,3,54,8c947c02efa77d86,winnuke,False,uncertainty,8d2bec8c0a0a17b1
XGBoost,uncertainty,2026,3,55,06ad7546f42ad863,ackflood,False,uncertainty,b7411a2657b150c8
XGBoost,uncertainty,2026,3,56,ea288a0733142432,smurf,False,uncertainty,0c6529c04298f723
XGBoost,uncertainty,2026,3,57,8ac9a96e11312fe2,tcpall,False,uncertainty,59e342a53a8ea90f
XGBoost,uncertainty,2026,3,58,a75223b2c7578ca6,winnuke,False,uncertainty,0aba3271a4a21a95
XGBoost,uncertainty,2026,3,59,a330cba2d52b3401,ackflood,False,uncertainty,b43f6882190351e3
XGBoost,uncertainty,2026,3,60,b1726d6f096381d1,synflood,False,uncertainty,2a2a469bf902ad2c
XGBoost,uncertainty,2026,3,61,4aae594dba924adb,winnuke,False,uncertainty,30ff45b357efc056
XGBoost,uncertainty,2026,3,62,eee6ab150cf83173,synflood,False,uncertainty,2a2a469bf902ad2c
XGBoost,uncertainty,2026,3,63,94687b4e013b7992,synflood,False,uncertainty,a439b206b40a26fa
XGBoost,uncertainty,2026,3,64,6f0a874d88dcc726,synflood,False,uncertainty,a439b206b40a26fa
XGBoost,uncertainty,2026,3,65,247d4fa2c7be9b71,ackflood,False,uncertainty,63e185e8c3f96404
XGBoost,uncertainty,2026,3,66,c2d6b5357daf0e66,winnuke,False,uncertainty,bc6c827eb16f7c9e
XGBoost,uncertainty,2026,3,67,6aeedf50f6a7b99f,synflood,False,uncertainty,82da50d65eff7708
XGBoost,uncertainty,2026,3,68,e8ee5ec2d1049a96,ackflood,False,uncertainty,753953ec83179214
XGBoost,uncertainty,2026,3,69,a7bb6beb6adfb926,smurf,False,uncertainty,3feb386610f6b2e5
XGBoost,uncertainty,2026,3,70,7d6382ea82ec8957,ackflood,False,uncertainty,98cf5d7ecc49e274
XGBoost,uncertainty,2026,3,71,b4acfa91c18d43a4,ackflood,False,uncertainty,63e185e8c3f96404
XGBoost,uncertainty,2026,3,72,9a7e01614fcc3ce5,synflood,False,uncertainty,63e185e8c3f96404
XGBoost,uncertainty,2026,3,73,6db926dd817240d3,ackflood,False,uncertainty,98cf5d7ecc49e274
XGBoost,uncertainty,2026,3,74,88689658ac70b3f6,synflood,False,uncertainty,df2d272a9b73a64b
XGBoost,uncertainty,2026,3,75,853a540e08c7340c,ackflood,False,uncertainty,77afad4d20651ab6
XGBoost,uncertainty,2026,4,76,b59fcabb59738a2a,ackpflood,True,uncertainty,a1cb362fa310338d
XGBoost,uncertainty,2026,4,77,fd128d7419daec28,pingofdeath,False,uncertainty,97b1a2b42a8f87ec
XGBoost,uncertainty,2026,4,78,23709770f6c78d62,ackpflood,True,uncertainty,bd510951eca832d9
XGBoost,uncertainty,2026,4,79,e8d986ad7728af0b,ackpflood,True,uncertainty,e0beecf3b3b8b78c
XGBoost,uncertainty,2026,4,80,965024fc60b5704d,benign,False,uncertainty,c13ea2c54053d7ec
XGBoost,uncertainty,2026,4,81,b9f17992a5c4372e,ackpflood,True,uncertainty,bd510951eca832d9
XGBoost,uncertainty,2026,4,82,b70b70f6465aff80,ackpflood,True,uncertainty,20b6148f5a616add
XGBoost,uncertainty,2026,4,83,0e34ec0f2a8efeb9,ackpflood,True,uncertainty,bd510951eca832d9
XGBoost,uncertainty,2026,4,84,014c94f0a6b6e652,ackpflood,True,uncertainty,bd510951eca832d9
XGBoost,uncertainty,2026,4,85,209405c9b1b1f6eb,ackpflood,True,uncertainty,4ba9144a7ee6a55a
XGBoost,uncertainty,2026,4,86,fa6654e2c0d2015f,ackpflood,True,uncertainty,bd510951eca832d9
XGBoost,uncertainty,2026,4,87,b5fc4454c7243680,ackpflood,True,uncertainty,bd510951eca832d9
XGBoost,uncertainty,2026,4,88,b6fd2693efff024a,ackpflood,True,uncertainty,456c6c1c5604adc9
XGBoost,uncertainty,2026,4,89,d88485163d495148,ackpflood,True,uncertainty,599530fe5fc03bed
XGBoost,uncertainty,2026,4,90,34427163e7c7056b,ackpflood,True,uncertainty,4bb765e024664e6e
XGBoost,uncertainty,2026,4,91,5b522d9df47f77f9,ackpflood,True,uncertainty,4bb765e024664e6e
XGBoost,uncertainty,2026,4,92,31dee19b7cc2c451,ackpflood,True,uncertainty,4bb765e024664e6e
XGBoost,uncertainty,2026,4,93,546681b0a78121da,ackpflood,True,uncertainty,4bb765e024664e6e
XGBoost,uncertainty,2026,4,94,74994cd01a2c003b,ackpflood,True,uncertainty,a1cb362fa310338d
XGBoost,uncertainty,2026,4,95,97c1036c5affcf74,ackpflood,True,uncertainty,fc60f500fd93cd5e
XGBoost,uncertainty,2026,4,96,228165080a2d3f18,tcpfin1,False,uncertainty,d28a59afb4cdc947
XGBoost,uncertainty,2026,4,97,7367a8d5124e0062,ackpflood,True,uncertainty,102d8c4dd3732eee
XGBoost,uncertainty,2026,4,98,644ddddda959e6df,ackpflood,True,uncertainty,bd510951eca832d9
XGBoost,uncertainty,2026,4,99,4839141b4d9dd315,ackpflood,True,uncertainty,a1cb362fa310338d
XGBoost,uncertainty,2026,4,100,cb6d31c9fdf60fce,ackpflood,True,uncertainty,4ba9144a7ee6a55a
XGBoost,uncertainty,2026,5,101,a82430bd057fd0cf,tcp,False,uncertainty,02db95145d1ecbc7
XGBoost,uncertainty,2026,5,102,5e688bd0de1b931d,tcpall,False,uncertainty,59e342a53a8ea90f
XGBoost,uncertainty,2026,5,103,ed759d35e11827f5,tcp,False,uncertainty,80efe8589e00e213
XGBoost,uncertainty,2026,5,104,c4ed18236604cf95,tcp,False,uncertainty,80efe8589e00e213
XGBoost,uncertainty,2026,5,105,85ff06ed54b06b11,tcp,False,uncertainty,5ddeea1e41328631
XGBoost,uncertainty,2026,5,106,e745321373822a59,tcpall,False,uncertainty,a042edc49b2eb6c6
XGBoost,uncertainty,2026,5,107,7025e3771476ef8c,tcp,False,uncertainty,81d342f379d85ea4
XGBoost,uncertainty,2026,5,108,3bb2e1c9eeace4f8,icmpflood,False,uncertainty,414b96fbbd01c62d
XGBoost,uncertainty,2026,5,109,680a9dc01a0fa4cb,tcpall,False,uncertainty,a042edc49b2eb6c6
XGBoost,uncertainty,2026,5,110,ffc1229c553babd7,tcp,False,uncertainty,a042edc49b2eb6c6
XGBoost,uncertainty,2026,5,111,1a71bcbae286ecf3,tcp,False,uncertainty,4296318db76a2461
XGBoost,uncertainty,2026,5,112,b30cc2c1902698b7,tcp,False,uncertainty,dd41d42db133230c
XGBoost,uncertainty,2026,5,113,49fe64bf70631640,tcp,False,uncertainty,9b4e075fbde4a4c2
XGBoost,uncertainty,2026,5,114,2f2a6b1486d295bd,winnuke,False,uncertainty,fab892f73c1fd41a
XGBoost,uncertainty,2026,5,115,713a5c24684b737d,tcp,False,uncertainty,ab4c6c054d87c9d5
XGBoost,uncertainty,2026,5,116,e00e6661e67faf3b,tcp,False,uncertainty,e2b86fd22c5c2742
XGBoost,uncertainty,2026,5,117,5346efc897c73e09,tcp,False,uncertainty,dd41d42db133230c
XGBoost,uncertainty,2026,5,118,df7882f8024b64c1,tcp,False,uncertainty,50ddf0aae9d8a792
XGBoost,uncertainty,2026,5,119,733b66e6c1d5cebb,winnuke,False,uncertainty,0c6c98b9dbb1dcf5
XGBoost,uncertainty,2026,5,120,6fc657ba60b13a67,winnuke,False,uncertainty,4edcd0058de847f0
XGBoost,uncertainty,2026,5,121,0d13629e7e1a80d1,tcp,False,uncertainty,58ec369bf1912a56
XGBoost,uncertainty,2026,5,122,0a1bb318ca1c2caa,tcp,False,uncertainty,2596c5745df8c292
XGBoost,uncertainty,2026,5,123,a8bdc49086b0a59a,benign,False,uncertainty,e2bc1c69f591cda8
XGBoost,uncertainty,2026,5,124,43761bc476bdeb95,tcp,False,uncertainty,609b2f411f37b70a
XGBoost,uncertainty,2026,5,125,02493eca1d664fbd,tcp,False,uncertainty,3c1e53dd30db2165
XGBoost,uncertainty,2026,6,126,d07c95b89e0d2f78,tcp,False,uncertainty,ef5007898e496fbf
XGBoost,uncertainty,2026,6,127,e8d39595458e6494,tcp,False,uncertainty,34ef57a4eef0d472
XGBoost,uncertainty,2026,6,128,e920432c3adfcd9e,tcp,False,uncertainty,8908868149d238f8
XGBoost,uncertainty,2026,6,129,08bf616e775fc697,tcp,False,uncertainty,00136c523ef9a2bf
XGBoost,uncertainty,2026,6,130,75cd87f360adf8c4,tcp,False,uncertainty,80ad61efba8efd20
XGBoost,uncertainty,2026,6,131,ab1340d44c228e4a,tcp,False,uncertainty,d8e89eca5649e2f3
XGBoost,uncertainty,2026,6,132,3e1905505098863a,tcp,False,uncertainty,d8e89eca5649e2f3
XGBoost,uncertainty,2026,6,133,5d083c0da97fc364,smurf,False,uncertainty,4ad2f9eea23dee16
XGBoost,uncertainty,2026,6,134,3740478a8cf4f8b8,tcp,False,uncertainty,d02c81720f9bc3bb
XGBoost,uncertainty,2026,6,135,54f6082e618a60e0,smurf,False,uncertainty,c3680e056a5d8c54
XGBoost,uncertainty,2026,6,136,2d08ab6a53ff3d57,tcp,False,uncertainty,d8e89eca5649e2f3
XGBoost,uncertainty,2026,6,137,cd346594988f5808,ackflood,False,uncertainty,0572fb06e8f48c44
XGBoost,uncertainty,2026,6,138,441bd096de68e81f,tcp,False,uncertainty,d8e89eca5649e2f3
XGBoost,uncertainty,2026,6,139,0c4b26ac6d63f922,tcp,False,uncertainty,b768a355945e3c39
XGBoost,uncertainty,2026,6,140,69e825e21bc3f592,tcp,False,uncertainty,17cf922f1da5bb90
XGBoost,uncertainty,2026,6,141,498df29e369c6608,winnuke,False,uncertainty,059dfc57556860cf
XGBoost,uncertainty,2026,6,142,b9495a17cfbe48e2,winnuke,False,uncertainty,059dfc57556860cf
XGBoost,uncertainty,2026,6,143,d0413575f170deae,tcp,False,uncertainty,d8e89eca5649e2f3
XGBoost,uncertainty,2026,6,144,63e65144e2a5a772,tcp,False,uncertainty,ef5007898e496fbf
XGBoost,uncertainty,2026,6,145,03bde2d377bc7653,tcp,False,uncertainty,17cf922f1da5bb90
XGBoost,uncertainty,2026,6,146,4363dd0f8d3289a6,tcp,False,uncertainty,024943c95e462297
XGBoost,uncertainty,2026,6,147,a1f2374e3d4b88ea,tcp,False,uncertainty,024943c95e462297
XGBoost,uncertainty,2026,6,148,b558ce74c5fe9d70,tcp,False,uncertainty,d8e89eca5649e2f3
XGBoost,uncertainty,2026,6,149,0df1a94e90da8b30,winnuke,False,uncertainty,059dfc57556860cf
XGBoost,uncertainty,2026,6,150,f8b7baaffddafe9e,smurf,False,uncertainty,2ed9d35143333abe
XGBoost,uncertainty,2026,7,151,3e9a8a2a39434eef,tcpall,False,uncertainty,f800f66d5d672040
XGBoost,uncertainty,2026,7,152,a14fba59daf3160a,ackflood,False,uncertainty,62edec7f537fb122
XGBoost,uncertainty,2026,7,153,7e940284e73d159c,icmpflood,False,uncertainty,f4f004dec7bcadc2
XGBoost,uncertainty,2026,7,154,f46d19b5fed0b434,land,True,uncertainty,eb24d407474ea883
XGBoost,uncertainty,2026,7,155,c4cb8c15b137c7ee,icmpflood,False,uncertainty,f4f004dec7bcadc2
XGBoost,uncertainty,2026,7,156,2c77440af5f0771a,synflood,False,uncertainty,503b01356b9af867
XGBoost,uncertainty,2026,7,157,900a3a1b7918b76e,synflood,False,uncertainty,503b01356b9af867
XGBoost,uncertainty,2026,7,158,888fbe0737a8336f,icmpflood,False,uncertainty,af1c76629156c875
XGBoost,uncertainty,2026,7,159,81e45aef63aee0c1,benign,False,uncertainty,9c1090710d25c82e
XGBoost,uncertainty,2026,7,160,bcdae09e007c8842,synflood,False,uncertainty,32a77fc506431dbf
XGBoost,uncertainty,2026,7,161,b52d2d3d6e282e4e,icmpflood,False,uncertainty,f4f004dec7bcadc2
XGBoost,uncertainty,2026,7,162,ef34d7c693b6be32,benign,False,uncertainty,6d640ede3e342c64
XGBoost,uncertainty,2026,7,163,ab48c4873ad28180,smurf,False,uncertainty,49fcf6252a0c1c58
XGBoost,uncertainty,2026,7,164,10566636b0456c26,tcpall,False,uncertainty,5589e729e8344363
XGBoost,uncertainty,2026,7,165,4451ed019ee45d58,benign,False,uncertainty,794cb8d7c5303c27
XGBoost,uncertainty,2026,7,166,4f82c587d7ed4259,benign,False,uncertainty,491e61a16e46f2ef
XGBoost,uncertainty,2026,7,167,3cafa0c256a538d7,benign,False,uncertainty,804b7a29a733e0ed
XGBoost,uncertainty,2026,7,168,4ec55e3275d54970,benign,False,uncertainty,97a816bde6cb2123
XGBoost,uncertainty,2026,7,169,9dc74283b757143c,land,True,uncertainty,955a38b057473597
XGBoost,uncertainty,2026,7,170,665ad0769dabbe08,ackflood,False,uncertainty,ce67df532852c205
XGBoost,uncertainty,2026,7,171,882e31548f951f31,routeip,False,uncertainty,e9b6245ed6428809
XGBoost,uncertainty,2026,7,172,0ae5e48611b14fb6,fraggle,False,uncertainty,088f5e8d9d6ebe1b
XGBoost,uncertainty,2026,7,173,1e0955e77a0d0b3a,tcp,False,uncertainty,e9b6245ed6428809
XGBoost,uncertainty,2026,7,174,abbd133c3c0ab4e2,land,True,uncertainty,ccfb10c2ea227cb4
XGBoost,uncertainty,2026,7,175,47a88123212938f9,land,True,uncertainty,bdcbb19e6014cd77
XGBoost,uncertainty,2026,8,176,c8ff3d3726a9253f,benign,False,uncertainty,29e8fc014fedb81a
XGBoost,uncertainty,2026,8,177,e3ab64b6f2d8a7b9,fraggle,False,uncertainty,29e8fc014fedb81a
XGBoost,uncertainty,2026,8,178,64fbc51e99190c18,benign,False,uncertainty,29e8fc014fedb81a
XGBoost,uncertainty,2026,8,179,286fda7bc264ccbf,ackflood,False,uncertainty,1667722fd62225d7
XGBoost,uncertainty,2026,8,180,23af0f238fc702ed,benign,False,uncertainty,3a8cb6930c3a38bd
XGBoost,uncertainty,2026,8,181,d06aba416be09a6e,fraggle,False,uncertainty,5bf6c138ad256bfb
XGBoost,uncertainty,2026,8,182,ef4245f7c2f1ebd1,benign,False,uncertainty,19a6d6a9897dd2a8
XGBoost,uncertainty,2026,8,183,911b84b22e8c505a,benign,False,uncertainty,e3c3e7c46985e735
XGBoost,uncertainty,2026,8,184,b7309366ed4bb992,benign,False,uncertainty,3a02ccc66cba9786
XGBoost,uncertainty,2026,8,185,fd51a74bec7a0c93,ackflood,False,uncertainty,0af6cd813a409667
XGBoost,uncertainty,2026,8,186,94998211bd79c624,benign,False,uncertainty,f43d2e5bb0b91202
XGBoost,uncertainty,2026,8,187,de9443a9cc96b18d,fraggle,False,uncertainty,f43d2e5bb0b91202
XGBoost,uncertainty,2026,8,188,d73932f164da0b8e,ackflood,False,uncertainty,1667722fd62225d7
XGBoost,uncertainty,2026,8,189,3fd033d27bb038c5,ackflood,False,uncertainty,1667722fd62225d7
XGBoost,uncertainty,2026,8,190,8a9b6e4a45f41da2,benign,False,uncertainty,d82a8a71201201e0
XGBoost,uncertainty,2026,8,191,1b87e1120f878908,ackflood,False,uncertainty,e1930b0d070d6377
XGBoost,uncertainty,2026,8,192,f8dde1480265276a,winnuke,False,uncertainty,decd98c001b312c1
XGBoost,uncertainty,2026,8,193,f95c299f2396378d,ackflood,False,uncertainty,1667722fd62225d7
XGBoost,uncertainty,2026,8,194,7e62035d81e23a59,ackflood,False,uncertainty,fb834250d8cd2a09
XGBoost,uncertainty,2026,8,195,a1f1cc9dade79573,ackflood,False,uncertainty,7e785d1999433316
XGBoost,uncertainty,2026,8,196,3b7016b6585ae77b,ackflood,False,uncertainty,4ca659acc0948606
XGBoost,uncertainty,2026,8,197,58e3f01032e8d0ff,ackflood,False,uncertainty,83a4e029e6bad65d
XGBoost,uncertainty,2026,8,198,4b3e6928afd480bc,ackflood,False,uncertainty,83a4e029e6bad65d
XGBoost,uncertainty,2026,8,199,63c473e0aaa8bb72,tcp,False,uncertainty,1e605f6d96d4f90f
XGBoost,uncertainty,2026,8,200,1b53864b0f629998,tcp,False,uncertainty,01825a4448d7f9af
XGBoost,uncertainty,2026,9,201,bb0c6ffc2926a5fc,fraggle,False,uncertainty,0e97058d9ab8e995
XGBoost,uncertainty,2026,9,202,24b7b66546f1c075,ackflood,False,uncertainty,6d7f56a3f314dab8
XGBoost,uncertainty,2026,9,203,496322f3335719e8,fraggle,False,uncertainty,67eeffedc671d1d2
XGBoost,uncertainty,2026,9,204,1db7eb641088292f,fraggle,False,uncertainty,0e97058d9ab8e995
XGBoost,uncertainty,2026,9,205,32eb3035509e91a4,routeip,False,uncertainty,d23350d7699c607e
XGBoost,uncertainty,2026,9,206,32a8a9c5a682dbb6,fraggle,False,uncertainty,0e97058d9ab8e995
XGBoost,uncertainty,2026,9,207,114f31dd6d815f4b,routeip,False,uncertainty,b71dc100eb642b93
XGBoost,uncertainty,2026,9,208,83a1867ad7dfa1eb,routeip,False,uncertainty,f7bede44f92b40de
XGBoost,uncertainty,2026,9,209,659f87b94b8dae95,smurf,False,uncertainty,40c6004a07e71a22
XGBoost,uncertainty,2026,9,210,666f1317ad2b8bb9,benign,False,uncertainty,a56169f967bfe521
XGBoost,uncertainty,2026,9,211,098ad6f9a251307c,benign,False,uncertainty,020fd876186249ed
XGBoost,uncertainty,2026,9,212,9a01e7e68cb550f8,benign,False,uncertainty,6a1ab7cc7b631ae0
XGBoost,uncertainty,2026,9,213,22f9beaf86ea9f83,fraggle,False,uncertainty,4d3baa045201d5f2
XGBoost,uncertainty,2026,9,214,e63c09761d2ffbf9,fraggle,False,uncertainty,7925809c55ca09a2
XGBoost,uncertainty,2026,9,215,ad86cda08d5f573b,fraggle,False,uncertainty,fe7c3cf12bf1b9ed
XGBoost,uncertainty,2026,9,216,2be22d2411603cb1,tcp,False,uncertainty,601ed47822cbb048
XGBoost,uncertainty,2026,9,217,908f15c16acc23b0,synflood,False,uncertainty,3d1e4f7737257dc3
XGBoost,uncertainty,2026,9,218,b7d33fab2266a70b,ackflood,False,uncertainty,e5582173213b69f8
XGBoost,uncertainty,2026,9,219,3e0901e05352e917,routeip,False,uncertainty,874b3ea3d487c33d
XGBoost,uncertainty,2026,9,220,f7b8fad8ff6a1841,ackflood,False,uncertainty,e5582173213b69f8
XGBoost,uncertainty,2026,9,221,50a8bad7a1b5073d,fraggle,False,uncertainty,874b3ea3d487c33d
XGBoost,uncertainty,2026,9,222,d1be70708e66946e,synflood,False,uncertainty,3ebbf7c9e6d6fc93
XGBoost,uncertainty,2026,9,223,d5ccb87cd1192821,winnuke,False,uncertainty,d24bda874bc1c38d
XGBoost,uncertainty,2026,9,224,f6bf12125d07abf0,syn,False,uncertainty,874b3ea3d487c33d
XGBoost,uncertainty,2026,9,225,0645fd986c759e50,fraggle,False,uncertainty,67eeffedc671d1d2
XGBoost,uncertainty,2026,10,226,16e487e4e876b0cc,icmpbig,False,uncertainty,1255b338bb026993
XGBoost,uncertainty,2026,10,227,4a8c2940be2a1a5c,ackflood,False,uncertainty,2a2a469bf902ad2c
XGBoost,uncertainty,2026,10,228,49de21459101b838,fraggle,False,uncertainty,e2c502b1c6857e74
XGBoost,uncertainty,2026,10,229,8bce68c228d38931,fraggle,False,uncertainty,c802254e2edbb74b
XGBoost,uncertainty,2026,10,230,21421bc00b326ba1,benign,False,uncertainty,fa8d958b041c878d
XGBoost,uncertainty,2026,10,231,c77ffb735543f523,fraggle,False,uncertainty,9a736689b9d9f459
XGBoost,uncertainty,2026,10,232,08def5700389c597,ackflood,False,uncertainty,486ff73f149bb8ba
XGBoost,uncertainty,2026,10,233,ac368d0ef23960ba,pingofdeath,False,uncertainty,1255b338bb026993
XGBoost,uncertainty,2026,10,234,3ae0e59b642b81ec,fraggle,False,uncertainty,6f386101ed1c0411
XGBoost,uncertainty,2026,10,235,4a584f461c2647aa,synflood,False,uncertainty,2a2a469bf902ad2c
XGBoost,uncertainty,2026,10,236,5dde6ab2cd7046e0,benign,False,uncertainty,26cf88deaa86cd5a
XGBoost,uncertainty,2026,10,237,6e947e7ca0c3557d,benign,False,uncertainty,728c532c6f8aebff
XGBoost,uncertainty,2026,10,238,ffc68d9a47f452ed,benign,False,uncertainty,292c2f4ed0aaa7f9
XGBoost,uncertainty,2026,10,239,0506c3f75dbc40a2,benign,False,uncertainty,a9725501bb249177
XGBoost,uncertainty,2026,10,240,4646fde83e69e4ea,winnuke,False,uncertainty,9733971cc44ad4f0
XGBoost,uncertainty,2026,10,241,a3bebce96b84cbd0,tcp,False,uncertainty,87d0e0dbbbfb4517
XGBoost,uncertainty,2026,10,242,0ad59cf8e498bf42,benign,False,uncertainty,f61586e7f154590d
XGBoost,uncertainty,2026,10,243,7eff630eaf038b33,benign,False,uncertainty,f61586e7f154590d
XGBoost,uncertainty,2026,10,244,27cdef4df1dc9f24,benign,False,uncertainty,728c532c6f8aebff
XGBoost,uncertainty,2026,10,245,066607b3a06e2385,winnuke,False,uncertainty,3a000474be26409e
XGBoost,uncertainty,2026,10,246,30e75e4737ec2945,winnuke,False,uncertainty,78772b9a350b8dcc
XGBoost,uncertainty,2026,10,247,19b0318e0ff67858,benign,False,uncertainty,8e79846f33fc8e5e
XGBoost,uncertainty,2026,10,248,c6c8214acc6e9693,fraggle,False,uncertainty,78f8c1c406927cad
XGBoost,uncertainty,2026,10,249,47502c79de815571,synflood,False,uncertainty,bdb21512009d3f05
XGBoost,uncertainty,2026,10,250,6374289871c9fce4,benign,False,uncertainty,b43c5be6c49ce354
XGBoost,uncertainty,2026,11,251,910317833884691c,pingofdeath,False,uncertainty,e2e84cdc53389294
XGBoost,uncertainty,2026,11,252,a6e1faad41df9efc,pingofdeath,False,uncertainty,02f30548bf4cc2f5
XGBoost,uncertainty,2026,11,253,bf8727f7522999fa,pingofdeath,False,uncertainty,02f30548bf4cc2f5
XGBoost,uncertainty,2026,11,254,cf219dc01b5a0f44,pingofdeath,False,uncertainty,8dee1464df987eed
XGBoost,uncertainty,2026,11,255,b2f65703aed8b1db,icmpbig,False,uncertainty,8dee1464df987eed
XGBoost,uncertainty,2026,11,256,4fa26ab1928f55a2,smurf,False,uncertainty,8dee1464df987eed
XGBoost,uncertainty,2026,11,257,c2746cd1cafd4036,teardrop,True,uncertainty,02f30548bf4cc2f5
XGBoost,uncertainty,2026,11,258,260bdf50ae1ee1df,teardrop,True,uncertainty,e2e84cdc53389294
XGBoost,uncertainty,2026,11,259,aaafbd1f71023e84,teardrop,True,uncertainty,cf8cf06ce0e7cada
XGBoost,uncertainty,2026,11,260,ecd3715069f6cd09,teardrop,True,uncertainty,02f30548bf4cc2f5
XGBoost,uncertainty,2026,11,261,54ddf2caa7c4b668,teardrop,True,uncertainty,e2e84cdc53389294
XGBoost,uncertainty,2026,11,262,54cf938ba4a968a7,benign,False,uncertainty,2c00b56bb206171a
XGBoost,uncertainty,2026,11,263,b42de4056d878898,teardrop,True,uncertainty,8dee1464df987eed
XGBoost,uncertainty,2026,11,264,0eb4aa696e9ba556,icmpbig,False,uncertainty,e2e84cdc53389294
XGBoost,uncertainty,2026,11,265,b1e673d9ed6a5092,smurf,False,uncertainty,8dee1464df987eed
XGBoost,uncertainty,2026,11,266,4d7481815450b62b,icmpbig,False,uncertainty,e2e84cdc53389294
XGBoost,uncertainty,2026,11,267,66a393c7ed049ed4,icmpbig,False,uncertainty,e2e84cdc53389294
XGBoost,uncertainty,2026,11,268,c814da02e7c77dd3,fraggle,False,uncertainty,8dee1464df987eed
XGBoost,uncertainty,2026,11,269,286da6afa5357929,icmpbig,False,uncertainty,02f30548bf4cc2f5
XGBoost,uncertainty,2026,11,270,f1d3536167ec027b,smurf,False,uncertainty,8dee1464df987eed
XGBoost,uncertainty,2026,11,271,33af5a45964e4ebd,fraggle,False,uncertainty,8dee1464df987eed
XGBoost,uncertainty,2026,11,272,f42321d2ab9b59da,teardrop,True,uncertainty,8dee1464df987eed
XGBoost,uncertainty,2026,11,273,86090c712db3ee36,smurf,False,uncertainty,8dee1464df987eed
XGBoost,uncertainty,2026,11,274,0ff71c4cece35b66,smurf,False,uncertainty,8dee1464df987eed
XGBoost,uncertainty,2026,11,275,3de85ee27bbc9e7d,icmpbig,False,uncertainty,3e9225f2c11e7cba
XGBoost,uncertainty,2026,12,276,3af07e944f42bd68,tcp,False,uncertainty,204d11826f747524
XGBoost,uncertainty,2026,12,277,5cee307147066326,tcpall,False,uncertainty,d2064fe191a31aef
XGBoost,uncertainty,2026,12,278,78b4ced3ef2c0219,tcp,False,uncertainty,a7bc33bad5124526
XGBoost,uncertainty,2026,12,279,b757b1d3a87f4bed,fraggle,False,uncertainty,0e9fcd4aa45aaec8
XGBoost,uncertainty,2026,12,280,2b3b824757dc073f,fraggle,False,uncertainty,0e9fcd4aa45aaec8
XGBoost,uncertainty,2026,12,281,e80f8a56c78974d9,benign,False,uncertainty,48786b9df9541494
XGBoost,uncertainty,2026,12,282,133171c58216e0bf,benign,False,uncertainty,efd283da96ba28d3
XGBoost,uncertainty,2026,12,283,6a0343a229b3ee4b,fraggle,False,uncertainty,e386e2b492837348
XGBoost,uncertainty,2026,12,284,734972196a2dd18d,benign,False,uncertainty,dd68a43d9a6bc810
XGBoost,uncertainty,2026,12,285,c15c34dea1d85fe3,tcp,False,uncertainty,c659c29a5283ec68
XGBoost,uncertainty,2026,12,286,18dedfd49d411e1c,synflood,False,uncertainty,d0e6647e8c1f7a51
XGBoost,uncertainty,2026,12,287,429c3ac42862d59f,routeip,False,uncertainty,874b3ea3d487c33d
XGBoost,uncertainty,2026,12,288,e38df8f70c2da64b,synflood,False,uncertainty,d0e6647e8c1f7a51
XGBoost,uncertainty,2026,12,289,cea79607e84bbe29,benign,False,uncertainty,e99a6e6275a13160
XGBoost,uncertainty,2026,12,290,4925c76a4c3e1ba7,fraggle,False,uncertainty,818a400a7b244e7f
XGBoost,uncertainty,2026,12,291,ebe420a9e62b5f61,tcpall,False,uncertainty,34ef57a4eef0d472
XGBoost,uncertainty,2026,12,292,3e35a1865292e559,fraggle,False,uncertainty,f22812baff9db0b4
XGBoost,uncertainty,2026,12,293,e63e015de8d30bb0,tcpall,False,uncertainty,37a9a8c212ea1776
XGBoost,uncertainty,2026,12,294,4396e2152833d3e4,synflood,False,uncertainty,eff0439f258f3de5
XGBoost,uncertainty,2026,12,295,49c8c7c2dbfa46a0,tcpall,False,uncertainty,37a9a8c212ea1776
XGBoost,uncertainty,2026,12,296,48af3458c51802c7,smurf,False,uncertainty,9816ea2d19e29b78
XGBoost,uncertainty,2026,12,297,85d66b15b0c1171a,ackflood,False,uncertainty,2c495e02475b1974
XGBoost,uncertainty,2026,12,298,ffe567e7b70c4fce,synflood,False,uncertainty,b4f18a6ba7c9137f
XGBoost,uncertainty,2026,12,299,f6d38ce718af28a8,ackflood,False,uncertainty,2a8e42f30f344228
XGBoost,uncertainty,2026,12,300,d95942f765a30d13,tcp,False,uncertainty,a21762d34e57e5d3
XGBoost,hybrid_open_set,2026,1,1,4083010288873dc6,teardrop,True,novelty,295e6b7bf677498a
XGBoost,hybrid_open_set,2026,1,2,6df7a7cd99bdd5be,benign,False,novelty,9427ef0ae6719962
XGBoost,hybrid_open_set,2026,1,3,92751cc0451bde95,synflood,False,novelty,eb1511166537477c
XGBoost,hybrid_open_set,2026,1,4,d4a5263c9d775dc7,tcp,False,novelty,2cbb6dd31e46168a
XGBoost,hybrid_open_set,2026,1,5,3b424be78638b8dc,synflood,False,novelty,826d3f1b60b53cc5
XGBoost,hybrid_open_set,2026,1,6,beb8833bc4edd14e,icmpflood,False,novelty,a290371e0ecd0930
XGBoost,hybrid_open_set,2026,1,7,cf219dc01b5a0f44,pingofdeath,False,novelty,8dee1464df987eed
XGBoost,hybrid_open_set,2026,1,8,c7457591dc4af4e9,smurf,False,novelty,cb9c8c0d11dac69d
XGBoost,hybrid_open_set,2026,1,9,a162eec6c50f3dd9,fraggle,False,novelty,fd4a5dc3ba6dcdc5
XGBoost,hybrid_open_set,2026,1,10,a23bca276196e27a,winnuke,False,novelty,5849ff18cc628dd5
XGBoost,hybrid_open_set,2026,1,11,43761bc476bdeb95,tcp,False,novelty,609b2f411f37b70a
XGBoost,hybrid_open_set,2026,1,12,73a05957894fb779,icmpflood,False,novelty,46987c803f654b8d
XGBoost,hybrid_open_set,2026,1,13,2df5057c2f99af2e,teardrop,True,novelty,9e8c6943d674e172
XGBoost,hybrid_open_set,2026,1,14,3562ed6dd2671d3d,teardrop,True,novelty,4c12f83143dd15a4
XGBoost,hybrid_open_set,2026,1,15,4ad8b38b40428371,teardrop,True,uncertainty,9ad199805828433e
XGBoost,hybrid_open_set,2026,1,16,99fec63f1693e68d,teardrop,True,uncertainty,47f813adaf2ee0cf
XGBoost,hybrid_open_set,2026,1,17,3004058778f7ffaf,teardrop,True,uncertainty,c11110b107945ad1
XGBoost,hybrid_open_set,2026,1,18,7b5d95840f631354,teardrop,True,uncertainty,c467981fa0a38bdc
XGBoost,hybrid_open_set,2026,1,19,96aca9f73b3cf509,teardrop,True,uncertainty,f48deb88188adc11
XGBoost,hybrid_open_set,2026,1,20,cba2ab15ea2dba58,teardrop,True,uncertainty,51a6467a1cc86ea6
XGBoost,hybrid_open_set,2026,1,21,1a4876b4261b16a3,teardrop,True,uncertainty,5bc4c1106c05ca18
XGBoost,hybrid_open_set,2026,1,22,0912d67ff7beb4c1,teardrop,True,uncertainty,f83e0d95892adf9c
XGBoost,hybrid_open_set,2026,1,23,21d83047bb3ed104,icmpbig,False,random,0d44d07bf6c3a3d7
XGBoost,hybrid_open_set,2026,1,24,5fe6db9951ba08a5,synflood,False,random,9a51a03c51ef26d4
XGBoost,hybrid_open_set,2026,1,25,60dd110a294c6fca,winnuke,False,random,a5f19db9235d21a5
XGBoost,hybrid_open_set,2026,2,26,eecb7a5bbf643dc6,teardrop,True,expansion,7409c11e289a47aa
XGBoost,hybrid_open_set,2026,2,27,d1e192f811cfc652,teardrop,True,expansion,74a345693602c106
XGBoost,hybrid_open_set,2026,2,28,09d5fcceba779228,teardrop,True,expansion,343ad15993122bbc
XGBoost,hybrid_open_set,2026,2,29,6b1890d1fcd41357,teardrop,True,expansion,f3a9ca77aa994aa6
XGBoost,hybrid_open_set,2026,2,30,076b69d253504e83,teardrop,True,expansion,74a345693602c106
XGBoost,hybrid_open_set,2026,2,31,5030ddc013368b97,teardrop,True,expansion,74a345693602c106
XGBoost,hybrid_open_set,2026,2,32,a11ae42f76778027,teardrop,True,expansion,7409c11e289a47aa
XGBoost,hybrid_open_set,2026,2,33,b70779d04813a605,benign,False,novelty,d348cd54aeab6397
XGBoost,hybrid_open_set,2026,2,34,23c2d80cae199037,ackflood,False,novelty,707a62bb9e7c698c
XGBoost,hybrid_open_set,2026,2,35,f8dde1480265276a,winnuke,False,novelty,decd98c001b312c1
XGBoost,hybrid_open_set,2026,2,36,f9ae08cf10627e2d,benign,False,novelty,f2dfe6bef4c9454a
XGBoost,hybrid_open_set,2026,2,37,23e786bbf6bdd9ca,benign,False,novelty,0dd689437d4c5ee2
XGBoost,hybrid_open_set,2026,2,38,6fc657ba60b13a67,winnuke,False,novelty,4edcd0058de847f0
XGBoost,hybrid_open_set,2026,2,39,908f15c16acc23b0,synflood,False,novelty,3d1e4f7737257dc3
XGBoost,hybrid_open_set,2026,2,40,59517dfde9b7f067,tcp,False,uncertainty,c0b76ef0fcd99246
XGBoost,hybrid_open_set,2026,2,41,7bb96bd8e11f6f46,land,True,uncertainty,654556dfa59443af
XGBoost,hybrid_open_set,2026,2,42,ea288a0733142432,smurf,False,uncertainty,0c6529c04298f723
XGBoost,hybrid_open_set,2026,2,43,9cdea621a9468154,benign,False,uncertainty,7a0ee04583e83139
XGBoost,hybrid_open_set,2026,2,44,6656d535f8b30c9d,tcp,False,uncertainty,25df2cbec14f457e
XGBoost,hybrid_open_set,2026,2,45,c15c34dea1d85fe3,tcp,False,uncertainty,c659c29a5283ec68
XGBoost,hybrid_open_set,2026,2,46,10e4e5e9d1803d6e,benign,False,uncertainty,e90feda002175711
XGBoost,hybrid_open_set,2026,2,47,a313a7b218ae1f57,benign,False,uncertainty,a69a8df489a4e5f7
XGBoost,hybrid_open_set,2026,2,48,3cd6105348f51fba,winnuke,False,random,0e126361cd11b29a
XGBoost,hybrid_open_set,2026,2,49,dc9321f242120bba,icmpflood,False,random,958e1ee5da37e926
XGBoost,hybrid_open_set,2026,2,50,cf7dc705da59f68b,icmpbig,False,random,11ef2328aebbae9a
XGBoost,hybrid_open_set,2026,3,51,420827be0feb6a45,teardrop,True,expansion,c467981fa0a38bdc
XGBoost,hybrid_open_set,2026,3,52,17bbb46358a86d39,land,True,expansion,11ca897764624b71
XGBoost,hybrid_open_set,2026,3,53,e3a285984ef8334f,teardrop,True,expansion,c11110b107945ad1
XGBoost,hybrid_open_set,2026,3,54,be7cc64078dc6672,teardrop,True,expansion,74a345693602c106
XGBoost,hybrid_open_set,2026,3,55,cd254dbeed838259,teardrop,True,expansion,7409c11e289a47aa
XGBoost,hybrid_open_set,2026,3,56,6fdef71d7d02b10b,teardrop,True,expansion,343ad15993122bbc
XGBoost,hybrid_open_set,2026,3,57,583245deacc141d4,teardrop,True,expansion,9ad199805828433e
XGBoost,hybrid_open_set,2026,3,58,ad86cda08d5f573b,fraggle,False,novelty,fe7c3cf12bf1b9ed
XGBoost,hybrid_open_set,2026,3,59,acad41517035e15d,ackflood,False,novelty,9f9a4ed014287e05
XGBoost,hybrid_open_set,2026,3,60,dbc3d322e22ff6bb,benign,False,novelty,7811af1ef830a64c
XGBoost,hybrid_open_set,2026,3,61,c8f2ea5c2bb587d4,tcp,False,novelty,fe0cfe2cd1d70ce7
XGBoost,hybrid_open_set,2026,3,62,e519313599f3bdcb,winnuke,False,novelty,7a8b3bc50abbc41a
XGBoost,hybrid_open_set,2026,3,63,aaafbd1f71023e84,teardrop,True,novelty,cf8cf06ce0e7cada
XGBoost,hybrid_open_set,2026,3,64,22f9beaf86ea9f83,fraggle,False,novelty,4d3baa045201d5f2
XGBoost,hybrid_open_set,2026,3,65,e7085730e59bad52,ackflood,False,uncertainty,9b9f8b8b25cb5ec3
XGBoost,hybrid_open_set,2026,3,66,cbd14640eb1b5df7,ackflood,False,uncertainty,37c10f5acaeeb172
XGBoost,hybrid_open_set,2026,3,67,af2b7c1a66449c0b,ackflood,False,uncertainty,3e9a54ac2e28c022
XGBoost,hybrid_open_set,2026,3,68,9dc74283b757143c,land,True,uncertainty,955a38b057473597
XGBoost,hybrid_open_set,2026,3,69,811eea2a4ea30ca5,smurf,False,uncertainty,cb9c8c0d11dac69d
XGBoost,hybrid_open_set,2026,3,70,a385d3fcaa130cd6,tcpall,False,uncertainty,c946f18387edcc93
XGBoost,hybrid_open_set,2026,3,71,1ef70eeb627a368b,ackflood,False,uncertainty,34b7d3134bfaba66
XGBoost,hybrid_open_set,2026,3,72,10566636b0456c26,tcpall,False,uncertainty,5589e729e8344363
XGBoost,hybrid_open_set,2026,3,73,f9e440a50020484f,winnuke,False,random,dfee137de0c794ec
XGBoost,hybrid_open_set,2026,3,74,bd8d8025a6f1d4a4,icmpflood,False,random,64a57b133d225cd7
XGBoost,hybrid_open_set,2026,3,75,d82be720e0d2eb2e,tcp,False,random,1084ff896fa95aab
XGBoost,hybrid_open_set,2026,4,76,161f9015f58c470f,land,True,expansion,11ca897764624b71
XGBoost,hybrid_open_set,2026,4,77,9fee40326355275f,teardrop,True,expansion,c467981fa0a38bdc
XGBoost,hybrid_open_set,2026,4,78,9ebac4a93922ab12,land,True,expansion,1fb8b2e54d539a4d
XGBoost,hybrid_open_set,2026,4,79,ebc5d05b7404eb81,teardrop,True,expansion,c11110b107945ad1
XGBoost,hybrid_open_set,2026,4,80,f34aa4422f5e5676,teardrop,True,expansion,a8d86269e5cbaa82
XGBoost,hybrid_open_set,2026,4,81,2a94e6ffa096f480,teardrop,True,expansion,47f813adaf2ee0cf
XGBoost,hybrid_open_set,2026,4,82,6ac9e2fb723384fb,teardrop,True,expansion,f3a9ca77aa994aa6
XGBoost,hybrid_open_set,2026,4,83,c627442e31480f29,benign,False,novelty,dadd3f697783d936
XGBoost,hybrid_open_set,2026,4,84,708856d01333c64e,syn,False,novelty,eb1511166537477c
XGBoost,hybrid_open_set,2026,4,85,08def5700389c597,ackflood,False,novelty,486ff73f149bb8ba
XGBoost,hybrid_open_set,2026,4,86,d4965b9c57022064,benign,False,novelty,d348cd54aeab6397
XGBoost,hybrid_open_set,2026,4,87,f2190687ed729e29,benign,False,novelty,5cc2dd94211444f9
XGBoost,hybrid_open_set,2026,4,88,fafacd109970f7f4,benign,False,novelty,68a93ff3ef31e766
XGBoost,hybrid_open_set,2026,4,89,cbf55dd945b10d24,benign,False,novelty,4c5395c15431505f
XGBoost,hybrid_open_set,2026,4,90,8d4598f6c2bf3aa2,benign,False,uncertainty,accc4c31543128d1
XGBoost,hybrid_open_set,2026,4,91,a86773ae91aeb91f,tcpall,False,uncertainty,270dd1a8adf0d6e3
XGBoost,hybrid_open_set,2026,4,92,2c77440af5f0771a,synflood,False,uncertainty,503b01356b9af867
XGBoost,hybrid_open_set,2026,4,93,1afde43dbc1d8085,benign,False,uncertainty,f98eb588cbc2efd5
XGBoost,hybrid_open_set,2026,4,94,691b6ebd74e413e5,smurf,False,uncertainty,7dce35bfc3ec1175
XGBoost,hybrid_open_set,2026,4,95,94724a2f63edaa35,synflood,False,uncertainty,57f645b96ea3394a
XGBoost,hybrid_open_set,2026,4,96,7e655bc11ab06fd7,benign,False,uncertainty,416163d46be4405c
XGBoost,hybrid_open_set,2026,4,97,8520790cd5f8ee72,syn,False,uncertainty,e1c7428d5bdc3169
XGBoost,hybrid_open_set,2026,4,98,b83434f2f5f946d5,icmpbig,False,random,bf640f01d7d74bf6
XGBoost,hybrid_open_set,2026,4,99,f448e8f74204c79f,pingofdeath,False,random,9e3c45020cd8a3c3
XGBoost,hybrid_open_set,2026,4,100,9dd44556c66d06bc,icmpflood,False,random,42aac8b4eb1a4f58
XGBoost,hybrid_open_set,2026,5,101,811806a5feb70301,land,True,expansion,1fb8b2e54d539a4d
XGBoost,hybrid_open_set,2026,5,102,fb5d561e3cdb64cc,teardrop,True,expansion,74a345693602c106
XGBoost,hybrid_open_set,2026,5,103,120a3ee4aeed03ff,teardrop,True,expansion,c467981fa0a38bdc
XGBoost,hybrid_open_set,2026,5,104,522232e697459624,teardrop,True,expansion,9ad199805828433e
XGBoost,hybrid_open_set,2026,5,105,38277b548adb4998,teardrop,True,expansion,47f813adaf2ee0cf
XGBoost,hybrid_open_set,2026,5,106,5197724158c06b55,teardrop,True,expansion,7409c11e289a47aa
XGBoost,hybrid_open_set,2026,5,107,82e6656c6386b67d,teardrop,True,expansion,852df2823384a739
XGBoost,hybrid_open_set,2026,5,108,32e232795e2ba916,benign,False,novelty,928b0194cc28822f
XGBoost,hybrid_open_set,2026,5,109,659f87b94b8dae95,smurf,False,novelty,40c6004a07e71a22
XGBoost,hybrid_open_set,2026,5,110,48bfd81991679d44,benign,False,novelty,2a9c9791dc7f74bd
XGBoost,hybrid_open_set,2026,5,111,b42de4056d878898,teardrop,True,novelty,8dee1464df987eed
XGBoost,hybrid_open_set,2026,5,112,24b7b66546f1c075,ackflood,False,novelty,6d7f56a3f314dab8
XGBoost,hybrid_open_set,2026,5,113,9c5cd9ccaf74c9f3,benign,False,novelty,9347acdf3633cbde
XGBoost,hybrid_open_set,2026,5,114,2549dfbf79f7e263,benign,False,novelty,0ea88871628ce62c
XGBoost,hybrid_open_set,2026,5,115,6374289871c9fce4,benign,False,uncertainty,b43c5be6c49ce354
XGBoost,hybrid_open_set,2026,5,116,aeaa7f5fc85789cc,tcp,False,uncertainty,87d0e0dbbbfb4517
XGBoost,hybrid_open_set,2026,5,117,c3175deb0014dcb2,ackflood,False,uncertainty,3024ee1996011f9a
XGBoost,hybrid_open_set,2026,5,118,ba4ea545914af27d,benign,False,uncertainty,6d0ac574d81a1eb1
XGBoost,hybrid_open_set,2026,5,119,fad7c045dd7d9b86,tcpall,False,uncertainty,6d190f0ade234a41
XGBoost,hybrid_open_set,2026,5,120,48af3458c51802c7,smurf,False,uncertainty,9816ea2d19e29b78
XGBoost,hybrid_open_set,2026,5,121,9a540fa1155d4bc5,benign,False,uncertainty,35956fb282be92ab
XGBoost,hybrid_open_set,2026,5,122,0f68c3f87370a1ae,winnuke,False,uncertainty,416163d46be4405c
XGBoost,hybrid_open_set,2026,5,123,eea37f7b696974af,icmpflood,False,random,a8a1b4e86e8769e4
XGBoost,hybrid_open_set,2026,5,124,55d9a397d771335c,icmpbig,False,random,11ef2328aebbae9a
XGBoost,hybrid_open_set,2026,5,125,a52adfe061b9f1ff,smurf,False,random,fac2383f5af9dd1f
XGBoost,hybrid_open_set,2026,6,126,54b9f1f739f2d7fb,land,True,expansion,1fb8b2e54d539a4d
XGBoost,hybrid_open_set,2026,6,127,6b3b720f8ed15dab,teardrop,True,expansion,9e8c6943d674e172
XGBoost,hybrid_open_set,2026,6,128,2be25b3838ae67d7,land,True,expansion,11ca897764624b71
XGBoost,hybrid_open_set,2026,6,129,bc2ba1f6d2cbdf32,teardrop,True,expansion,5bc4c1106c05ca18
XGBoost,hybrid_open_set,2026,6,130,9ee0c119e29903b5,teardrop,True,expansion,74a345693602c106
XGBoost,hybrid_open_set,2026,6,131,73607543761a67b2,teardrop,True,expansion,7409c11e289a47aa
XGBoost,hybrid_open_set,2026,6,132,4a20419c1e9e94ff,teardrop,True,expansion,47f813adaf2ee0cf
XGBoost,hybrid_open_set,2026,6,133,5a8ce97ec0f102b7,benign,False,novelty,2eea8e33a603cd42
XGBoost,hybrid_open_set,2026,6,134,45325575536c99e6,ackpflood,True,novelty,102d8c4dd3732eee
XGBoost,hybrid_open_set,2026,6,135,17136f5307b1a274,syn,False,novelty,5b92c74c690ee289
XGBoost,hybrid_open_set,2026,6,136,3bb2e1c9eeace4f8,icmpflood,False,novelty,414b96fbbd01c62d
XGBoost,hybrid_open_set,2026,6,137,260a030817fd56fe,fraggle,False,novelty,f70efc29754c793e
XGBoost,hybrid_open_set,2026,6,138,28e09ff0aa558120,benign,False,novelty,39ac2367559542da
XGBoost,hybrid_open_set,2026,6,139,df8a8f2d80186bb3,benign,False,novelty,1877380525324c3f
XGBoost,hybrid_open_set,2026,6,140,798f26f6af481a55,benign,False,uncertainty,07c4bf40245b985e
XGBoost,hybrid_open_set,2026,6,141,37f238ffe0ff36d3,fraggle,False,uncertainty,8a3af86bbee633c1
XGBoost,hybrid_open_set,2026,6,142,49c8c7c2dbfa46a0,tcpall,False,uncertainty,37a9a8c212ea1776
XGBoost,hybrid_open_set,2026,6,143,026cca0444be9c0d,ackflood,False,uncertainty,916554f35b67fa9a
XGBoost,hybrid_open_set,2026,6,144,e03c0bc46a042978,winnuke,False,uncertainty,dcae4c37bc9827ee
XGBoost,hybrid_open_set,2026,6,145,b2f65703aed8b1db,icmpbig,False,uncertainty,8dee1464df987eed
XGBoost,hybrid_open_set,2026,6,146,9a01e7e68cb550f8,benign,False,uncertainty,6a1ab7cc7b631ae0
XGBoost,hybrid_open_set,2026,6,147,72971b6021b7c1f3,tcp,False,uncertainty,762ba34d6786f7ca
XGBoost,hybrid_open_set,2026,6,148,dcb85856021c0dc2,icmpbig,False,random,bf640f01d7d74bf6
XGBoost,hybrid_open_set,2026,6,149,6ff1dbad310b254e,icmpflood,False,random,e04bd5af7fce780e
XGBoost,hybrid_open_set,2026,6,150,c20b5f3e64a059ed,routeip,False,random,753bbc2687bc83bf
XGBoost,hybrid_open_set,2026,7,151,853e381fbc63241d,land,True,expansion,11ca897764624b71
XGBoost,hybrid_open_set,2026,7,152,56728b2bf2d3ad49,teardrop,True,expansion,6cc22f93c62d8820
XGBoost,hybrid_open_set,2026,7,153,ff06127c0790f0a0,ackpflood,True,expansion,811ae939f0302bde
XGBoost,hybrid_open_set,2026,7,154,989154960f8893a1,teardrop,True,expansion,082750811da479ba
XGBoost,hybrid_open_set,2026,7,155,f8dd2ab24f35c439,teardrop,True,expansion,9ad199805828433e
XGBoost,hybrid_open_set,2026,7,156,1ea085968842f49b,teardrop,True,expansion,343ad15993122bbc
XGBoost,hybrid_open_set,2026,7,157,46779f2740656c67,teardrop,True,expansion,c11110b107945ad1
XGBoost,hybrid_open_set,2026,7,158,2dedfa4ecbe884da,benign,False,novelty,4c5395c15431505f
XGBoost,hybrid_open_set,2026,7,159,32eb3035509e91a4,routeip,False,novelty,d23350d7699c607e
XGBoost,hybrid_open_set,2026,7,160,76301520d6edef38,benign,False,novelty,5777838def6d12b4
XGBoost,hybrid_open_set,2026,7,161,1427d424b1bb99a9,benign,False,novelty,728c532c6f8aebff
XGBoost,hybrid_open_set,2026,7,162,7b99098110816131,benign,False,novelty,c59a69b2e40c0e03
XGBoost,hybrid_open_set,2026,7,163,22fecff2df3f993a,benign,False,novelty,641d11e14e6fd545
XGBoost,hybrid_open_set,2026,7,164,1bc232cfdb0644c3,benign,False,novelty,fd1a611a48d937a7
XGBoost,hybrid_open_set,2026,7,165,690b14d8daa88f8f,benign,False,uncertainty,f5412b241f954994
XGBoost,hybrid_open_set,2026,7,166,cf65acb43c966f74,winnuke,False,uncertainty,f8ac14f0a7423f6e
XGBoost,hybrid_open_set,2026,7,167,4fa26ab1928f55a2,smurf,False,uncertainty,8dee1464df987eed
XGBoost,hybrid_open_set,2026,7,168,4097018d1d8e95aa,fraggle,False,uncertainty,83581ba570763f42
XGBoost,hybrid_open_set,2026,7,169,7df1f19f2f9ea266,ackpflood,True,uncertainty,102d8c4dd3732eee
XGBoost,hybrid_open_set,2026,7,170,31781e89a5944752,ackpflood,True,uncertainty,bd510951eca832d9
XGBoost,hybrid_open_set,2026,7,171,c815db6e25266093,ackpflood,True,uncertainty,b53c88af2976916d
XGBoost,hybrid_open_set,2026,7,172,fe4e403399bc2256,ackpflood,True,uncertainty,4bb765e024664e6e
XGBoost,hybrid_open_set,2026,7,173,d4ab38b336651a43,synflood,False,random,90f44592fe8d3fd4
XGBoost,hybrid_open_set,2026,7,174,eec7e8e05f00c017,icmpflood,False,random,69b07725fde6fa73
XGBoost,hybrid_open_set,2026,7,175,48a3a4def880bb7c,benign,False,random,d6c741a9f20f8cdd
XGBoost,hybrid_open_set,2026,8,176,0bfd70c686cf688a,ackpflood,True,expansion,811ae939f0302bde
XGBoost,hybrid_open_set,2026,8,177,1932b0eb48570e23,teardrop,True,expansion,47f813adaf2ee0cf
XGBoost,hybrid_open_set,2026,8,178,0eff745e67071c3c,land,True,expansion,11ca897764624b71
XGBoost,hybrid_open_set,2026,8,179,068d77cb8017b660,ackpflood,True,expansion,102d8c4dd3732eee
XGBoost,hybrid_open_set,2026,8,180,310ea075972cb67c,ackpflood,True,expansion,63de70e0886d565d
XGBoost,hybrid_open_set,2026,8,181,31dee19b7cc2c451,ackpflood,True,expansion,4bb765e024664e6e
XGBoost,hybrid_open_set,2026,8,182,573a73429cc54c54,teardrop,True,expansion,c467981fa0a38bdc
XGBoost,hybrid_open_set,2026,8,183,797c15587cfb7482,benign,False,novelty,9f111464920adf86
XGBoost,hybrid_open_set,2026,8,184,9aa825fb1404ac19,fraggle,False,novelty,67eeffedc671d1d2
XGBoost,hybrid_open_set,2026,8,185,f9f263aad20f075f,tcp,False,novelty,f26bb482d4cb7d0f
XGBoost,hybrid_open_set,2026,8,186,c814da02e7c77dd3,fraggle,False,novelty,8dee1464df987eed
XGBoost,hybrid_open_set,2026,8,187,9cee85aceab07994,benign,False,novelty,ded33c730dc85d84
XGBoost,hybrid_open_set,2026,8,188,3de85ee27bbc9e7d,icmpbig,False,novelty,3e9225f2c11e7cba
XGBoost,hybrid_open_set,2026,8,189,bca1e4fce7eb468d,fraggle,False,novelty,28d1ae72bd2f58ec
XGBoost,hybrid_open_set,2026,8,190,6aeedf50f6a7b99f,synflood,False,uncertainty,82da50d65eff7708
XGBoost,hybrid_open_set,2026,8,191,d3bf7fee2ae97aa4,benign,False,uncertainty,36d385ff5a058b9b
XGBoost,hybrid_open_set,2026,8,192,5b7d4c55c386c783,tcpall,False,uncertainty,25df2cbec14f457e
XGBoost,hybrid_open_set,2026,8,193,213ca5fdb5c37829,benign,False,uncertainty,9b628248189850d7
XGBoost,hybrid_open_set,2026,8,194,93d7ad6f819369e2,ackflood,False,uncertainty,57d99c5b65a6b74c
XGBoost,hybrid_open_set,2026,8,195,0506c3f75dbc40a2,benign,False,uncertainty,a9725501bb249177
XGBoost,hybrid_open_set,2026,8,196,4385ac580fc02bb8,benign,False,uncertainty,a56169f967bfe521
XGBoost,hybrid_open_set,2026,8,197,bc0d5e14aa175f0b,fraggle,False,uncertainty,0e97058d9ab8e995
XGBoost,hybrid_open_set,2026,8,198,e37625aab1279e5f,icmpflood,False,random,9180545928a7bb7d
XGBoost,hybrid_open_set,2026,8,199,e87934070df03045,fraggle,False,random,31339063f76812c2
XGBoost,hybrid_open_set,2026,8,200,ac168f04c91e9623,routeip,False,random,753bbc2687bc83bf
XGBoost,hybrid_open_set,2026,9,201,a668696b7402ad58,ackpflood,True,expansion,bd510951eca832d9
XGBoost,hybrid_open_set,2026,9,202,b61b0e8b5f97fbed,teardrop,True,expansion,9ad199805828433e
XGBoost,hybrid_open_set,2026,9,203,e1bcc9d5b4913686,land,True,expansion,11ca897764624b71
XGBoost,hybrid_open_set,2026,9,204,c11fd5cb70895f95,ackpflood,True,expansion,811ae939f0302bde
XGBoost,hybrid_open_set,2026,9,205,47b8b1b5277e483f,ackpflood,True,expansion,b53c88af2976916d
XGBoost,hybrid_open_set,2026,9,206,2d88652a6bd40eb9,ackpflood,True,expansion,63de70e0886d565d
XGBoost,hybrid_open_set,2026,9,207,670605d6dd6c12bd,ackpflood,True,expansion,fc60f500fd93cd5e
XGBoost,hybrid_open_set,2026,9,208,4e935cdee91c374c,fraggle,False,novelty,f4315e349aa63da3
XGBoost,hybrid_open_set,2026,9,209,5f27ab131913a240,synflood,False,novelty,ecaf5550ee21b51e
XGBoost,hybrid_open_set,2026,9,210,ef5c00f33eb30145,fraggle,False,novelty,823903b28d8efd6d
XGBoost,hybrid_open_set,2026,9,211,f1d3536167ec027b,smurf,False,novelty,8dee1464df987eed
XGBoost,hybrid_open_set,2026,9,212,4621067c7c5817ea,benign,False,novelty,fb6fb90af7fd9d66
XGBoost,hybrid_open_set,2026,9,213,c07c176bec8dfbde,benign,False,novelty,3f8a2a1879b8dccd
XGBoost,hybrid_open_set,2026,9,214,a330cba2d52b3401,ackflood,False,novelty,b43f6882190351e3
XGBoost,hybrid_open_set,2026,9,215,1288389319ab6651,smurf,False,uncertainty,a308417f193109ef
XGBoost,hybrid_open_set,2026,9,216,1ee027ee26c1b219,ackflood,False,uncertainty,527ce0ebad8fd21d
XGBoost,hybrid_open_set,2026,9,217,77b398b1394e4fe6,fraggle,False,uncertainty,6f4f7da9f9f2df49
XGBoost,hybrid_open_set,2026,9,218,6c8fcf2bae6e6781,winnuke,False,uncertainty,ad0cb31ebc896d3f
XGBoost,hybrid_open_set,2026,9,219,6821a3a982d78d58,tcp,False,uncertainty,ec767ce5376dd0a9
XGBoost,hybrid_open_set,2026,9,220,260bdf50ae1ee1df,teardrop,True,uncertainty,e2e84cdc53389294
XGBoost,hybrid_open_set,2026,9,221,df258aca899bfb1d,benign,False,uncertainty,e316b95a6ea31d43
XGBoost,hybrid_open_set,2026,9,222,49fe64bf70631640,tcp,False,uncertainty,9b4e075fbde4a4c2
XGBoost,hybrid_open_set,2026,9,223,cb6393a7960349f6,tcpfin1,False,random,3da3facffa0f3564
XGBoost,hybrid_open_set,2026,9,224,32b71e99f25e9857,routeip,False,random,753bbc2687bc83bf
XGBoost,hybrid_open_set,2026,9,225,286c131e7442489f,pingofdeath,False,random,27f8d5f3c02d28e1
XGBoost,hybrid_open_set,2026,10,226,8be8c5294a47c8db,ackpflood,True,expansion,811ae939f0302bde
XGBoost,hybrid_open_set,2026,10,227,2b0a744cf59fcea6,teardrop,True,expansion,9ad199805828433e
XGBoost,hybrid_open_set,2026,10,228,156cb23e3a96c0fb,land,True,expansion,11ca897764624b71
XGBoost,hybrid_open_set,2026,10,229,78e9353f32f0561f,ackpflood,True,expansion,102d8c4dd3732eee
XGBoost,hybrid_open_set,2026,10,230,b0eb6b824a126575,ackpflood,True,expansion,456c6c1c5604adc9
XGBoost,hybrid_open_set,2026,10,231,d2cff2a7b17fbca5,teardrop,True,expansion,082750811da479ba
XGBoost,hybrid_open_set,2026,10,232,64ad3694a282c9c0,teardrop,True,expansion,1425b1c76b647720
XGBoost,hybrid_open_set,2026,10,233,9acdabb2ea25464b,fraggle,False,novelty,2d1056336e6c02e0
XGBoost,hybrid_open_set,2026,10,234,aa969efdf7bfcb7a,winnuke,False,novelty,981e496d93a9d16b
XGBoost,hybrid_open_set,2026,10,235,219d74ad9908837b,ackflood,False,novelty,4ca659acc0948606
XGBoost,hybrid_open_set,2026,10,236,871b60d75929f84f,icmpflood,False,novelty,b0c50a45c0530dda
XGBoost,hybrid_open_set,2026,10,237,f3f8d2ad3f07a5e3,benign,False,novelty,fb6fb90af7fd9d66
XGBoost,hybrid_open_set,2026,10,238,81e45aef63aee0c1,benign,False,novelty,9c1090710d25c82e
XGBoost,hybrid_open_set,2026,10,239,33af5a45964e4ebd,fraggle,False,novelty,8dee1464df987eed
XGBoost,hybrid_open_set,2026,10,240,32a3f8b85011417e,smurf,False,uncertainty,5abdfe35de26a909
XGBoost,hybrid_open_set,2026,10,241,bf24214ecc0d1656,synflood,False,uncertainty,6d27ed001b185768
XGBoost,hybrid_open_set,2026,10,242,8ac9a96e11312fe2,tcpall,False,uncertainty,59e342a53a8ea90f
XGBoost,hybrid_open_set,2026,10,243,f0d4a997f8ce8687,benign,False,uncertainty,027048a82304685c
XGBoost,hybrid_open_set,2026,10,244,c6e58140fa4c90a1,benign,False,uncertainty,d82a8a71201201e0
XGBoost,hybrid_open_set,2026,10,245,16e487e4e876b0cc,icmpbig,False,uncertainty,1255b338bb026993
XGBoost,hybrid_open_set,2026,10,246,b41913fd11722122,benign,False,uncertainty,5f4c7ba49bfc005a
XGBoost,hybrid_open_set,2026,10,247,8ffef71be51a4461,benign,False,uncertainty,03a29583a98a67d3
XGBoost,hybrid_open_set,2026,10,248,2b5b35239dc67233,pingofdeath,False,random,33124c79fa31b8b6
XGBoost,hybrid_open_set,2026,10,249,192dca2ef8ef0c1a,icmpbig,False,random,11ef2328aebbae9a
XGBoost,hybrid_open_set,2026,10,250,a68e11078aa5b915,tcpfin1,False,random,3da3facffa0f3564
XGBoost,hybrid_open_set,2026,11,251,ae6ba38809845833,ackpflood,True,expansion,811ae939f0302bde
XGBoost,hybrid_open_set,2026,11,252,5343b8d451265210,teardrop,True,expansion,c11110b107945ad1
XGBoost,hybrid_open_set,2026,11,253,a94d96a128f95fc2,land,True,expansion,11ca897764624b71
XGBoost,hybrid_open_set,2026,11,254,dd2cefdb413490d3,ackpflood,True,expansion,456c6c1c5604adc9
XGBoost,hybrid_open_set,2026,11,255,6b09aa8824f52b08,ackpflood,True,expansion,4bb765e024664e6e
XGBoost,hybrid_open_set,2026,11,256,71539ee2f0ed6928,teardrop,True,expansion,f48deb88188adc11
XGBoost,hybrid_open_set,2026,11,257,5d9354b5b6286349,teardrop,True,expansion,7d623da0bf85ba86
XGBoost,hybrid_open_set,2026,11,258,07e09facc9074863,benign,False,novelty,c7a69aef458c3f18
XGBoost,hybrid_open_set,2026,11,259,3ca8c1ec686b3123,ackflood,False,novelty,be7ee44a657202f1
XGBoost,hybrid_open_set,2026,11,260,90d0f360db695ae5,winnuke,False,novelty,f6b4291e8cdb3a0f
XGBoost,hybrid_open_set,2026,11,261,f42321d2ab9b59da,teardrop,True,novelty,8dee1464df987eed
XGBoost,hybrid_open_set,2026,11,262,91dae497d7aa3982,icmpbig,False,novelty,c8e97d132ab405b7
XGBoost,hybrid_open_set,2026,11,263,ac4fa71e13cd3bff,benign,False,novelty,0f5cffa4cb54f1b2
XGBoost,hybrid_open_set,2026,11,264,5dde6ab2cd7046e0,benign,False,novelty,26cf88deaa86cd5a
XGBoost,hybrid_open_set,2026,11,265,405d967a18d99e78,fraggle,False,uncertainty,6f386101ed1c0411
XGBoost,hybrid_open_set,2026,11,266,6db926dd817240d3,ackflood,False,uncertainty,98cf5d7ecc49e274
XGBoost,hybrid_open_set,2026,11,267,e23cd045c46b67be,ackflood,False,uncertainty,34b7d3134bfaba66
XGBoost,hybrid_open_set,2026,11,268,6d33be7121633a26,syn,False,uncertainty,6407d7ec4d6128a0
XGBoost,hybrid_open_set,2026,11,269,b52d2d3d6e282e4e,icmpflood,False,uncertainty,f4f004dec7bcadc2
XGBoost,hybrid_open_set,2026,11,270,0f50140042c06c9d,tcp,False,uncertainty,684207b670f35a6f
XGBoost,hybrid_open_set,2026,11,271,0eb4aa696e9ba556,icmpbig,False,uncertainty,e2e84cdc53389294
XGBoost,hybrid_open_set,2026,11,272,5e688bd0de1b931d,tcpall,False,uncertainty,59e342a53a8ea90f
XGBoost,hybrid_open_set,2026,11,273,f3569cb183b78a3c,tcpfin1,False,random,1a1695b4f63d38b9
XGBoost,hybrid_open_set,2026,11,274,b14d7c9d361c6a10,pingofdeath,False,random,f73f5a35cca6bb7c
XGBoost,hybrid_open_set,2026,11,275,c1f663da446eb6ee,winnuke,False,random,37b1455f62e8aeb2
XGBoost,hybrid_open_set,2026,12,276,c5fab4019be5ce1d,ackpflood,True,expansion,811ae939f0302bde
XGBoost,hybrid_open_set,2026,12,277,3ae9e31688ac730d,teardrop,True,expansion,74a345693602c106
XGBoost,hybrid_open_set,2026,12,278,6e851af1dcb1e388,land,True,expansion,11ca897764624b71
XGBoost,hybrid_open_set,2026,12,279,049c10572f32aa26,ackpflood,True,expansion,63de70e0886d565d
XGBoost,hybrid_open_set,2026,12,280,bbf77eb711652ee2,teardrop,True,expansion,343ad15993122bbc
XGBoost,hybrid_open_set,2026,12,281,c456de530c4759a2,teardrop,True,expansion,c11110b107945ad1
XGBoost,hybrid_open_set,2026,12,282,740ce637bccc4f36,teardrop,True,expansion,7409c11e289a47aa
XGBoost,hybrid_open_set,2026,12,283,affe4a60915d9cb1,fraggle,False,novelty,767deb28f373c08c
XGBoost,hybrid_open_set,2026,12,284,83622bca018acb69,winnuke,False,novelty,e62b9bcb8dcdedf4
XGBoost,hybrid_open_set,2026,12,285,8835c33b1b7340b1,ackflood,False,novelty,7eea815dbc22e55c
XGBoost,hybrid_open_set,2026,12,286,bfd2125f3376237d,benign,False,novelty,0f5cffa4cb54f1b2
XGBoost,hybrid_open_set,2026,12,287,ab48c4873ad28180,smurf,False,novelty,49fcf6252a0c1c58
XGBoost,hybrid_open_set,2026,12,288,86090c712db3ee36,smurf,False,novelty,8dee1464df987eed
XGBoost,hybrid_open_set,2026,12,289,15e4fab9b7358a39,winnuke,False,novelty,78772b9a350b8dcc
XGBoost,hybrid_open_set,2026,12,290,5cee307147066326,tcpall,False,uncertainty,d2064fe191a31aef
XGBoost,hybrid_open_set,2026,12,291,247d4fa2c7be9b71,ackflood,False,uncertainty,63e185e8c3f96404
XGBoost,hybrid_open_set,2026,12,292,8a9b6e4a45f41da2,benign,False,uncertainty,d82a8a71201201e0
XGBoost,hybrid_open_set,2026,12,293,a6e1faad41df9efc,pingofdeath,False,uncertainty,02f30548bf4cc2f5
XGBoost,hybrid_open_set,2026,12,294,0639f6125d959f55,tcp,False,uncertainty,57eca39e0d266170
XGBoost,hybrid_open_set,2026,12,295,496322f3335719e8,fraggle,False,uncertainty,67eeffedc671d1d2
XGBoost,hybrid_open_set,2026,12,296,e80f8a56c78974d9,benign,False,uncertainty,48786b9df9541494
XGBoost,hybrid_open_set,2026,12,297,cbe9d97cbe93fc02,benign,False,uncertainty,89eed610d2c939c7
XGBoost,hybrid_open_set,2026,12,298,dde6b45e9c78b58b,tcpfin1,False,random,3da3facffa0f3564
XGBoost,hybrid_open_set,2026,12,299,23cbace497dd4968,icmpflood,False,random,154119a1d6ccad37
XGBoost,hybrid_open_set,2026,12,300,ea424add8c1efd09,pingofdeath,False,random,af85908ccb39f118
XGBoost,random,31415,1,1,1f6fec732bc49406,teardrop,True,random,f48deb88188adc11
XGBoost,random,31415,1,2,bdee5dbcf2d8b8c5,ackflood,False,random,c473f0d654afad63
XGBoost,random,31415,1,3,6e18c6f66c2879d8,icmpbig,False,random,11ef2328aebbae9a
XGBoost,random,31415,1,4,031fe2c652e21b3c,pingofdeath,False,random,972b8806a96cb638
XGBoost,random,31415,1,5,06a4cfd7358c15ea,tcpall,False,random,6d190f0ade234a41
XGBoost,random,31415,1,6,69b24ed52b27982c,synflood,False,random,ddaa6e8a5f6b0ad8
XGBoost,random,31415,1,7,9c5f185b2a6dbe91,fraggle,False,random,add455247e14b58f
XGBoost,random,31415,1,8,ad733f5cc94b604f,ackflood,False,random,d70241206e1b961c
XGBoost,random,31415,1,9,d937cc17a43b08aa,ackflood,False,random,43bc1a078d30907f
XGBoost,random,31415,1,10,612e17017a7253dd,icmpflood,False,random,42aac8b4eb1a4f58
XGBoost,random,31415,1,11,5fe2116b656d9c82,smurf,False,random,4614ba434a2c3470
XGBoost,random,31415,1,12,1876ccae978d2094,tcp,False,random,041bf9c2b20075af
XGBoost,random,31415,1,13,fdf01860e9cc72b2,ackflood,False,random,375706e3c87f9a71
XGBoost,random,31415,1,14,aa63cd3b4e101961,teardrop,True,random,f3a9ca77aa994aa6
XGBoost,random,31415,1,15,cb150d4d131c2c2e,fraggle,False,random,31339063f76812c2
XGBoost,random,31415,1,16,1703fc7ab09cd8d6,teardrop,True,random,c467981fa0a38bdc
XGBoost,random,31415,1,17,6328440f14a6a308,smurf,False,random,4fa0d6254c9cf7c8
XGBoost,random,31415,1,18,8296ffd59aae8942,icmpflood,False,random,62210e255f2d92f6
XGBoost,random,31415,1,19,22b8a8ac4fec2ffb,synflood,False,random,f4efa23870b784d1
XGBoost,random,31415,1,20,0bb84a4a4765cad1,ackflood,False,random,ff9763faa295915f
XGBoost,random,31415,1,21,1fccbc15f1a158f3,routeip,False,random,753bbc2687bc83bf
XGBoost,random,31415,1,22,3d427ca7b7397c96,tcp,False,random,041bf9c2b20075af
XGBoost,random,31415,1,23,7626d74c0cbd1ae9,benign,False,random,0a214e13c983032e
XGBoost,random,31415,1,24,644a7ad996246f14,icmpflood,False,random,0154d078c9a97f53
XGBoost,random,31415,1,25,f35e4bb7bedfbece,fraggle,False,random,add455247e14b58f
XGBoost,random,31415,2,26,35442eff35937ecc,fraggle,False,random,5d82b706517eb931
XGBoost,random,31415,2,27,24d0b8da50d3123e,icmpbig,False,random,4ae2d078b50034c6
XGBoost,random,31415,2,28,b0ac31368a20b013,tcpfin1,False,random,1a1695b4f63d38b9
XGBoost,random,31415,2,29,68e8ee3ef063530e,tcpall,False,random,25df2cbec14f457e
XGBoost,random,31415,2,30,78b8896d70f238cc,teardrop,True,random,9ad199805828433e
XGBoost,random,31415,2,31,0c52e93fbf8c0d3d,pingofdeath,False,random,2b239fe9e28f5902
XGBoost,random,31415,2,32,b57f09eeb34417c2,ackflood,False,random,821fabf5b78d3cd3
XGBoost,random,31415,2,33,7d8b95fb03e4c52d,synflood,False,random,9a51a03c51ef26d4
XGBoost,random,31415,2,34,4f891af998885f62,icmpflood,False,random,24b3540d86e5a98c
XGBoost,random,31415,2,35,34d72b64a0508cb8,icmpflood,False,random,185627a7cef083bb
XGBoost,random,31415,2,36,011da907c1faa5b8,land,True,random,1fb8b2e54d539a4d
XGBoost,random,31415,2,37,86fedfee4c14b999,synflood,False,random,6db1d125e06bedd8
XGBoost,random,31415,2,38,2e13632a71ff489b,tcp,False,random,270dd1a8adf0d6e3
XGBoost,random,31415,2,39,454b9a4df49bc354,pingofdeath,False,random,74e57f29f6fd91a5
XGBoost,random,31415,2,40,9f48d24f5f184a11,ackflood,False,random,479bd1a0a6cffb92
XGBoost,random,31415,2,41,e9791591720fceca,benign,False,random,f0948557f91e3bfd
XGBoost,random,31415,2,42,988016835d3d253e,tcp,False,random,609b2f411f37b70a
XGBoost,random,31415,2,43,005a631e606a0a14,smurf,False,random,f4df15c8bbacd8da
XGBoost,random,31415,2,44,ab43175b15bd2ef3,pingofdeath,False,random,85e2b4e7c0cf3c7f
XGBoost,random,31415,2,45,c11c6179b0b5dc54,teardrop,True,random,7409c11e289a47aa
XGBoost,random,31415,2,46,a96de0df74d128cf,fraggle,False,random,e9c5ad826faf87f5
XGBoost,random,31415,2,47,a4a3f9ebe55cad57,benign,False,random,f89cc093fed9b8b0
XGBoost,random,31415,2,48,640c54d3658ab6cc,syn,False,random,91a24eb6dfa53e45
XGBoost,random,31415,2,49,8dd465fe6d5fd5f0,smurf,False,random,0c6529c04298f723
XGBoost,random,31415,2,50,db730f5b5ad9d363,icmpbig,False,random,bf640f01d7d74bf6
XGBoost,random,31415,3,51,eb1225ee9d5c8fb0,benign,False,random,709431a81deb4b83
XGBoost,random,31415,3,52,e40d94b73718229f,icmpflood,False,random,8b8d12bcbb884e94
XGBoost,random,31415,3,53,a3b6e0117994c766,ackflood,False,random,057ed8cc5ca43cbc
XGBoost,random,31415,3,54,abc68dbf4b5f6c43,pingofdeath,False,random,c7404c80d6875d81
XGBoost,random,31415,3,55,615992eb751a6d75,icmpbig,False,random,bf640f01d7d74bf6
XGBoost,random,31415,3,56,fee73c153856117a,tcp,False,random,8a0c3de433c4f985
XGBoost,random,31415,3,57,8ff0979cd8ea79d3,tcpall,False,random,b768a355945e3c39
XGBoost,random,31415,3,58,953160633e43b29f,icmpbig,False,random,bf640f01d7d74bf6
XGBoost,random,31415,3,59,7c759ecc77d8fc68,icmpflood,False,random,eba1897b1c6caa90
XGBoost,random,31415,3,60,93bd8ca9c62d8c33,benign,False,random,0bb2a48ca97906d1
XGBoost,random,31415,3,61,534c382260dde96f,smurf,False,random,0c6529c04298f723
XGBoost,random,31415,3,62,f8938808ce29f61e,syn,False,random,e1c7428d5bdc3169
XGBoost,random,31415,3,63,21d83047bb3ed104,icmpbig,False,random,0d44d07bf6c3a3d7
XGBoost,random,31415,3,64,d15d2b4d8b25754f,tcpall,False,random,6d190f0ade234a41
XGBoost,random,31415,3,65,b1b5fc72ab444568,smurf,False,random,431faed7471d0139
XGBoost,random,31415,3,66,e331ddc1fd985bd0,routeip,False,random,7480dec5eaacca58
XGBoost,random,31415,3,67,344f81fc2fac7d80,pingofdeath,False,random,453b58f5b0bee4f2
XGBoost,random,31415,3,68,9f36693480c55689,tcp,False,random,66ee22db9c6bf1e5
XGBoost,random,31415,3,69,a6229547e8b27a2b,tcp,False,random,ab4c6c054d87c9d5
XGBoost,random,31415,3,70,4c7831b67b1b1876,ackpflood,True,random,811ae939f0302bde
XGBoost,random,31415,3,71,dbb7380425f51122,ackpflood,True,random,456c6c1c5604adc9
XGBoost,random,31415,3,72,eecedfe09b7ad04e,benign,False,random,51864c99dab8c318
XGBoost,random,31415,3,73,a98d0eb0ea50031d,pingofdeath,False,random,859978164315bfc5
XGBoost,random,31415,3,74,1cac98a47b7347ab,synflood,False,random,2b98e0f313025673
XGBoost,random,31415,3,75,9f16f5b21912729a,tcpall,False,random,25df2cbec14f457e
XGBoost,random,31415,4,76,efe8c86062978f98,syn,False,random,1f970c937f152aa7
XGBoost,random,31415,4,77,a19a36661d1c8fd0,tcpfin1,False,random,3c0b38c8dbf829f2
XGBoost,random,31415,4,78,8f4056e8f8650917,smurf,False,random,5074e463ae1ff129
XGBoost,random,31415,4,79,7020ff098f2c8e62,tcpall,False,random,6d190f0ade234a41
XGBoost,random,31415,4,80,6d8c624eb049bb31,benign,False,random,a318be9799421a51
XGBoost,random,31415,4,81,b9afe046e1660288,pingofdeath,False,random,8e43e89eb2841412
XGBoost,random,31415,4,82,d25d201dd5ea770b,smurf,False,random,5074e463ae1ff129
XGBoost,random,31415,4,83,512258be8afa4284,syn,False,random,e1c7428d5bdc3169
XGBoost,random,31415,4,84,b32ce934b4d6f628,smurf,False,random,4614ba434a2c3470
XGBoost,random,31415,4,85,85d9ba1a10c2ce41,routeip,False,random,753bbc2687bc83bf
XGBoost,random,31415,4,86,56d8c95f26429cc1,icmpbig,False,random,bf640f01d7d74bf6
XGBoost,random,31415,4,87,d57d52ba5323205a,ackflood,False,random,91a751c58fb86c3b
XGBoost,random,31415,4,88,a95947d08dddf012,teardrop,True,random,295e6b7bf677498a
XGBoost,random,31415,4,89,f4f00bb32320046f,smurf,False,random,502a72700cfe0186
XGBoost,random,31415,4,90,b5fe5daf4439f998,synflood,False,random,ab4ec89ba9d50e24
XGBoost,random,31415,4,91,bd1c9aa12e579501,smurf,False,random,5074e463ae1ff129
XGBoost,random,31415,4,92,c6e8d645505ef2d8,pingofdeath,False,random,7e79647a80fcb4e2
XGBoost,random,31415,4,93,3a1e0f94c0e99bf3,routeip,False,random,7480dec5eaacca58
XGBoost,random,31415,4,94,0e07eb6d2c3f043b,routeip,False,random,753bbc2687bc83bf
XGBoost,random,31415,4,95,08e1a2d847765862,synflood,False,random,74fc6c27c273eee5
XGBoost,random,31415,4,96,36ead04180a6a91f,pingofdeath,False,random,568a672df975062f
XGBoost,random,31415,4,97,699e5745086c931c,icmpbig,False,random,11ef2328aebbae9a
XGBoost,random,31415,4,98,a488e41d864667dd,pingofdeath,False,random,11cbb2daef6f6fdf
XGBoost,random,31415,4,99,e7a52d41ff342f13,fraggle,False,random,b64eb1170e43d14e
XGBoost,random,31415,4,100,8febc23adbe466e1,pingofdeath,False,random,4ffcafab13303c7d
XGBoost,random,31415,5,101,8bd0ae77c1bb3cc4,routeip,False,random,753bbc2687bc83bf
XGBoost,random,31415,5,102,dde43e27ba8ba07c,teardrop,True,random,c467981fa0a38bdc
XGBoost,random,31415,5,103,8af21c95833e3efd,icmpbig,False,random,11ef2328aebbae9a
XGBoost,random,31415,5,104,9d9e8503d914b8f5,tcp,False,random,eab058deef3ef772
XGBoost,random,31415,5,105,5d504383f83f57db,syn,False,random,9b58eb4ca28cad6b
XGBoost,random,31415,5,106,93a5c4470f86aa65,ackflood,False,random,1e7b3ee6fc2e9603
XGBoost,random,31415,5,107,bdacb4ad2a3e35c3,tcp,False,random,f57f6b08bbeb7e92
XGBoost,random,31415,5,108,fb3d0ae93b788072,tcp,False,random,761777b58d5a76ad
XGBoost,random,31415,5,109,cca2bf3956e8f1ae,ackflood,False,random,bcc8361b92e4378b
XGBoost,random,31415,5,110,7074d3a5afe30a6f,synflood,False,random,b2a98b435be94dac
XGBoost,random,31415,5,111,e6635af21bf3cee2,routeip,False,random,753bbc2687bc83bf
XGBoost,random,31415,5,112,918e28794fa46ff7,ackflood,False,random,04d990c106e8df8d
XGBoost,random,31415,5,113,af7dd6a0b4ae293c,icmpflood,False,random,0c9d4c22f83734c9
XGBoost,random,31415,5,114,fef1a0fd91ba35bd,ackpflood,True,random,811ae939f0302bde
XGBoost,random,31415,5,115,d1d6a75f53978b3e,benign,False,random,3f0ed79ae61b8206
XGBoost,random,31415,5,116,26ff14a8e3aecf94,benign,False,random,2eea8e33a603cd42
XGBoost,random,31415,5,117,86e94a2206505265,winnuke,False,random,410bcc024f654308
XGBoost,random,31415,5,118,a002528c581dfb3b,tcp,False,random,ef0542b9fa15660a
XGBoost,random,31415,5,119,a9d7da0e8e880d41,winnuke,False,random,0541563abf895aec
XGBoost,random,31415,5,120,8e3fc4c61bded2e8,teardrop,True,random,47f813adaf2ee0cf
XGBoost,random,31415,5,121,ef1294c445f9b699,synflood,False,random,9bbf9290c3fe1118
XGBoost,random,31415,5,122,41112374f8b2d4c5,routeip,False,random,753bbc2687bc83bf
XGBoost,random,31415,5,123,acf4a61ee21415c9,winnuke,False,random,cbc1442465cb63d2
XGBoost,random,31415,5,124,76109d620ab808b2,icmpbig,False,random,11ef2328aebbae9a
XGBoost,random,31415,5,125,24d532e79f47cec4,pingofdeath,False,random,27f8d5f3c02d28e1
XGBoost,random,31415,6,126,1edfc3323909772a,tcp,False,random,4da4e2ec5e248502
XGBoost,random,31415,6,127,95b76aac17338a84,tcpall,False,random,25df2cbec14f457e
XGBoost,random,31415,6,128,0536f0161cf121f2,routeip,False,random,753bbc2687bc83bf
XGBoost,random,31415,6,129,602103fec11544bd,tcpfin1,False,random,1a1695b4f63d38b9
XGBoost,random,31415,6,130,fee6af44e98e6ed3,synflood,False,random,e6c6a18a8d709a14
XGBoost,random,31415,6,131,468d8011d24a49cd,routeip,False,random,dabc063a26814dbc
XGBoost,random,31415,6,132,f263d4c4744a0bde,teardrop,True,random,f48deb88188adc11
XGBoost,random,31415,6,133,b804f87cc0788f8e,ackpflood,True,random,456c6c1c5604adc9
XGBoost,random,31415,6,134,8a231c709be8c0bf,tcp,False,random,20728b55be28c7ad
XGBoost,random,31415,6,135,c141d39be8b8d6ca,smurf,False,random,5abdfe35de26a909
XGBoost,random,31415,6,136,2b77296f3029d032,fraggle,False,random,add455247e14b58f
XGBoost,random,31415,6,137,2a5fd5f06cb9024c,synflood,False,random,32157103057e5ee3
XGBoost,random,31415,6,138,b6eff049b723933d,benign,False,random,dadd3f697783d936
XGBoost,random,31415,6,139,2cc4201b4941459c,winnuke,False,random,0541563abf895aec
XGBoost,random,31415,6,140,4776121b13cbc874,benign,False,random,f7c5a8ca224dbbd6
XGBoost,random,31415,6,141,0d09c38d15e9d6ae,smurf,False,random,7a0f26ba532cc489
XGBoost,random,31415,6,142,83a85fe8efac5e5a,tcp,False,random,4da4e2ec5e248502
XGBoost,random,31415,6,143,914c885fae3c426a,winnuke,False,random,0541563abf895aec
XGBoost,random,31415,6,144,53c05a4a94407523,pingofdeath,False,random,788523788fb4db2b
XGBoost,random,31415,6,145,c6a3e700420d3b0d,tcpfin1,False,random,3da3facffa0f3564
XGBoost,random,31415,6,146,ecd5d2c2ff6f0399,benign,False,random,587a26b32907c413
XGBoost,random,31415,6,147,c503c842e0d8a248,fraggle,False,random,add455247e14b58f
XGBoost,random,31415,6,148,bbbe3c74fb30da07,smurf,False,random,3e9394b05a6c9bde
XGBoost,random,31415,6,149,9e2804a8e057ba80,syn,False,random,9b58eb4ca28cad6b
XGBoost,random,31415,6,150,cc1ad40d86321114,syn,False,random,9b58eb4ca28cad6b
XGBoost,random,31415,7,151,63fe465a4ed70fbb,smurf,False,random,d997b1c9d0cf219b
XGBoost,random,31415,7,152,b07cc1fa603013d1,fraggle,False,random,5034e5ea57497093
XGBoost,random,31415,7,153,1d130ef8f31e283a,tcpall,False,random,34ef57a4eef0d472
XGBoost,random,31415,7,154,dce51d038ecca648,syn,False,random,91a24eb6dfa53e45
XGBoost,random,31415,7,155,5f4c7d2db9de7e1f,ackflood,False,random,375706e3c87f9a71
XGBoost,random,31415,7,156,5f9e1b537c0099b6,synflood,False,random,d5b778b0f845c89a
XGBoost,random,31415,7,157,7dacd078ce808a90,synflood,False,random,fe43b1f044b4f68f
XGBoost,random,31415,7,158,bc63e9afe9da0f6f,routeip,False,random,7480dec5eaacca58
XGBoost,random,31415,7,159,939c45e3376fbf8a,tcpfin1,False,random,3da3facffa0f3564
XGBoost,random,31415,7,160,6ce258a12a218898,tcpfin1,False,random,3da3facffa0f3564
XGBoost,random,31415,7,161,c65d450d0d30a4fd,icmpflood,False,random,e04bd5af7fce780e
XGBoost,random,31415,7,162,62768f8318399fd5,winnuke,False,random,7d51cac6cee735b5
XGBoost,random,31415,7,163,c610335451bec744,land,True,random,1fb8b2e54d539a4d
XGBoost,random,31415,7,164,73607543761a67b2,teardrop,True,random,7409c11e289a47aa
XGBoost,random,31415,7,165,925a17229d0b0563,synflood,False,random,60614af22415ad59
XGBoost,random,31415,7,166,e74577385bec34c9,synflood,False,random,74fc6c27c273eee5
XGBoost,random,31415,7,167,42e398d7342e2976,winnuke,False,random,0541563abf895aec
XGBoost,random,31415,7,168,2a25dd784904c7b6,icmpflood,False,random,eba1897b1c6caa90
XGBoost,random,31415,7,169,617effd49d817e59,winnuke,False,random,0541563abf895aec
XGBoost,random,31415,7,170,743fcfc2a53a13cb,pingofdeath,False,random,b23d7a00cb1b5cd0
XGBoost,random,31415,7,171,0308d7d1ca40782a,fraggle,False,random,add455247e14b58f
XGBoost,random,31415,7,172,c1fb5a988bdf56d7,tcpfin1,False,random,3da3facffa0f3564
XGBoost,random,31415,7,173,64365b23c57d776b,fraggle,False,random,31339063f76812c2
XGBoost,random,31415,7,174,b399ae6b0a94b45f,icmpflood,False,random,115e4272d4eeb02e
XGBoost,random,31415,7,175,e9a00c93078eaa0e,winnuke,False,random,410bcc024f654308
XGBoost,random,31415,8,176,04afdd601e6c8909,smurf,False,random,0c6529c04298f723
XGBoost,random,31415,8,177,740f16d966129124,icmpflood,False,random,86cbcd29c1a0caec
XGBoost,random,31415,8,178,c5f96b9711da50fe,icmpbig,False,random,11ef2328aebbae9a
XGBoost,random,31415,8,179,efee20e3118bffe4,icmpflood,False,random,1e473fac722d652b
XGBoost,random,31415,8,180,39f74976850293ce,tcp,False,random,965b7aeaadad8c08
XGBoost,random,31415,8,181,85e0e4d5cf174ef1,tcp,False,random,66ee22db9c6bf1e5
XGBoost,random,31415,8,182,a56281127ad8151a,routeip,False,random,dabc063a26814dbc
XGBoost,random,31415,8,183,524b0975d6b0000a,tcpall,False,random,6d190f0ade234a41
XGBoost,random,31415,8,184,4571eabadccd5b6a,benign,False,random,eb112a4ad4db1d35
XGBoost,random,31415,8,185,b3e0a1795ee15166,fraggle,False,random,579d736edc011386
XGBoost,random,31415,8,186,e8f8722591afe2ba,icmpbig,False,random,bf640f01d7d74bf6
XGBoost,random,31415,8,187,da998c52acb31775,icmpflood,False,random,73e358e9bc1f3bf9
XGBoost,random,31415,8,188,a2b104b296c751a9,fraggle,False,random,c17c98136ce15895
XGBoost,random,31415,8,189,3bb089441b3b8a54,ackflood,False,random,0723eaa8df5aacf6
XGBoost,random,31415,8,190,45d2614d04d927a3,pingofdeath,False,random,6c968b0b493c8cff
XGBoost,random,31415,8,191,f250310768e5935f,tcpall,False,random,25df2cbec14f457e
XGBoost,random,31415,8,192,8471f758b29f4ffc,routeip,False,random,753bbc2687bc83bf
XGBoost,random,31415,8,193,4c01444e1a4e75ac,smurf,False,random,b873637c61f6e122
XGBoost,random,31415,8,194,4ea76d464ee679fe,winnuke,False,random,0541563abf895aec
XGBoost,random,31415,8,195,4b51b1d50933f62e,icmpbig,False,random,11ef2328aebbae9a
XGBoost,random,31415,8,196,603901fc19d6e912,tcpall,False,random,25df2cbec14f457e
XGBoost,random,31415,8,197,ec0382956bce8f03,teardrop,True,random,47f813adaf2ee0cf
XGBoost,random,31415,8,198,56e8235d06c3230f,icmpflood,False,random,2196a909b270f9ea
XGBoost,random,31415,8,199,2329929f06dad2fb,icmpbig,False,random,11ef2328aebbae9a
XGBoost,random,31415,8,200,30838e1f49f9b3cf,routeip,False,random,7480dec5eaacca58
XGBoost,random,31415,9,201,a6c7fafa4bf9249b,icmpbig,False,random,bf640f01d7d74bf6
XGBoost,random,31415,9,202,c5aaa999a406660a,icmpflood,False,random,075e1bef7fb56df8
XGBoost,random,31415,9,203,f640bf4cdb223924,icmpbig,False,random,734d7e997233e84a
XGBoost,random,31415,9,204,ec530ccb91eb0f2a,pingofdeath,False,random,832327d2bb794dec
XGBoost,random,31415,9,205,775179685948ac1d,winnuke,False,random,0541563abf895aec
XGBoost,random,31415,9,206,a3e6f104c2b14395,tcp,False,random,66ee22db9c6bf1e5
XGBoost,random,31415,9,207,aa375f72336550f1,syn,False,random,91a24eb6dfa53e45
XGBoost,random,31415,9,208,5605f43487a7be95,tcp,False,random,1084ff896fa95aab
XGBoost,random,31415,9,209,11ff4f9cc6eae22f,icmpflood,False,random,4c9e0370c07a8339
XGBoost,random,31415,9,210,0287c288394e32fe,pingofdeath,False,random,d2a3cfe1160c2ba6
XGBoost,random,31415,9,211,533c3cdf834de973,tcp,False,random,4da4e2ec5e248502
XGBoost,random,31415,9,212,30b673b59909a817,winnuke,False,random,0541563abf895aec
XGBoost,random,31415,9,213,8c8c667cfce232db,winnuke,False,random,03feff61a0475f32
XGBoost,random,31415,9,214,7941497c2695119f,ackflood,False,random,f8cba5697937110c
XGBoost,random,31415,9,215,8658a19289f97e2f,tcp,False,random,1084ff896fa95aab
XGBoost,random,31415,9,216,a53510dcc569cc19,icmpflood,False,random,a42f8cb07a65154e
XGBoost,random,31415,9,217,8f71ed89bf85400f,tcp,False,random,b591e7d985b4e445
XGBoost,random,31415,9,218,8f0b77517971a00d,icmpbig,False,random,11ef2328aebbae9a
XGBoost,random,31415,9,219,096892a3c87b1070,tcpall,False,random,f487d01518b04483
XGBoost,random,31415,9,220,e25264fd11389fed,smurf,False,random,d835387b7576ae2c
XGBoost,random,31415,9,221,e3fd6d26c4478bb0,ackflood,False,random,4355ef8590b67ead
XGBoost,random,31415,9,222,42d8ba9d3ac42680,pingofdeath,False,random,0a79fbbd87f0af56
XGBoost,random,31415,9,223,fd1f73501e191faf,land,True,random,11ca897764624b71
XGBoost,random,31415,9,224,5fa1226fb1cc6080,pingofdeath,False,random,fdfd31f0874ffe00
XGBoost,random,31415,9,225,bec7b85aa0bd26b4,syn,False,random,91a24eb6dfa53e45
XGBoost,random,31415,10,226,03cfc0723a68eac6,benign,False,random,95defcb7f911fecd
XGBoost,random,31415,10,227,bbf11e8a10898846,fraggle,False,random,e703b1ef2fbb0212
XGBoost,random,31415,10,228,f9580c249dda06b4,fraggle,False,random,5034e5ea57497093
XGBoost,random,31415,10,229,73f91b241fc5c72a,icmpbig,False,random,bf640f01d7d74bf6
XGBoost,random,31415,10,230,cfbd948a97a6f43f,icmpbig,False,random,bf640f01d7d74bf6
XGBoost,random,31415,10,231,05c8844146704ca4,benign,False,random,a58aaac0e1e96b44
XGBoost,random,31415,10,232,bf205d7accf61d08,routeip,False,random,7480dec5eaacca58
XGBoost,random,31415,10,233,3ff6c3d7246a2c3b,benign,False,random,59097f3a0f0db565
XGBoost,random,31415,10,234,90ad7377ec217b8f,pingofdeath,False,random,bda13f66cb11fcdf
XGBoost,random,31415,10,235,459ede2b5fa0025b,syn,False,random,91a24eb6dfa53e45
XGBoost,random,31415,10,236,57f172b1f3f40b7a,pingofdeath,False,random,0955e603ae891def
XGBoost,random,31415,10,237,cde87999acfbab80,synflood,False,random,d12b6d97bdd50642
XGBoost,random,31415,10,238,c2357aa804c606af,icmpflood,False,random,968102c9fdb61a70
XGBoost,random,31415,10,239,e643c3ae8a6254c9,teardrop,True,random,5bc4c1106c05ca18
XGBoost,random,31415,10,240,bc6aa1c829e0e4bc,tcpfin1,False,random,3da3facffa0f3564
XGBoost,random,31415,10,241,56cfe641c78ab95d,tcpfin1,False,random,3da3facffa0f3564
XGBoost,random,31415,10,242,ec804e99b45c285f,syn,False,random,91a24eb6dfa53e45
XGBoost,random,31415,10,243,d1214be121766be3,land,True,random,1fb8b2e54d539a4d
XGBoost,random,31415,10,244,dbd6d77a6bbfb62c,synflood,False,random,2b98e0f313025673
XGBoost,random,31415,10,245,6e08fc09f3e52d9e,tcpall,False,random,25df2cbec14f457e
XGBoost,random,31415,10,246,ffffe733b450dbe4,ackflood,False,random,b39b6ae5dda33531
XGBoost,random,31415,10,247,c934312f6fccf378,pingofdeath,False,random,1ac7cb990f422f34
XGBoost,random,31415,10,248,b8f904bddc5459d1,fraggle,False,random,dfe9d116fd351d70
XGBoost,random,31415,10,249,5ee54797d84bafc4,tcp,False,random,1dbaada03a343f6d
XGBoost,random,31415,10,250,5b11ac48e6ab8e84,pingofdeath,False,random,8f21796984db6823
XGBoost,random,31415,11,251,74d7e043289f74e2,tcp,False,random,3cfae88868a8518e
XGBoost,random,31415,11,252,37b8d67b34f7079e,synflood,False,random,2758c9d1858b9c82
XGBoost,random,31415,11,253,0c0cec2772495825,syn,False,random,9b58eb4ca28cad6b
XGBoost,random,31415,11,254,6b0ed8eebad1930a,winnuke,False,random,0541563abf895aec
XGBoost,random,31415,11,255,bef76fd39b88e8a1,routeip,False,random,56239d2baf50ff43
XGBoost,random,31415,11,256,7855b8723f47d883,pingofdeath,False,random,788523788fb4db2b
XGBoost,random,31415,11,257,93c7e130c9bcf7d8,synflood,False,random,32e495f0bc06c218
XGBoost,random,31415,11,258,4f5ea1c29878b31d,smurf,False,random,4614ba434a2c3470
XGBoost,random,31415,11,259,211dd5f655f57b5a,tcp,False,random,8a0c3de433c4f985
XGBoost,random,31415,11,260,ea2e3a211040b84e,smurf,False,random,a308417f193109ef
XGBoost,random,31415,11,261,eb0fcd90375a9364,syn,False,random,91a24eb6dfa53e45
XGBoost,random,31415,11,262,1d4bba49f37f76f2,icmpbig,False,random,bf640f01d7d74bf6
XGBoost,random,31415,11,263,9f3d017c1d709cad,tcp,False,random,8a0c3de433c4f985
XGBoost,random,31415,11,264,a69d3ea8fff48b40,smurf,False,random,5c2860410a71cff3
XGBoost,random,31415,11,265,1af03285985eb9d1,tcp,False,random,041bf9c2b20075af
XGBoost,random,31415,11,266,103f79189ce4e4b7,synflood,False,random,e6c6a18a8d709a14
XGBoost,random,31415,11,267,2c334afd0ff47ea7,tcpfin1,False,random,d430fed83df690c0
XGBoost,random,31415,11,268,eab6bc6a98342664,synflood,False,random,b2a98b435be94dac
XGBoost,random,31415,11,269,4f3a5e4333375044,routeip,False,random,753bbc2687bc83bf
XGBoost,random,31415,11,270,164ac96ca7c84e04,syn,False,random,91a24eb6dfa53e45
XGBoost,random,31415,11,271,943a41948a8e04a0,tcp,False,random,90fd74b0affb5fa2
XGBoost,random,31415,11,272,21d824128b5ed81a,tcp,False,random,761777b58d5a76ad
XGBoost,random,31415,11,273,2e46fd1918e8ea7f,syn,False,random,9b58eb4ca28cad6b
XGBoost,random,31415,11,274,33e6b69c9d81c4cd,tcp,False,random,00136c523ef9a2bf
XGBoost,random,31415,11,275,86d49ab4883f9d40,fraggle,False,random,31339063f76812c2
XGBoost,random,31415,12,276,6f3e833893ba7d80,routeip,False,random,753bbc2687bc83bf
XGBoost,random,31415,12,277,4d17167601583bd5,teardrop,True,random,c11110b107945ad1
XGBoost,random,31415,12,278,bfc7505db7221090,icmpflood,False,random,61d2bcc733191d8b
XGBoost,random,31415,12,279,7254fc9d0b9565fb,benign,False,random,da4c560eb24ac82a
XGBoost,random,31415,12,280,46c1f76209f3a023,pingofdeath,False,random,8dd76d1cbbc38dfe
XGBoost,random,31415,12,281,8af2bf837682bc81,ackflood,False,random,79598b094c4a22a8
XGBoost,random,31415,12,282,d642fda4b13807fd,smurf,False,random,3086e9fb4b491225
XGBoost,random,31415,12,283,f33e868b373c09bb,icmpbig,False,random,bf640f01d7d74bf6
XGBoost,random,31415,12,284,fa8805351f9a80cd,tcpfin1,False,random,1a1695b4f63d38b9
XGBoost,random,31415,12,285,8b51e51b01a680fb,syn,False,random,1f970c937f152aa7
XGBoost,random,31415,12,286,1580ded8178d0a95,routeip,False,random,753bbc2687bc83bf
XGBoost,random,31415,12,287,ee435bc3e5520adc,pingofdeath,False,random,7588e68873032002
XGBoost,random,31415,12,288,613aa674dd513ebd,pingofdeath,False,random,4897d869f753d5d6
XGBoost,random,31415,12,289,14c8de45d03eebd1,icmpbig,False,random,bf640f01d7d74bf6
XGBoost,random,31415,12,290,10a1f797dfa03729,winnuke,False,random,5a4979de7de90249
XGBoost,random,31415,12,291,45f689fedb7ceeb4,teardrop,True,random,74a345693602c106
XGBoost,random,31415,12,292,e4d51955722e72c7,syn,False,random,9b58eb4ca28cad6b
XGBoost,random,31415,12,293,a241a2c483b96fec,syn,False,random,1f970c937f152aa7
XGBoost,random,31415,12,294,952a5249e493f5b1,benign,False,random,b107abca7185dfb2
XGBoost,random,31415,12,295,426b4d23253f1138,routeip,False,random,7480dec5eaacca58
XGBoost,random,31415,12,296,5b6b51128e3bff2a,winnuke,False,random,0541563abf895aec
XGBoost,random,31415,12,297,7ab9409547006181,land,True,random,1fb8b2e54d539a4d
XGBoost,random,31415,12,298,13858c42a6eedd4b,tcpall,False,random,6d190f0ade234a41
XGBoost,random,31415,12,299,326a933cbbf173ba,tcpall,False,random,c946f18387edcc93
XGBoost,random,31415,12,300,0f79107ad82fc3d5,tcpall,False,random,25df2cbec14f457e
XGBoost,uncertainty,31415,1,1,418f4db928efeae0,benign,False,uncertainty,314bea7830754711
XGBoost,uncertainty,31415,1,2,26884fbafc16d2ee,benign,False,uncertainty,18f5eafaca8e06f0
XGBoost,uncertainty,31415,1,3,5da620e8541c13de,benign,False,uncertainty,c7ff00ac7f474e2f
XGBoost,uncertainty,31415,1,4,a8d1b7daecd31112,benign,False,uncertainty,18f5eafaca8e06f0
XGBoost,uncertainty,31415,1,5,9464bcec83e957b6,benign,False,uncertainty,7dc77872ba86d2d6
XGBoost,uncertainty,31415,1,6,92526dc30c4b411e,benign,False,uncertainty,00eeee6b1f0d7fcf
XGBoost,uncertainty,31415,1,7,931dec24649a4ba5,benign,False,uncertainty,6e9563c0d2f37978
XGBoost,uncertainty,31415,1,8,48f39eb5b10eef7d,benign,False,uncertainty,c7ff00ac7f474e2f
XGBoost,uncertainty,31415,1,9,e85685cefeb909af,benign,False,uncertainty,00eeee6b1f0d7fcf
XGBoost,uncertainty,31415,1,10,2a60953126fbd13e,teardrop,True,uncertainty,840315da375509f4
XGBoost,uncertainty,31415,1,11,3b5f20a739f8e74b,teardrop,True,uncertainty,cbab90fa14300106
XGBoost,uncertainty,31415,1,12,a644a202229b2d66,teardrop,True,uncertainty,f227b6bf7a6bee83
XGBoost,uncertainty,31415,1,13,9e5f46a9fc4df799,teardrop,True,uncertainty,c72c3867bcd2d8cc
XGBoost,uncertainty,31415,1,14,268d5923ce36ecf5,teardrop,True,uncertainty,1ab57bfc4fa70c0d
XGBoost,uncertainty,31415,1,15,99e7192c4dbc163e,teardrop,True,uncertainty,1ab57bfc4fa70c0d
XGBoost,uncertainty,31415,1,16,16f6cb7213dc59d2,teardrop,True,uncertainty,365bcc23059e108b
XGBoost,uncertainty,31415,1,17,e726c9b4ea7dce09,teardrop,True,uncertainty,f48deb88188adc11
XGBoost,uncertainty,31415,1,18,042f7a941a33a278,teardrop,True,uncertainty,5bc4c1106c05ca18
XGBoost,uncertainty,31415,1,19,1a4876b4261b16a3,teardrop,True,uncertainty,5bc4c1106c05ca18
XGBoost,uncertainty,31415,1,20,c6d148df5d4c0893,teardrop,True,uncertainty,51a6467a1cc86ea6
XGBoost,uncertainty,31415,1,21,1e9252b8ca982eb3,teardrop,True,uncertainty,d8a38723452fda2b
XGBoost,uncertainty,31415,1,22,4b4ec65c3a0efe2b,teardrop,True,uncertainty,d8a38723452fda2b
XGBoost,uncertainty,31415,1,23,dd7bc9003604cb5f,teardrop,True,uncertainty,5bc4c1106c05ca18
XGBoost,uncertainty,31415,1,24,28dcddfa206e5cde,teardrop,True,uncertainty,f9b7241be7016300
XGBoost,uncertainty,31415,1,25,71539ee2f0ed6928,teardrop,True,uncertainty,f48deb88188adc11
XGBoost,uncertainty,31415,2,26,f32c1a4e568daede,ackflood,False,uncertainty,5a3574eb90f79f8c
XGBoost,uncertainty,31415,2,27,54d493d5a9eea84f,ackflood,False,uncertainty,dc66728d1843dd85
XGBoost,uncertainty,31415,2,28,ede1ea3ccd72d0c9,ackflood,False,uncertainty,f1ab7d45fc653c5b
XGBoost,uncertainty,31415,2,29,70ba2b249d785789,ackflood,False,uncertainty,f1ab7d45fc653c5b
XGBoost,uncertainty,31415,2,30,9a7e01614fcc3ce5,synflood,False,uncertainty,63e185e8c3f96404
XGBoost,uncertainty,31415,2,31,b4acfa91c18d43a4,ackflood,False,uncertainty,63e185e8c3f96404
XGBoost,uncertainty,31415,2,32,6379ee44ea247826,ackflood,False,uncertainty,ffa66beb00c8b4a7
XGBoost,uncertainty,31415,2,33,fe68050fad819c0a,ackflood,False,uncertainty,84e15707b5f79545
XGBoost,uncertainty,31415,2,34,24e62a9639f7fcb9,ackflood,False,uncertainty,f0843526df7ba8a2
XGBoost,uncertainty,31415,2,35,df04141dfce58cbc,ackflood,False,uncertainty,0fc4d491ddb0eb7a
XGBoost,uncertainty,31415,2,36,247d4fa2c7be9b71,ackflood,False,uncertainty,63e185e8c3f96404
XGBoost,uncertainty,31415,2,37,8ea823e7fd68c955,ackflood,False,uncertainty,84e15707b5f79545
XGBoost,uncertainty,31415,2,38,769fabca48254a46,ackflood,False,uncertainty,6c8eb23c8610faad
XGBoost,uncertainty,31415,2,39,b1726d6f096381d1,synflood,False,uncertainty,2a2a469bf902ad2c
XGBoost,uncertainty,31415,2,40,5e08db8667a966bf,ackflood,False,uncertainty,5d60958c4b6f358f
XGBoost,uncertainty,31415,2,41,06ad7546f42ad863,ackflood,False,uncertainty,b7411a2657b150c8
XGBoost,uncertainty,31415,2,42,0dd5a4723e4d8980,ackflood,False,uncertainty,01c7ce443ae68eb5
XGBoost,uncertainty,31415,2,43,963bfd9d214e5d29,ackflood,False,uncertainty,e9d433da7325da81
XGBoost,uncertainty,31415,2,44,e72d3b29e7c2aa6d,ackflood,False,uncertainty,dc66728d1843dd85
XGBoost,uncertainty,31415,2,45,5f9e1b537c0099b6,synflood,False,uncertainty,d5b778b0f845c89a
XGBoost,uncertainty,31415,2,46,8c9bf3caf740e689,synflood,False,uncertainty,74fc6c27c273eee5
XGBoost,uncertainty,31415,2,47,cbd8e6b80e842f87,ackflood,False,uncertainty,6ecba2f1aec41d52
XGBoost,uncertainty,31415,2,48,a5803d49f5b0400d,synflood,False,uncertainty,d5b778b0f845c89a
XGBoost,uncertainty,31415,2,49,148f85222af9c389,synflood,False,uncertainty,3488ba4b4548f7e4
XGBoost,uncertainty,31415,2,50,8f0066f124d049ae,ackflood,False,uncertainty,15afbdd04eebb2d1
XGBoost,uncertainty,31415,3,51,3f4c1651716315e1,tcpall,False,uncertainty,c946f18387edcc93
XGBoost,uncertainty,31415,3,52,a7a6959a499e9277,winnuke,False,uncertainty,8d2bec8c0a0a17b1
XGBoost,uncertainty,31415,3,53,8c947c02efa77d86,winnuke,False,uncertainty,8d2bec8c0a0a17b1
XGBoost,uncertainty,31415,3,54,d505d2ee027b976e,ackflood,False,uncertainty,d9db8ae21f981347
XGBoost,uncertainty,31415,3,55,c7e307233b45546b,ackflood,False,uncertainty,ff4041fb5770e268
XGBoost,uncertainty,31415,3,56,7a3e480216c4ed19,smurf,False,uncertainty,4bf50f3f6ef1fbf1
XGBoost,uncertainty,31415,3,57,c7c78192b4517fed,smurf,False,uncertainty,a5fac8212d0655f4
XGBoost,uncertainty,31415,3,58,67f1352e3ea75b24,winnuke,False,uncertainty,8d2bec8c0a0a17b1
XGBoost,uncertainty,31415,3,59,25094bf924af0ae6,winnuke,False,uncertainty,3044c102a4077eec
XGBoost,uncertainty,31415,3,60,2c77440af5f0771a,synflood,False,uncertainty,503b01356b9af867
XGBoost,uncertainty,31415,3,61,e797da2d23834f6f,synflood,False,uncertainty,2cc7967b222dc5ad
XGBoost,uncertainty,31415,3,62,900a3a1b7918b76e,synflood,False,uncertainty,503b01356b9af867
XGBoost,uncertainty,31415,3,63,cf65acb43c966f74,winnuke,False,uncertainty,f8ac14f0a7423f6e
XGBoost,uncertainty,31415,3,64,733b66e6c1d5cebb,winnuke,False,uncertainty,0c6c98b9dbb1dcf5
XGBoost,uncertainty,31415,3,65,75f0a7081e767000,benign,False,uncertainty,278975cbcaa57107
XGBoost,uncertainty,31415,3,66,f3da0e8d01fdd7e6,benign,False,uncertainty,e974cb3ae8015985
XGBoost,uncertainty,31415,3,67,eefe8c254b772a04,smurf,False,uncertainty,c8753c4a1d121a6e
XGBoost,uncertainty,31415,3,68,2f2a6b1486d295bd,winnuke,False,uncertainty,fab892f73c1fd41a
XGBoost,uncertainty,31415,3,69,558f1e12c84c9d9d,winnuke,False,uncertainty,2c0d2122dc98dc22
XGBoost,uncertainty,31415,3,70,9c6b7642a546ee97,winnuke,False,uncertainty,775c9ea97914b940
XGBoost,uncertainty,31415,3,71,a00e54c5f946fbbc,benign,False,uncertainty,0d3db616bb428303
XGBoost,uncertainty,31415,3,72,8d467df158e0e5f1,smurf,False,uncertainty,b53dd6e3a53a0c3f
XGBoost,uncertainty,31415,3,73,814b2fcddd378096,smurf,False,uncertainty,95db30122aceb845
XGBoost,uncertainty,31415,3,74,811eea2a4ea30ca5,smurf,False,uncertainty,cb9c8c0d11dac69d
XGBoost,uncertainty,31415,3,75,fd128d7419daec28,pingofdeath,False,uncertainty,97b1a2b42a8f87ec
XGBoost,uncertainty,31415,4,76,54f6082e618a60e0,smurf,False,uncertainty,c3680e056a5d8c54
XGBoost,uncertainty,31415,4,77,fff37c3deb26fa32,tcpall,False,uncertainty,146aa073103f8a9d
XGBoost,uncertainty,31415,4,78,213ca5fdb5c37829,benign,False,uncertainty,9b628248189850d7
XGBoost,uncertainty,31415,4,79,77dc0c6d20529823,syn,False,uncertainty,84ce6e49d66c1780
XGBoost,uncertainty,31415,4,80,92387b204bb553ba,benign,False,uncertainty,0bfab8d7afd0fca9
XGBoost,uncertainty,31415,4,81,3c19f0c656f1675f,benign,False,uncertainty,07c4bf40245b985e
XGBoost,uncertainty,31415,4,82,96feacda7e253b66,benign,False,uncertainty,c13ea2c54053d7ec
XGBoost,uncertainty,31415,4,83,a1a743d075b97a29,benign,False,uncertainty,430f65a62d5e6af7
XGBoost,uncertainty,31415,4,84,00e180782a6f3ee7,benign,False,uncertainty,0bfab8d7afd0fca9
XGBoost,uncertainty,31415,4,85,8189bc62c0e61085,icmpflood,False,uncertainty,40ed18d30a3f3f94
XGBoost,uncertainty,31415,4,86,2346e007cce546fa,benign,False,uncertainty,80b48f4cd277d383
XGBoost,uncertainty,31415,4,87,0df6a8957bcafac9,benign,False,uncertainty,027048a82304685c
XGBoost,uncertainty,31415,4,88,9206fa4cf36b750d,benign,False,uncertainty,80b48f4cd277d383
XGBoost,uncertainty,31415,4,89,cf18e2b8ecb8fcca,benign,False,uncertainty,9b75f52d01a60b62
XGBoost,uncertainty,31415,4,90,cd498af86dd82ec3,benign,False,uncertainty,02d39623ca8105d3
XGBoost,uncertainty,31415,4,91,a385d3fcaa130cd6,tcpall,False,uncertainty,c946f18387edcc93
XGBoost,uncertainty,31415,4,92,448374378d06d781,fraggle,False,uncertainty,28d1ae72bd2f58ec
XGBoost,uncertainty,31415,4,93,ff2a14748ff22505,fraggle,False,uncertainty,f4315e349aa63da3
XGBoost,uncertainty,31415,4,94,6253aa73861615c9,fraggle,False,uncertainty,1afbe0457ee0afb0
XGBoost,uncertainty,31415,4,95,a8bdc49086b0a59a,benign,False,uncertainty,e2bc1c69f591cda8
XGBoost,uncertainty,31415,4,96,02e3720d9d4ee7ef,benign,False,uncertainty,74dadab1aff7e5b8
XGBoost,uncertainty,31415,4,97,17136f5307b1a274,syn,False,uncertainty,5b92c74c690ee289
XGBoost,uncertainty,31415,4,98,38b7081fff1555fa,benign,False,uncertainty,dbbab94299988428
XGBoost,uncertainty,31415,4,99,d62a394efcb94981,benign,False,uncertainty,113a46e9f303ab17
XGBoost,uncertainty,31415,4,100,0f50140042c06c9d,tcp,False,uncertainty,684207b670f35a6f
XGBoost,uncertainty,31415,5,101,80011333a0a0a11d,benign,False,uncertainty,aa2454f61a6647dd
XGBoost,uncertainty,31415,5,102,8ac9a96e11312fe2,tcpall,False,uncertainty,59e342a53a8ea90f
XGBoost,uncertainty,31415,5,103,b06fa0c5164b81d3,winnuke,False,uncertainty,78772b9a350b8dcc
XGBoost,uncertainty,31415,5,104,659f87b94b8dae95,smurf,False,uncertainty,40c6004a07e71a22
XGBoost,uncertainty,31415,5,105,8bce68c228d38931,fraggle,False,uncertainty,c802254e2edbb74b
XGBoost,uncertainty,31415,5,106,d8c8a2abe04a1dd8,icmpflood,False,uncertainty,77a7b4f2b4f3508a
XGBoost,uncertainty,31415,5,107,e519313599f3bdcb,winnuke,False,uncertainty,7a8b3bc50abbc41a
XGBoost,uncertainty,31415,5,108,e912ec4cc560738d,fraggle,False,uncertainty,0314e996d818a09f
XGBoost,uncertainty,31415,5,109,fa6cae1d3bdad8eb,fraggle,False,uncertainty,dfe9d116fd351d70
XGBoost,uncertainty,31415,5,110,44cdafceae43d827,fraggle,False,uncertainty,928b0194cc28822f
XGBoost,uncertainty,31415,5,111,72ad441d62f8f207,benign,False,uncertainty,4d126dd5b0ee0af7
XGBoost,uncertainty,31415,5,112,cf368a4c39191124,fraggle,False,uncertainty,4c5395c15431505f
XGBoost,uncertainty,31415,5,113,2b63200fb5fbfc6e,tcp,False,uncertainty,01825a4448d7f9af
XGBoost,uncertainty,31415,5,114,20e3fe3220ff7fc4,icmpflood,False,uncertainty,3490a6f3fd9834a8
XGBoost,uncertainty,31415,5,115,b52d2d3d6e282e4e,icmpflood,False,uncertainty,f4f004dec7bcadc2
XGBoost,uncertainty,31415,5,116,612af7c95e10fc82,benign,False,uncertainty,a56169f967bfe521
XGBoost,uncertainty,31415,5,117,20a070f4149e7e64,benign,False,uncertainty,1c8542af452eaad3
XGBoost,uncertainty,31415,5,118,6e0f948fbcd5a5ab,icmpflood,False,uncertainty,a0e34afca9011e23
XGBoost,uncertainty,31415,5,119,f1d9a1d7a713f599,winnuke,False,uncertainty,67477dfdcdb3e77c
XGBoost,uncertainty,31415,5,120,945993f02f020bb8,benign,False,uncertainty,f9e22ed483f78ab2
XGBoost,uncertainty,31415,5,121,7e940284e73d159c,icmpflood,False,uncertainty,f4f004dec7bcadc2
XGBoost,uncertainty,31415,5,122,5f5e4d12ca9f0ff0,winnuke,False,uncertainty,67477dfdcdb3e77c
XGBoost,uncertainty,31415,5,123,5dfa608156f1cdc4,winnuke,False,uncertainty,67477dfdcdb3e77c
XGBoost,uncertainty,31415,5,124,30e75e4737ec2945,winnuke,False,uncertainty,78772b9a350b8dcc
XGBoost,uncertainty,31415,5,125,6e947e7ca0c3557d,benign,False,uncertainty,728c532c6f8aebff
XGBoost,uncertainty,31415,6,126,3bb2e1c9eeace4f8,icmpflood,False,uncertainty,414b96fbbd01c62d
XGBoost,uncertainty,31415,6,127,bf49e602b2119725,tcp,False,uncertainty,1ba22f4df8ce7820
XGBoost,uncertainty,31415,6,128,49fe64bf70631640,tcp,False,uncertainty,9b4e075fbde4a4c2
XGBoost,uncertainty,31415,6,129,b30cc2c1902698b7,tcp,False,uncertainty,dd41d42db133230c
XGBoost,uncertainty,31415,6,130,8301a860f9e8601f,tcp,False,uncertainty,947d71e63ea5fb6b
XGBoost,uncertainty,31415,6,131,2116048db48a868f,tcp,False,uncertainty,c86c737c258b946c
XGBoost,uncertainty,31415,6,132,741b4d7614f4fbe6,ackpflood,True,uncertainty,2acdf22aafbfa79e
XGBoost,uncertainty,31415,6,133,5e688bd0de1b931d,tcpall,False,uncertainty,59e342a53a8ea90f
XGBoost,uncertainty,31415,6,134,de24ba1e74f5e070,tcp,False,uncertainty,1084ff896fa95aab
XGBoost,uncertainty,31415,6,135,6de10bc86fc4e1b3,tcp,False,uncertainty,8083d235c2f6491c
XGBoost,uncertainty,31415,6,136,9a371b707eaa4335,tcp,False,uncertainty,8083d235c2f6491c
XGBoost,uncertainty,31415,6,137,79d5775fa8bd988b,tcp,False,uncertainty,8083d235c2f6491c
XGBoost,uncertainty,31415,6,138,e291b2f766a1ba88,tcp,False,uncertainty,dc02911c62ba520b
XGBoost,uncertainty,31415,6,139,d700961b235b5712,ackpflood,True,uncertainty,fc60f500fd93cd5e
XGBoost,uncertainty,31415,6,140,d819897ffe0efa8e,tcp,False,uncertainty,8083d235c2f6491c
XGBoost,uncertainty,31415,6,141,dd9935186e7a0acc,tcp,False,uncertainty,1084ff896fa95aab
XGBoost,uncertainty,31415,6,142,b6fd2693efff024a,ackpflood,True,uncertainty,456c6c1c5604adc9
XGBoost,uncertainty,31415,6,143,c6bf86c6f493809d,tcp,False,uncertainty,dd41d42db133230c
XGBoost,uncertainty,31415,6,144,49a5936b801ff573,tcp,False,uncertainty,52a5bd8a32e8310f
XGBoost,uncertainty,31415,6,145,c8c7ff8e94a1cf2e,tcp,False,uncertainty,1084ff896fa95aab
XGBoost,uncertainty,31415,6,146,7367a8d5124e0062,ackpflood,True,uncertainty,102d8c4dd3732eee
XGBoost,uncertainty,31415,6,147,13adc2468fb21d1c,tcp,False,uncertainty,3a24691524162b9d
XGBoost,uncertainty,31415,6,148,1c44c0190ad4413e,tcp,False,uncertainty,e088198ed304262e
XGBoost,uncertainty,31415,6,149,cb6d31c9fdf60fce,ackpflood,True,uncertainty,4ba9144a7ee6a55a
XGBoost,uncertainty,31415,6,150,b59fcabb59738a2a,ackpflood,True,uncertainty,a1cb362fa310338d
XGBoost,uncertainty,31415,7,151,c06c438da7e72254,benign,False,uncertainty,42c4f3df9fc79c2a
XGBoost,uncertainty,31415,7,152,e0f4ab4a5caca50f,tcp,False,uncertainty,b6b74c911ff2db86
XGBoost,uncertainty,31415,7,153,83a1867ad7dfa1eb,routeip,False,uncertainty,f7bede44f92b40de
XGBoost,uncertainty,31415,7,154,32eb3035509e91a4,routeip,False,uncertainty,d23350d7699c607e
XGBoost,uncertainty,31415,7,155,114f31dd6d815f4b,routeip,False,uncertainty,b71dc100eb642b93
XGBoost,uncertainty,31415,7,156,c313d39d5d9a406d,benign,False,uncertainty,9a8c4d44724a944b
XGBoost,uncertainty,31415,7,157,a72de92f912858e3,syn,False,uncertainty,6b84a0e61a2680c1
XGBoost,uncertainty,31415,7,158,49eefbb77d646a37,syn,False,uncertainty,6b84a0e61a2680c1
XGBoost,uncertainty,31415,7,159,e1272a9e070302e7,syn,False,uncertainty,6407d7ec4d6128a0
XGBoost,uncertainty,31415,7,160,2dbf4bacd5c1fca4,syn,False,uncertainty,6407d7ec4d6128a0
XGBoost,uncertainty,31415,7,161,5ab841e548b94f68,benign,False,uncertainty,42c4f3df9fc79c2a
XGBoost,uncertainty,31415,7,162,c15c34dea1d85fe3,tcp,False,uncertainty,c659c29a5283ec68
XGBoost,uncertainty,31415,7,163,27867de9f8f27bd6,ackflood,False,uncertainty,b06264ad2e82503f
XGBoost,uncertainty,31415,7,164,faa0b2deccbd5202,winnuke,False,uncertainty,9947cad07cf2e6ef
XGBoost,uncertainty,31415,7,165,df52000a5e8be400,ackflood,False,uncertainty,c79549fcd8ac6fa6
XGBoost,uncertainty,31415,7,166,53e9adff9daba180,ackflood,False,uncertainty,c79549fcd8ac6fa6
XGBoost,uncertainty,31415,7,167,dc5cf61d7cdabd6f,routeip,False,uncertainty,6407d7ec4d6128a0
XGBoost,uncertainty,31415,7,168,c9cb1c09c8b11c4b,ackflood,False,uncertainty,3093d04cc166e598
XGBoost,uncertainty,31415,7,169,7025e3771476ef8c,tcp,False,uncertainty,81d342f379d85ea4
XGBoost,uncertainty,31415,7,170,731ba0d897c2cb1e,tcp,False,uncertainty,505c3e0f8a1c8134
XGBoost,uncertainty,31415,7,171,1fcafb2834f33f9e,ackflood,False,uncertainty,05771019d42a1cc0
XGBoost,uncertainty,31415,7,172,e87d06fc3433486b,ackflood,False,uncertainty,a3fbb0c3d3caf19f
XGBoost,uncertainty,31415,7,173,9ed55056d8b6db41,ackflood,False,uncertainty,8b002179defe5985
XGBoost,uncertainty,31415,7,174,6f86103399019d7b,ackflood,False,uncertainty,f39854bee8400388
XGBoost,uncertainty,31415,7,175,9e7f881d2605d305,ackflood,False,uncertainty,7f51c6253943bc74
XGBoost,uncertainty,31415,8,176,690b14d8daa88f8f,benign,False,uncertainty,f5412b241f954994
XGBoost,uncertainty,31415,8,177,5dde6ab2cd7046e0,benign,False,uncertainty,26cf88deaa86cd5a
XGBoost,uncertainty,31415,8,178,24b7b66546f1c075,ackflood,False,uncertainty,6d7f56a3f314dab8
XGBoost,uncertainty,31415,8,179,aeaa7f5fc85789cc,tcp,False,uncertainty,87d0e0dbbbfb4517
XGBoost,uncertainty,31415,8,180,a3bebce96b84cbd0,tcp,False,uncertainty,87d0e0dbbbfb4517
XGBoost,uncertainty,31415,8,181,654ed14e9239a584,benign,False,uncertainty,b4a210cb30088214
XGBoost,uncertainty,31415,8,182,bcacec90e42ba5d1,benign,False,uncertainty,249b4b653ccf9768
XGBoost,uncertainty,31415,8,183,28e09ff0aa558120,benign,False,uncertainty,39ac2367559542da
XGBoost,uncertainty,31415,8,184,fd6db1cb612cf49c,smurf,False,uncertainty,61dc84960cddbc75
XGBoost,uncertainty,31415,8,185,0506c3f75dbc40a2,benign,False,uncertainty,a9725501bb249177
XGBoost,uncertainty,31415,8,186,e8d39595458e6494,tcp,False,uncertainty,34ef57a4eef0d472
XGBoost,uncertainty,31415,8,187,9dc74283b757143c,land,True,uncertainty,955a38b057473597
XGBoost,uncertainty,31415,8,188,f46d19b5fed0b434,land,True,uncertainty,eb24d407474ea883
XGBoost,uncertainty,31415,8,189,3ae746e9b52e1de4,benign,False,uncertainty,e8b1b668a6e1c101
XGBoost,uncertainty,31415,8,190,041da83813cd4b89,benign,False,uncertainty,b5ce651bcd412291
XGBoost,uncertainty,31415,8,191,eba86ef9c7f1e94e,fraggle,False,uncertainty,f9af064d3c00ec28
XGBoost,uncertainty,31415,8,192,7fdb3e7749a41968,ackflood,False,uncertainty,415797df06f1eb54
XGBoost,uncertainty,31415,8,193,bb64922c92fcaef0,ackflood,False,uncertainty,a5209ac5218bedb1
XGBoost,uncertainty,31415,8,194,3dbd0853e6bcb43f,fraggle,False,uncertainty,b732b8a05bb4f1eb
XGBoost,uncertainty,31415,8,195,31d92ff706ed8c22,fraggle,False,uncertainty,add455247e14b58f
XGBoost,uncertainty,31415,8,196,22f9beaf86ea9f83,fraggle,False,uncertainty,4d3baa045201d5f2
XGBoost,uncertainty,31415,8,197,901e099dbe0eb7a1,fraggle,False,uncertainty,add455247e14b58f
XGBoost,uncertainty,31415,8,198,94724a2f63edaa35,synflood,False,uncertainty,57f645b96ea3394a
XGBoost,uncertainty,31415,8,199,e17d29735f2a5170,fraggle,False,uncertainty,add455247e14b58f
XGBoost,uncertainty,31415,8,200,248c8f75e8069117,benign,False,uncertainty,18393ec7bb429781
XGBoost,uncertainty,31415,9,201,a14fba59daf3160a,ackflood,False,uncertainty,62edec7f537fb122
XGBoost,uncertainty,31415,9,202,df8a8f2d80186bb3,benign,False,uncertainty,1877380525324c3f
XGBoost,uncertainty,31415,9,203,d369ec5bfaf563cd,ackflood,False,uncertainty,335d63f96b7c8e4c
XGBoost,uncertainty,31415,9,204,4a0ae5ccb6ba9c23,benign,False,uncertainty,416163d46be4405c
XGBoost,uncertainty,31415,9,205,734972196a2dd18d,benign,False,uncertainty,dd68a43d9a6bc810
XGBoost,uncertainty,31415,9,206,7e655bc11ab06fd7,benign,False,uncertainty,416163d46be4405c
XGBoost,uncertainty,31415,9,207,69787c0bf1813025,benign,False,uncertainty,383c2aafcbcfd3ba
XGBoost,uncertainty,31415,9,208,665ad0769dabbe08,ackflood,False,uncertainty,ce67df532852c205
XGBoost,uncertainty,31415,9,209,d79ab1298c83c9ab,benign,False,uncertainty,202ef5c26a1bcc23
XGBoost,uncertainty,31415,9,210,296ab6f64f3eee8a,ackflood,False,uncertainty,62edec7f537fb122
XGBoost,uncertainty,31415,9,211,f8dde1480265276a,winnuke,False,uncertainty,decd98c001b312c1
XGBoost,uncertainty,31415,9,212,3ca8c1ec686b3123,ackflood,False,uncertainty,be7ee44a657202f1
XGBoost,uncertainty,31415,9,213,4646fde83e69e4ea,winnuke,False,uncertainty,9733971cc44ad4f0
XGBoost,uncertainty,31415,9,214,f0be23798ec851eb,benign,False,uncertainty,cd95186aae6cd338
XGBoost,uncertainty,31415,9,215,5cd801e4a3827f67,benign,False,uncertainty,87e168264c4c220d
XGBoost,uncertainty,31415,9,216,df14b950203907af,benign,False,uncertainty,37a1465ab9e861aa
XGBoost,uncertainty,31415,9,217,07827aa474a5ee31,benign,False,uncertainty,9dc8084597823713
XGBoost,uncertainty,31415,9,218,913b040d1ce30653,ackflood,False,uncertainty,9b9f8b8b25cb5ec3
XGBoost,uncertainty,31415,9,219,4776121b13cbc874,benign,False,uncertainty,f7c5a8ca224dbbd6
XGBoost,uncertainty,31415,9,220,04814a9fb1072822,benign,False,uncertainty,2c7562b7a0def6dd
XGBoost,uncertainty,31415,9,221,189090e72a977ea5,ackflood,False,uncertainty,f7c5a8ca224dbbd6
XGBoost,uncertainty,31415,9,222,726f3039426c0f86,ackflood,False,uncertainty,bca728f91c243d9b
XGBoost,uncertainty,31415,9,223,99024c4e7c549d45,ackflood,False,uncertainty,bca728f91c243d9b
XGBoost,uncertainty,31415,9,224,f0324190f6537b20,benign,False,uncertainty,0d1813bfda06a14f
XGBoost,uncertainty,31415,9,225,f784dec7cb16b50f,land,True,uncertainty,1fb8b2e54d539a4d
XGBoost,uncertainty,31415,10,226,a330cba2d52b3401,ackflood,False,uncertainty,b43f6882190351e3
XGBoost,uncertainty,31415,10,227,2a799e5d50c6dacc,ackflood,False,uncertainty,f0cc1faa8ad01388
XGBoost,uncertainty,31415,10,228,2584876a60c8573e,fraggle,False,uncertainty,f513ef8906381d60
XGBoost,uncertainty,31415,10,229,853a540e08c7340c,ackflood,False,uncertainty,77afad4d20651ab6
XGBoost,uncertainty,31415,10,230,9a540fa1155d4bc5,benign,False,uncertainty,35956fb282be92ab
XGBoost,uncertainty,31415,10,231,9e12b58427f41972,benign,False,uncertainty,535d7af624d565c0
XGBoost,uncertainty,31415,10,232,96b5cc03e7a905fc,fraggle,False,uncertainty,9e6b18cde1ffb0ad
XGBoost,uncertainty,31415,10,233,88689658ac70b3f6,synflood,False,uncertainty,df2d272a9b73a64b
XGBoost,uncertainty,31415,10,234,90d0f360db695ae5,winnuke,False,uncertainty,f6b4291e8cdb3a0f
XGBoost,uncertainty,31415,10,235,cf219dc01b5a0f44,pingofdeath,False,uncertainty,8dee1464df987eed
XGBoost,uncertainty,31415,10,236,8835c33b1b7340b1,ackflood,False,uncertainty,7eea815dbc22e55c
XGBoost,uncertainty,31415,10,237,b2f65703aed8b1db,icmpbig,False,uncertainty,8dee1464df987eed
XGBoost,uncertainty,31415,10,238,496322f3335719e8,fraggle,False,uncertainty,67eeffedc671d1d2
XGBoost,uncertainty,31415,10,239,4fa26ab1928f55a2,smurf,False,uncertainty,8dee1464df987eed
XGBoost,uncertainty,31415,10,240,32a8a9c5a682dbb6,fraggle,False,uncertainty,0e97058d9ab8e995
XGBoost,uncertainty,31415,10,241,1db7eb641088292f,fraggle,False,uncertainty,0e97058d9ab8e995
XGBoost,uncertainty,31415,10,242,c5c2617f173bc362,benign,False,uncertainty,0dac9131772c1afa
XGBoost,uncertainty,31415,10,243,3af07e944f42bd68,tcp,False,uncertainty,204d11826f747524
XGBoost,uncertainty,31415,10,244,ac368d0ef23960ba,pingofdeath,False,uncertainty,1255b338bb026993
XGBoost,uncertainty,31415,10,245,3de85ee27bbc9e7d,icmpbig,False,uncertainty,3e9225f2c11e7cba
XGBoost,uncertainty,31415,10,246,bb0c6ffc2926a5fc,fraggle,False,uncertainty,0e97058d9ab8e995
XGBoost,uncertainty,31415,10,247,e63c09761d2ffbf9,fraggle,False,uncertainty,7925809c55ca09a2
XGBoost,uncertainty,31415,10,248,910317833884691c,pingofdeath,False,uncertainty,e2e84cdc53389294
XGBoost,uncertainty,31415,10,249,752fb09ada794e9e,fraggle,False,uncertainty,35ec8d23722ee235
XGBoost,uncertainty,31415,10,250,cef7d325f3a6884b,fraggle,False,uncertainty,35ec8d23722ee235
XGBoost,uncertainty,31415,11,251,a6e1faad41df9efc,pingofdeath,False,uncertainty,02f30548bf4cc2f5
XGBoost,uncertainty,31415,11,252,bf8727f7522999fa,pingofdeath,False,uncertainty,02f30548bf4cc2f5
XGBoost,uncertainty,31415,11,253,aaafbd1f71023e84,teardrop,True,uncertainty,cf8cf06ce0e7cada
XGBoost,uncertainty,31415,11,254,b42de4056d878898,teardrop,True,uncertainty,8dee1464df987eed
XGBoost,uncertainty,31415,11,255,b1e673d9ed6a5092,smurf,False,uncertainty,8dee1464df987eed
XGBoost,uncertainty,31415,11,256,c814da02e7c77dd3,fraggle,False,uncertainty,8dee1464df987eed
XGBoost,uncertainty,31415,11,257,f1d3536167ec027b,smurf,False,uncertainty,8dee1464df987eed
XGBoost,uncertainty,31415,11,258,33af5a45964e4ebd,fraggle,False,uncertainty,8dee1464df987eed
XGBoost,uncertainty,31415,11,259,f42321d2ab9b59da,teardrop,True,uncertainty,8dee1464df987eed
XGBoost,uncertainty,31415,11,260,86090c712db3ee36,smurf,False,uncertainty,8dee1464df987eed
XGBoost,uncertainty,31415,11,261,0ff71c4cece35b66,smurf,False,uncertainty,8dee1464df987eed
XGBoost,uncertainty,31415,11,262,260bdf50ae1ee1df,teardrop,True,uncertainty,e2e84cdc53389294
XGBoost,uncertainty,31415,11,263,54ddf2caa7c4b668,teardrop,True,uncertainty,e2e84cdc53389294
XGBoost,uncertainty,31415,11,264,ecd3715069f6cd09,teardrop,True,uncertainty,02f30548bf4cc2f5
XGBoost,uncertainty,31415,11,265,c2746cd1cafd4036,teardrop,True,uncertainty,02f30548bf4cc2f5
XGBoost,uncertainty,31415,11,266,eee6ab150cf83173,synflood,False,uncertainty,2a2a469bf902ad2c
XGBoost,uncertainty,31415,11,267,b298f0b513f81cd9,synflood,False,uncertainty,2a2a469bf902ad2c
XGBoost,uncertainty,31415,11,268,f64be41e03c9e840,fraggle,False,uncertainty,3508d1e1930bcf24
XGBoost,uncertainty,31415,11,269,0eb4aa696e9ba556,icmpbig,False,uncertainty,e2e84cdc53389294
XGBoost,uncertainty,31415,11,270,ba4b906df303637f,fraggle,False,uncertainty,8a3af86bbee633c1
XGBoost,uncertainty,31415,11,271,4d7481815450b62b,icmpbig,False,uncertainty,e2e84cdc53389294
XGBoost,uncertainty,31415,11,272,3e35a1865292e559,fraggle,False,uncertainty,f22812baff9db0b4
XGBoost,uncertainty,31415,11,273,66a393c7ed049ed4,icmpbig,False,uncertainty,e2e84cdc53389294
XGBoost,uncertainty,31415,11,274,286da6afa5357929,icmpbig,False,uncertainty,02f30548bf4cc2f5
XGBoost,uncertainty,31415,11,275,8d197af38b2398c0,benign,False,uncertainty,824a6fa11bd5396f
XGBoost,uncertainty,31415,12,276,4a8c2940be2a1a5c,ackflood,False,uncertainty,2a2a469bf902ad2c
XGBoost,uncertainty,31415,12,277,6299fe7fe0f1c7e4,smurf,False,uncertainty,facca314658f8398
XGBoost,uncertainty,31415,12,278,4a584f461c2647aa,synflood,False,uncertainty,2a2a469bf902ad2c
XGBoost,uncertainty,31415,12,279,aed57447262f68ac,smurf,False,uncertainty,4aab606646c3d5b3
XGBoost,uncertainty,31415,12,280,f5a5ef158e1e5678,benign,False,uncertainty,488b8dbc201f4c09
XGBoost,uncertainty,31415,12,281,5f27ab131913a240,synflood,False,uncertainty,ecaf5550ee21b51e
XGBoost,uncertainty,31415,12,282,ef5c00f33eb30145,fraggle,False,uncertainty,823903b28d8efd6d
XGBoost,uncertainty,31415,12,283,735dd1a5deceabd2,synflood,False,uncertainty,49ce6c84092b5178
XGBoost,uncertainty,31415,12,284,226d46241d29a0a7,synflood,False,uncertainty,deaf61c70b7dd86e
XGBoost,uncertainty,31415,12,285,4925c76a4c3e1ba7,fraggle,False,uncertainty,818a400a7b244e7f
XGBoost,uncertainty,31415,12,286,618126d405cb897b,benign,False,uncertainty,1b8ec563119abafb
XGBoost,uncertainty,31415,12,287,40aae8f116d0b338,ackflood,False,uncertainty,5e0d24d0842f72f0
XGBoost,uncertainty,31415,12,288,49de21459101b838,fraggle,False,uncertainty,e2c502b1c6857e74
XGBoost,uncertainty,31415,12,289,d71d293eb28b53a1,benign,False,uncertainty,c76b18f0afad4327
XGBoost,uncertainty,31415,12,290,b36597135cf8323e,benign,False,uncertainty,5570e2392c353ac6
XGBoost,uncertainty,31415,12,291,ec2b1e0c5efb49c1,ackflood,False,uncertainty,1714f05c31d05091
XGBoost,uncertainty,31415,12,292,14a0abbd92f13ddf,benign,False,uncertainty,5570e2392c353ac6
XGBoost,uncertainty,31415,12,293,260a030817fd56fe,fraggle,False,uncertainty,f70efc29754c793e
XGBoost,uncertainty,31415,12,294,3e9a8a2a39434eef,tcpall,False,uncertainty,f800f66d5d672040
XGBoost,uncertainty,31415,12,295,48bfd81991679d44,benign,False,uncertainty,2a9c9791dc7f74bd
XGBoost,uncertainty,31415,12,296,6b9e572bb7e0b573,fraggle,False,uncertainty,9f2915b8ae07ff0a
XGBoost,uncertainty,31415,12,297,871b60d75929f84f,icmpflood,False,uncertainty,b0c50a45c0530dda
XGBoost,uncertainty,31415,12,298,8e353f81401b6f22,benign,False,uncertainty,2006f3e4e207da32
XGBoost,uncertainty,31415,12,299,ffe567e7b70c4fce,synflood,False,uncertainty,b4f18a6ba7c9137f
XGBoost,uncertainty,31415,12,300,5db063e180dfe0e8,benign,False,uncertainty,5570e2392c353ac6
XGBoost,hybrid_open_set,31415,1,1,4083010288873dc6,teardrop,True,novelty,295e6b7bf677498a
XGBoost,hybrid_open_set,31415,1,2,c07c176bec8dfbde,benign,False,novelty,3f8a2a1879b8dccd
XGBoost,hybrid_open_set,31415,1,3,9c22dd7457fc78a0,icmpflood,False,novelty,03a7a5045e91dd22
XGBoost,hybrid_open_set,31415,1,4,90d40666d890bca7,fraggle,False,novelty,265073984e786e49
XGBoost,hybrid_open_set,31415,1,5,ac368d0ef23960ba,pingofdeath,False,novelty,1255b338bb026993
XGBoost,hybrid_open_set,31415,1,6,5f1ff4091c788c8e,synflood,False,novelty,ddaa6e8a5f6b0ad8
XGBoost,hybrid_open_set,31415,1,7,882e31548f951f31,routeip,False,novelty,e9b6245ed6428809
XGBoost,hybrid_open_set,31415,1,8,6fc657ba60b13a67,winnuke,False,novelty,4edcd0058de847f0
XGBoost,hybrid_open_set,31415,1,9,ef5c00f33eb30145,fraggle,False,novelty,823903b28d8efd6d
XGBoost,hybrid_open_set,31415,1,10,811eea2a4ea30ca5,smurf,False,novelty,cb9c8c0d11dac69d
XGBoost,hybrid_open_set,31415,1,11,81c5fcbb5c6b48ea,teardrop,True,novelty,1ab57bfc4fa70c0d
XGBoost,hybrid_open_set,31415,1,12,2df5057c2f99af2e,teardrop,True,novelty,9e8c6943d674e172
XGBoost,hybrid_open_set,31415,1,13,3562ed6dd2671d3d,teardrop,True,novelty,4c12f83143dd15a4
XGBoost,hybrid_open_set,31415,1,14,96aca9f73b3cf509,teardrop,True,novelty,f48deb88188adc11
XGBoost,hybrid_open_set,31415,1,15,2651eb8acce6d1e2,teardrop,True,uncertainty,c467981fa0a38bdc
XGBoost,hybrid_open_set,31415,1,16,d934cbbc72022ff7,teardrop,True,uncertainty,74a345693602c106
XGBoost,hybrid_open_set,31415,1,17,9f842909d4cda2a0,teardrop,True,uncertainty,c11110b107945ad1
XGBoost,hybrid_open_set,31415,1,18,b355d9f919a8554f,teardrop,True,uncertainty,6cc22f93c62d8820
XGBoost,hybrid_open_set,31415,1,19,6ac9e2fb723384fb,teardrop,True,uncertainty,f3a9ca77aa994aa6
XGBoost,hybrid_open_set,31415,1,20,82fa8866970be43c,teardrop,True,uncertainty,9ad199805828433e
XGBoost,hybrid_open_set,31415,1,21,4dccf60be9fc6db0,teardrop,True,uncertainty,7409c11e289a47aa
XGBoost,hybrid_open_set,31415,1,22,45bd83ee39907c92,teardrop,True,uncertainty,47f813adaf2ee0cf
XGBoost,hybrid_open_set,31415,1,23,1dd046b75782a8b1,fraggle,False,random,bd9ae365037c9652
XGBoost,hybrid_open_set,31415,1,24,7ab4a82b1f6f549c,icmpbig,False,random,11ef2328aebbae9a
XGBoost,hybrid_open_set,31415,1,25,fa25111649e29b1e,tcpfin1,False,random,3da3facffa0f3564
XGBoost,hybrid_open_set,31415,2,26,ff1a78a87285ae81,teardrop,True,expansion,a8d86269e5cbaa82
XGBoost,hybrid_open_set,31415,2,27,be7cc64078dc6672,teardrop,True,expansion,74a345693602c106
XGBoost,hybrid_open_set,31415,2,28,f3cc6760aef58c5d,teardrop,True,expansion,c467981fa0a38bdc
XGBoost,hybrid_open_set,31415,2,29,f4e120a6cd21e4c3,teardrop,True,expansion,f3a9ca77aa994aa6
XGBoost,hybrid_open_set,31415,2,30,522232e697459624,teardrop,True,expansion,9ad199805828433e
XGBoost,hybrid_open_set,31415,2,31,e8fa00b0012b2f4c,teardrop,True,expansion,7409c11e289a47aa
XGBoost,hybrid_open_set,31415,2,32,7c20644a9f514b98,teardrop,True,expansion,47f813adaf2ee0cf
XGBoost,hybrid_open_set,31415,2,33,4f71b9494fc28813,fraggle,False,novelty,2d1056336e6c02e0
XGBoost,hybrid_open_set,31415,2,34,0155b120de999e79,fraggle,False,novelty,3b61be8d56279b8f
XGBoost,hybrid_open_set,31415,2,35,a6e1faad41df9efc,pingofdeath,False,novelty,02f30548bf4cc2f5
XGBoost,hybrid_open_set,31415,2,36,7b6d50506cec77a7,fraggle,False,novelty,dfe9d116fd351d70
XGBoost,hybrid_open_set,31415,2,37,a3104de977d04d98,fraggle,False,novelty,a288afd0cf82b7e0
XGBoost,hybrid_open_set,31415,2,38,6a1bcf4220ea8719,fraggle,False,novelty,f4315e349aa63da3
XGBoost,hybrid_open_set,31415,2,39,b8c28989ab14db94,fraggle,False,novelty,0314e996d818a09f
XGBoost,hybrid_open_set,31415,2,40,7b28fb4f861534c0,synflood,False,uncertainty,c8dcc68eceb08b3e
XGBoost,hybrid_open_set,31415,2,41,1808861e0ee585c5,benign,False,uncertainty,d04618d33efea5bc
XGBoost,hybrid_open_set,31415,2,42,6f0a874d88dcc726,synflood,False,uncertainty,a439b206b40a26fa
XGBoost,hybrid_open_set,31415,2,43,e50ceb8951da700d,synflood,False,uncertainty,503b01356b9af867
XGBoost,hybrid_open_set,31415,2,44,97892e8e4c67d0bc,synflood,False,uncertainty,c922e355a3d8c54c
XGBoost,hybrid_open_set,31415,2,45,0f2e8e9d07d267eb,synflood,False,uncertainty,298a1e842dbf9bdf
XGBoost,hybrid_open_set,31415,2,46,6c8f92c497b2fc99,synflood,False,uncertainty,264886fc421b09cd
XGBoost,hybrid_open_set,31415,2,47,4495677ff1b3c440,synflood,False,uncertainty,c437374328af6e05
XGBoost,hybrid_open_set,31415,2,48,ad740a14e3e07e73,icmpbig,False,random,bf640f01d7d74bf6
XGBoost,hybrid_open_set,31415,2,49,372220993041fe7e,icmpflood,False,random,f376bb97da6183f7
XGBoost,hybrid_open_set,31415,2,50,72c7eef6c12b92d3,tcp,False,random,c86c737c258b946c
XGBoost,hybrid_open_set,31415,3,51,9862c997074ed38f,teardrop,True,expansion,74a345693602c106
XGBoost,hybrid_open_set,31415,3,52,75b3be6f3e41a408,teardrop,True,expansion,c11110b107945ad1
XGBoost,hybrid_open_set,31415,3,53,d43586852c29a84d,teardrop,True,expansion,7409c11e289a47aa
XGBoost,hybrid_open_set,31415,3,54,3d95a6919fe60d7c,teardrop,True,expansion,c467981fa0a38bdc
XGBoost,hybrid_open_set,31415,3,55,769f37ee27f324ac,teardrop,True,expansion,47f813adaf2ee0cf
XGBoost,hybrid_open_set,31415,3,56,583245deacc141d4,teardrop,True,expansion,9ad199805828433e
XGBoost,hybrid_open_set,31415,3,57,3a75cd5e6fcf89af,teardrop,True,expansion,f3a9ca77aa994aa6
XGBoost,hybrid_open_set,31415,3,58,585299517d7cadc8,benign,False,novelty,d277c3cd840a518a
XGBoost,hybrid_open_set,31415,3,59,8835c33b1b7340b1,ackflood,False,novelty,7eea815dbc22e55c
XGBoost,hybrid_open_set,31415,3,60,54afbac0aa567d89,benign,False,novelty,efe29253c4b03657
XGBoost,hybrid_open_set,31415,3,61,dbc3d322e22ff6bb,benign,False,novelty,7811af1ef830a64c
XGBoost,hybrid_open_set,31415,3,62,871b60d75929f84f,icmpflood,False,novelty,b0c50a45c0530dda
XGBoost,hybrid_open_set,31415,3,63,22f9beaf86ea9f83,fraggle,False,novelty,4d3baa045201d5f2
XGBoost,hybrid_open_set,31415,3,64,286da6afa5357929,icmpbig,False,novelty,02f30548bf4cc2f5
XGBoost,hybrid_open_set,31415,3,65,6ab1add9e5b6d16f,benign,False,uncertainty,65e3f137c900d271
XGBoost,hybrid_open_set,31415,3,66,aeaa7f5fc85789cc,tcp,False,uncertainty,87d0e0dbbbfb4517
XGBoost,hybrid_open_set,31415,3,67,691b6ebd74e413e5,smurf,False,uncertainty,7dce35bfc3ec1175
XGBoost,hybrid_open_set,31415,3,68,5d4413d9c5eddf57,icmpflood,False,uncertainty,5132a22d0be57ce7
XGBoost,hybrid_open_set,31415,3,69,dac48350a95b6627,benign,False,uncertainty,cca403344675bfa6
XGBoost,hybrid_open_set,31415,3,70,466b0f6a0c4fa8a6,ackflood,False,uncertainty,8e7fb7e13f2f2db3
XGBoost,hybrid_open_set,31415,3,71,a1a743d075b97a29,benign,False,uncertainty,430f65a62d5e6af7
XGBoost,hybrid_open_set,31415,3,72,9fc4c5f0ebb3f5a2,benign,False,uncertainty,dce4ea2982f3dc12
XGBoost,hybrid_open_set,31415,3,73,5ec17f779ce54436,icmpbig,False,random,11ef2328aebbae9a
XGBoost,hybrid_open_set,31415,3,74,9b8ef9ce47e26962,synflood,False,random,fc0af3ae22d02c1b
XGBoost,hybrid_open_set,31415,3,75,bbd86a29648300f2,fraggle,False,random,31339063f76812c2
XGBoost,hybrid_open_set,31415,4,76,2eee101987c4a4a0,teardrop,True,expansion,9ad199805828433e
XGBoost,hybrid_open_set,31415,4,77,7f9c32c7fdad8c4f,teardrop,True,expansion,74a345693602c106
XGBoost,hybrid_open_set,31415,4,78,dfb915415fe83a56,teardrop,True,expansion,c11110b107945ad1
XGBoost,hybrid_open_set,31415,4,79,b06966b03ce2e576,teardrop,True,expansion,47f813adaf2ee0cf
XGBoost,hybrid_open_set,31415,4,80,e22694f9727dfa72,teardrop,True,expansion,7409c11e289a47aa
XGBoost,hybrid_open_set,31415,4,81,92ab950abda86313,teardrop,True,expansion,c467981fa0a38bdc
XGBoost,hybrid_open_set,31415,4,82,623ca664b64a6d00,teardrop,True,expansion,a5f48e7ead46309b
XGBoost,hybrid_open_set,31415,4,83,dfe5731fe12e9781,benign,False,novelty,d348cd54aeab6397
XGBoost,hybrid_open_set,31415,4,84,3bb2e1c9eeace4f8,icmpflood,False,novelty,414b96fbbd01c62d
XGBoost,hybrid_open_set,31415,4,85,dc5cf61d7cdabd6f,routeip,False,novelty,6407d7ec4d6128a0
XGBoost,hybrid_open_set,31415,4,86,54d493d5a9eea84f,ackflood,False,novelty,dc66728d1843dd85
XGBoost,hybrid_open_set,31415,4,87,fbce8d57c6d76a74,benign,False,novelty,728c532c6f8aebff
XGBoost,hybrid_open_set,31415,4,88,a91dde1718531e5a,benign,False,novelty,c1657b18b21011b2
XGBoost,hybrid_open_set,31415,4,89,c5a93dcfbc20b264,benign,False,novelty,589841c4b4fdf4f5
XGBoost,hybrid_open_set,31415,4,90,405d967a18d99e78,fraggle,False,uncertainty,6f386101ed1c0411
XGBoost,hybrid_open_set,31415,4,91,8ee71c5cc34fd0c8,icmpflood,False,uncertainty,c3fc10e1c5b7a0eb
XGBoost,hybrid_open_set,31415,4,92,260bdf50ae1ee1df,teardrop,True,uncertainty,e2e84cdc53389294
XGBoost,hybrid_open_set,31415,4,93,2524309ae1b2449e,ackpflood,True,uncertainty,cb6b9393aaabda7f
XGBoost,hybrid_open_set,31415,4,94,a88bcc3bb8178409,benign,False,uncertainty,6c128b64fd2f2f15
XGBoost,hybrid_open_set,31415,4,95,b9c601c1e0d2c868,benign,False,uncertainty,9347acdf3633cbde
XGBoost,hybrid_open_set,31415,4,96,741b4d7614f4fbe6,ackpflood,True,uncertainty,2acdf22aafbfa79e
XGBoost,hybrid_open_set,31415,4,97,ffc68d9a47f452ed,benign,False,uncertainty,292c2f4ed0aaa7f9
XGBoost,hybrid_open_set,31415,4,98,ffc3b479cd497a8c,routeip,False,random,753bbc2687bc83bf
XGBoost,hybrid_open_set,31415,4,99,c516ac2e6f1750d3,winnuke,False,random,1eaea71e841e8ba6
XGBoost,hybrid_open_set,31415,4,100,1c08220862e5f85e,synflood,False,random,d12b6d97bdd50642
XGBoost,hybrid_open_set,31415,5,101,3276b4f12f7783cb,ackpflood,True,expansion,4bb765e024664e6e
XGBoost,hybrid_open_set,31415,5,102,34c15f7a17d0cfc9,teardrop,True,expansion,47f813adaf2ee0cf
XGBoost,hybrid_open_set,31415,5,103,7df1f19f2f9ea266,ackpflood,True,expansion,102d8c4dd3732eee
XGBoost,hybrid_open_set,31415,5,104,dd14d459c5bd457b,ackpflood,True,expansion,811ae939f0302bde
XGBoost,hybrid_open_set,31415,5,105,6c2851b6868cd0cb,ackpflood,True,expansion,fc60f500fd93cd5e
XGBoost,hybrid_open_set,31415,5,106,61c7ba258d80047e,ackpflood,True,expansion,456c6c1c5604adc9
XGBoost,hybrid_open_set,31415,5,107,b249336db4286fd5,ackpflood,True,expansion,3596388066ad64ce
XGBoost,hybrid_open_set,31415,5,108,a18a47c4cfd88e28,benign,False,novelty,dadd3f697783d936
XGBoost,hybrid_open_set,31415,5,109,e63c09761d2ffbf9,fraggle,False,novelty,7925809c55ca09a2
XGBoost,hybrid_open_set,31415,5,110,0f50140042c06c9d,tcp,False,novelty,684207b670f35a6f
XGBoost,hybrid_open_set,31415,5,111,a7a6959a499e9277,winnuke,False,novelty,8d2bec8c0a0a17b1
XGBoost,hybrid_open_set,31415,5,112,fd128d7419daec28,pingofdeath,False,novelty,97b1a2b42a8f87ec
XGBoost,hybrid_open_set,31415,5,113,c8f2ea5c2bb587d4,tcp,False,novelty,fe0cfe2cd1d70ce7
XGBoost,hybrid_open_set,31415,5,114,c988d7d97855eb31,benign,False,novelty,ca41d1829735f01e
XGBoost,hybrid_open_set,31415,5,115,6db76d4f19236071,ackflood,False,uncertainty,7f51c6253943bc74
XGBoost,hybrid_open_set,31415,5,116,558f1e12c84c9d9d,winnuke,False,uncertainty,2c0d2122dc98dc22
XGBoost,hybrid_open_set,31415,5,117,79d5775fa8bd988b,tcp,False,uncertainty,8083d235c2f6491c
XGBoost,hybrid_open_set,31415,5,118,3e075d2984a0e324,ackflood,False,uncertainty,bee7dda1a0370d78
XGBoost,hybrid_open_set,31415,5,119,7bb96bd8e11f6f46,land,True,uncertainty,654556dfa59443af
XGBoost,hybrid_open_set,31415,5,120,659f87b94b8dae95,smurf,False,uncertainty,40c6004a07e71a22
XGBoost,hybrid_open_set,31415,5,121,638c2667af4508fb,winnuke,False,uncertainty,bc8db81ffe11fefa
XGBoost,hybrid_open_set,31415,5,122,c903002bb9149e3f,smurf,False,uncertainty,efca77688b41a1f7
XGBoost,hybrid_open_set,31415,5,123,773b33eede22354f,icmpbig,False,random,bf640f01d7d74bf6
XGBoost,hybrid_open_set,31415,5,124,e25dc6efbaed08f7,fraggle,False,random,642a9e5734ce9fab
XGBoost,hybrid_open_set,31415,5,125,7cad3c81e6163b2c,icmpflood,False,random,813730395bdc0ef7
XGBoost,hybrid_open_set,31415,6,126,156cb23e3a96c0fb,land,True,expansion,11ca897764624b71
XGBoost,hybrid_open_set,31415,6,127,d88485163d495148,ackpflood,True,expansion,599530fe5fc03bed
XGBoost,hybrid_open_set,31415,6,128,64ad3694a282c9c0,teardrop,True,expansion,1425b1c76b647720
XGBoost,hybrid_open_set,31415,6,129,71797728a17500bb,teardrop,True,expansion,c467981fa0a38bdc
XGBoost,hybrid_open_set,31415,6,130,602be262a376a56d,teardrop,True,expansion,9ad199805828433e
XGBoost,hybrid_open_set,31415,6,131,4800a1e97c1c2034,teardrop,True,expansion,c11110b107945ad1
XGBoost,hybrid_open_set,31415,6,132,b172fb5c4d94c15f,teardrop,True,expansion,47f813adaf2ee0cf
XGBoost,hybrid_open_set,31415,6,133,b6eff049b723933d,benign,False,novelty,dadd3f697783d936
XGBoost,hybrid_open_set,31415,6,134,91dae497d7aa3982,icmpbig,False,novelty,c8e97d132ab405b7
XGBoost,hybrid_open_set,31415,6,135,ed5f9931df4dad8f,ackflood,False,novelty,c94e6ca2a6dbdb99
XGBoost,hybrid_open_set,31415,6,136,92751cc0451bde95,synflood,False,novelty,eb1511166537477c
XGBoost,hybrid_open_set,31415,6,137,114f31dd6d815f4b,routeip,False,novelty,b71dc100eb642b93
XGBoost,hybrid_open_set,31415,6,138,1dbe1b35fa1c06df,benign,False,novelty,259eb5c9f2152cf4
XGBoost,hybrid_open_set,31415,6,139,93a2a93df99404ee,ackflood,False,novelty,4595750146c129d8
XGBoost,hybrid_open_set,31415,6,140,a2fcc8577b2fef0d,tcpall,False,uncertainty,72c51a0abba0da4c
XGBoost,hybrid_open_set,31415,6,141,ea84b606fe397bec,winnuke,False,uncertainty,a6eba9e7ba5a2b2b
XGBoost,hybrid_open_set,31415,6,142,88689658ac70b3f6,synflood,False,uncertainty,df2d272a9b73a64b
XGBoost,hybrid_open_set,31415,6,143,d79ab1298c83c9ab,benign,False,uncertainty,202ef5c26a1bcc23
XGBoost,hybrid_open_set,31415,6,144,f9f263aad20f075f,tcp,False,uncertainty,f26bb482d4cb7d0f
XGBoost,hybrid_open_set,31415,6,145,54f6082e618a60e0,smurf,False,uncertainty,c3680e056a5d8c54
XGBoost,hybrid_open_set,31415,6,146,d0787a95aa3a5810,ackpflood,True,uncertainty,bd510951eca832d9
XGBoost,hybrid_open_set,31415,6,147,30e75e4737ec2945,winnuke,False,uncertainty,78772b9a350b8dcc
XGBoost,hybrid_open_set,31415,6,148,0083e2f8f474c7b2,icmpflood,False,random,42aac8b4eb1a4f58
XGBoost,hybrid_open_set,31415,6,149,3bc17f3d1c25337f,pingofdeath,False,random,f2c4ae7bc45f19a3
XGBoost,hybrid_open_set,31415,6,150,883fd746cbec2693,fraggle,False,random,ea1dcfd3c93a85e9
XGBoost,hybrid_open_set,31415,7,151,17bbb46358a86d39,land,True,expansion,11ca897764624b71
XGBoost,hybrid_open_set,31415,7,152,54d9c8117621424c,ackpflood,True,expansion,fc60f500fd93cd5e
XGBoost,hybrid_open_set,31415,7,153,1a4876b4261b16a3,teardrop,True,expansion,5bc4c1106c05ca18
XGBoost,hybrid_open_set,31415,7,154,c6d148df5d4c0893,teardrop,True,expansion,51a6467a1cc86ea6
XGBoost,hybrid_open_set,31415,7,155,28dcddfa206e5cde,teardrop,True,expansion,f9b7241be7016300
XGBoost,hybrid_open_set,31415,7,156,5bce4ef850071721,teardrop,True,expansion,365bcc23059e108b
XGBoost,hybrid_open_set,31415,7,157,b69f183f16692ab0,teardrop,True,expansion,9e8c6943d674e172
XGBoost,hybrid_open_set,31415,7,158,e077bdee718c95c5,benign,False,novelty,461a5166db033e1d
XGBoost,hybrid_open_set,31415,7,159,2a799e5d50c6dacc,ackflood,False,novelty,f0cc1faa8ad01388
XGBoost,hybrid_open_set,31415,7,160,30ae3e74a9f18f8f,ackflood,False,novelty,51a89cfd7d29e727
XGBoost,hybrid_open_set,31415,7,161,ec2b1e0c5efb49c1,ackflood,False,novelty,1714f05c31d05091
XGBoost,hybrid_open_set,31415,7,162,345ac3afbc322627,benign,False,novelty,f2070db91d0f16e0
XGBoost,hybrid_open_set,31415,7,163,49eefbb77d646a37,syn,False,novelty,6b84a0e61a2680c1
XGBoost,hybrid_open_set,31415,7,164,b4486a072ff9faf3,benign,False,novelty,eae8a2b7f715d024
XGBoost,hybrid_open_set,31415,7,165,75de349308e5beb0,benign,False,uncertainty,51bc9e9bc138eb75
XGBoost,hybrid_open_set,31415,7,166,56fcd19ddbc457f2,tcpall,False,uncertainty,17cf922f1da5bb90
XGBoost,hybrid_open_set,31415,7,167,5cee307147066326,tcpall,False,uncertainty,d2064fe191a31aef
XGBoost,hybrid_open_set,31415,7,168,ab48c4873ad28180,smurf,False,uncertainty,49fcf6252a0c1c58
XGBoost,hybrid_open_set,31415,7,169,2b64f1aeb04c4d8f,winnuke,False,uncertainty,0f4bd338fa9ef162
XGBoost,hybrid_open_set,31415,7,170,af94a9e5dabb024e,syn,False,uncertainty,e1c7428d5bdc3169
XGBoost,hybrid_open_set,31415,7,171,2be22d2411603cb1,tcp,False,uncertainty,601ed47822cbb048
XGBoost,hybrid_open_set,31415,7,172,f2e01a2feb86f3d3,ackflood,False,uncertainty,916554f35b67fa9a
XGBoost,hybrid_open_set,31415,7,173,c5086f95fa267efe,icmpflood,False,random,59334cb691a0f22b
XGBoost,hybrid_open_set,31415,7,174,15f3b97c2baa37c7,icmpbig,False,random,734d7e997233e84a
XGBoost,hybrid_open_set,31415,7,175,f89a734db6dc2129,pingofdeath,False,random,bd678e330504cd6e
XGBoost,hybrid_open_set,31415,8,176,64c45f4a61dfbac5,land,True,expansion,11ca897764624b71
XGBoost,hybrid_open_set,31415,8,177,c1f299db04f1a590,teardrop,True,expansion,74a345693602c106
XGBoost,hybrid_open_set,31415,8,178,b70b70f6465aff80,ackpflood,True,expansion,20b6148f5a616add
XGBoost,hybrid_open_set,31415,8,179,4ba5ee677349a442,teardrop,True,expansion,c467981fa0a38bdc
XGBoost,hybrid_open_set,31415,8,180,ebc5d05b7404eb81,teardrop,True,expansion,c11110b107945ad1
XGBoost,hybrid_open_set,31415,8,181,fb08a1d09ce867c9,teardrop,True,expansion,47f813adaf2ee0cf
XGBoost,hybrid_open_set,31415,8,182,a12db390ecf037b1,teardrop,True,expansion,f3a9ca77aa994aa6
XGBoost,hybrid_open_set,31415,8,183,1106e752242c8c02,benign,False,novelty,5777838def6d12b4
XGBoost,hybrid_open_set,31415,8,184,a8ed03ddc8ca567a,benign,False,novelty,28ed78d652889cc4
XGBoost,hybrid_open_set,31415,8,185,08def5700389c597,ackflood,False,novelty,486ff73f149bb8ba
XGBoost,hybrid_open_set,31415,8,186,32eb3035509e91a4,routeip,False,novelty,d23350d7699c607e
XGBoost,hybrid_open_set,31415,8,187,b499880e22392c6d,benign,False,novelty,d7a0d8631d775309
XGBoost,hybrid_open_set,31415,8,188,ba4ea545914af27d,benign,False,novelty,6d0ac574d81a1eb1
XGBoost,hybrid_open_set,31415,8,189,b578a8cb0810f79a,winnuke,False,novelty,58a1160e8243529c
XGBoost,hybrid_open_set,31415,8,190,281c83be2e98e909,benign,False,uncertainty,8d42b7be9844cb10
XGBoost,hybrid_open_set,31415,8,191,6656d535f8b30c9d,tcp,False,uncertainty,25df2cbec14f457e
XGBoost,hybrid_open_set,31415,8,192,3de85ee27bbc9e7d,icmpbig,False,uncertainty,3e9225f2c11e7cba
XGBoost,hybrid_open_set,31415,8,193,77b398b1394e4fe6,fraggle,False,uncertainty,6f4f7da9f9f2df49
XGBoost,hybrid_open_set,31415,8,194,0506c3f75dbc40a2,benign,False,uncertainty,a9725501bb249177
XGBoost,hybrid_open_set,31415,8,195,1b53864b0f629998,tcp,False,uncertainty,01825a4448d7f9af
XGBoost,hybrid_open_set,31415,8,196,941c56356d1fe401,benign,False,uncertainty,7189f62cc10afeff
XGBoost,hybrid_open_set,31415,8,197,e170147145327d0e,benign,False,uncertainty,1f6b1652b8751375
XGBoost,hybrid_open_set,31415,8,198,8d05e180f2cbda14,icmpflood,False,random,19ae7e3a64f5ac26
XGBoost,hybrid_open_set,31415,8,199,99a97020522e57cf,tcpfin1,False,random,1a1695b4f63d38b9
XGBoost,hybrid_open_set,31415,8,200,e32e7f71d1bd7ce0,icmpbig,False,random,bf640f01d7d74bf6
XGBoost,hybrid_open_set,31415,9,201,ca4b2a394df2d1f2,land,True,expansion,11ca897764624b71
XGBoost,hybrid_open_set,31415,9,202,4ef436e98bf8e336,ackpflood,True,expansion,20b6148f5a616add
XGBoost,hybrid_open_set,31415,9,203,3d2d00813808a030,teardrop,True,expansion,47f813adaf2ee0cf
XGBoost,hybrid_open_set,31415,9,204,00bca1fa78bbc323,teardrop,True,expansion,c467981fa0a38bdc
XGBoost,hybrid_open_set,31415,9,205,fe913b0d2b2612a6,teardrop,True,expansion,c11110b107945ad1
XGBoost,hybrid_open_set,31415,9,206,a87146b081cdaaff,teardrop,True,expansion,7409c11e289a47aa
XGBoost,hybrid_open_set,31415,9,207,bc08006082c8f383,teardrop,True,expansion,74a345693602c106
XGBoost,hybrid_open_set,31415,9,208,9acdabb2ea25464b,fraggle,False,novelty,2d1056336e6c02e0
XGBoost,hybrid_open_set,31415,9,209,dad5b2ae8e27ed1c,benign,False,novelty,a96422a00ac1b7aa
XGBoost,hybrid_open_set,31415,9,210,fc081a6d5be6eb6a,benign,False,novelty,9347acdf3633cbde
XGBoost,hybrid_open_set,31415,9,211,69787c0bf1813025,benign,False,novelty,383c2aafcbcfd3ba
XGBoost,hybrid_open_set,31415,9,212,0e541be1cee20b6f,benign,False,novelty,f032697552f27752
XGBoost,hybrid_open_set,31415,9,213,aaafbd1f71023e84,teardrop,True,novelty,cf8cf06ce0e7cada
XGBoost,hybrid_open_set,31415,9,214,1e0955e77a0d0b3a,tcp,False,novelty,e9b6245ed6428809
XGBoost,hybrid_open_set,31415,9,215,e60e30f2049a1994,fraggle,False,uncertainty,6b9460e705b82c7e
XGBoost,hybrid_open_set,31415,9,216,708856d01333c64e,syn,False,uncertainty,eb1511166537477c
XGBoost,hybrid_open_set,31415,9,217,e16837a6d67f3a85,syn,False,uncertainty,f326693e85150246
XGBoost,hybrid_open_set,31415,9,218,096892a3c87b1070,tcpall,False,uncertainty,f487d01518b04483
XGBoost,hybrid_open_set,31415,9,219,c7d890507d23d499,ackpflood,True,uncertainty,bd510951eca832d9
XGBoost,hybrid_open_set,31415,9,220,cbe9d97cbe93fc02,benign,False,uncertainty,89eed610d2c939c7
XGBoost,hybrid_open_set,31415,9,221,13a5018a5af55931,ackpflood,True,uncertainty,811ae939f0302bde
XGBoost,hybrid_open_set,31415,9,222,041da83813cd4b89,benign,False,uncertainty,b5ce651bcd412291
XGBoost,hybrid_open_set,31415,9,223,f08cb122c8882678,icmpflood,False,random,2224cc2bced63c2c
XGBoost,hybrid_open_set,31415,9,224,79bf581c2dd6ccaf,winnuke,False,random,0541563abf895aec
XGBoost,hybrid_open_set,31415,9,225,fee7f9016117c5f9,pingofdeath,False,random,95e477b2fbf8cead
XGBoost,hybrid_open_set,31415,10,226,268d5923ce36ecf5,teardrop,True,expansion,1ab57bfc4fa70c0d
XGBoost,hybrid_open_set,31415,10,227,049c10572f32aa26,ackpflood,True,expansion,63de70e0886d565d
XGBoost,hybrid_open_set,31415,10,228,6e851af1dcb1e388,land,True,expansion,11ca897764624b71
XGBoost,hybrid_open_set,31415,10,229,a644a202229b2d66,teardrop,True,expansion,f227b6bf7a6bee83
XGBoost,hybrid_open_set,31415,10,230,0912d67ff7beb4c1,teardrop,True,expansion,f83e0d95892adf9c
XGBoost,hybrid_open_set,31415,10,231,f14256b0d968872c,teardrop,True,expansion,4fccbf84d2fb862c
XGBoost,hybrid_open_set,31415,10,232,5d9354b5b6286349,teardrop,True,expansion,7d623da0bf85ba86
XGBoost,hybrid_open_set,31415,10,233,0c96a7e4c72e7728,benign,False,novelty,ca41d1829735f01e
XGBoost,hybrid_open_set,31415,10,234,faa0b2deccbd5202,winnuke,False,novelty,9947cad07cf2e6ef
XGBoost,hybrid_open_set,31415,10,235,2b63200fb5fbfc6e,tcp,False,novelty,01825a4448d7f9af
XGBoost,hybrid_open_set,31415,10,236,066607b3a06e2385,winnuke,False,novelty,3a000474be26409e
XGBoost,hybrid_open_set,31415,10,237,57cf4d79b792af0a,fraggle,False,novelty,3b61be8d56279b8f
XGBoost,hybrid_open_set,31415,10,238,dbf363fb2189acb4,ackflood,False,novelty,fcfcf5187227b732
XGBoost,hybrid_open_set,31415,10,239,28e09ff0aa558120,benign,False,novelty,39ac2367559542da
XGBoost,hybrid_open_set,31415,10,240,7e940284e73d159c,icmpflood,False,uncertainty,f4f004dec7bcadc2
XGBoost,hybrid_open_set,31415,10,241,5e688bd0de1b931d,tcpall,False,uncertainty,59e342a53a8ea90f
XGBoost,hybrid_open_set,31415,10,242,aed57447262f68ac,smurf,False,uncertainty,4aab606646c3d5b3
XGBoost,hybrid_open_set,31415,10,243,213ca5fdb5c37829,benign,False,uncertainty,9b628248189850d7
XGBoost,hybrid_open_set,31415,10,244,cf219dc01b5a0f44,pingofdeath,False,uncertainty,8dee1464df987eed
XGBoost,hybrid_open_set,31415,10,245,17136f5307b1a274,syn,False,uncertainty,5b92c74c690ee289
XGBoost,hybrid_open_set,31415,10,246,883d0d7a8ebf8805,benign,False,uncertainty,5bdac28169900b8d
XGBoost,hybrid_open_set,31415,10,247,2b6db00ee004bbc2,benign,False,uncertainty,9a3ff8f7e465d195
XGBoost,hybrid_open_set,31415,10,248,646fcd6eec7111d8,icmpbig,False,random,11ef2328aebbae9a
XGBoost,hybrid_open_set,31415,10,249,b0097642dbdedf54,routeip,False,random,753bbc2687bc83bf
XGBoost,hybrid_open_set,31415,10,250,16ff15fa3237138e,tcpfin1,False,random,e4236da2a6400c34
XGBoost,hybrid_open_set,31415,11,251,e2b9e0c60ae0d23b,teardrop,True,expansion,c467981fa0a38bdc
XGBoost,hybrid_open_set,31415,11,252,52f60e98982d7afe,ackpflood,True,expansion,811ae939f0302bde
XGBoost,hybrid_open_set,31415,11,253,e7acb626fa5716ed,land,True,expansion,11ca897764624b71
XGBoost,hybrid_open_set,31415,11,254,26c3bd1c68052d54,teardrop,True,expansion,c11110b107945ad1
XGBoost,hybrid_open_set,31415,11,255,0c944e8b10b659b4,teardrop,True,expansion,7409c11e289a47aa
XGBoost,hybrid_open_set,31415,11,256,4b88e2f9eec8b34f,teardrop,True,expansion,47f813adaf2ee0cf
XGBoost,hybrid_open_set,31415,11,257,b9f52e19359765aa,teardrop,True,expansion,852df2823384a739
XGBoost,hybrid_open_set,31415,11,258,97dc634579cb409c,benign,False,novelty,0314e996d818a09f
XGBoost,hybrid_open_set,31415,11,259,0639f6125d959f55,tcp,False,novelty,57eca39e0d266170
XGBoost,hybrid_open_set,31415,11,260,f7450320dfd60735,benign,False,novelty,de785f8162213d8a
XGBoost,hybrid_open_set,31415,11,261,c6e58140fa4c90a1,benign,False,novelty,d82a8a71201201e0
XGBoost,hybrid_open_set,31415,11,262,d6e8ac36af18e505,benign,False,novelty,9347acdf3633cbde
XGBoost,hybrid_open_set,31415,11,263,580e01b7444f92f3,benign,False,novelty,cb16fac75a25e2ee
XGBoost,hybrid_open_set,31415,11,264,3600dfdc5d04a965,fraggle,False,novelty,ca41d1829735f01e
XGBoost,hybrid_open_set,31415,11,265,026cca0444be9c0d,ackflood,False,uncertainty,916554f35b67fa9a
XGBoost,hybrid_open_set,31415,11,266,df7882f8024b64c1,tcp,False,uncertainty,50ddf0aae9d8a792
XGBoost,hybrid_open_set,31415,11,267,d327ccd69e377128,smurf,False,uncertainty,5abdfe35de26a909
XGBoost,hybrid_open_set,31415,11,268,0100fb3cbf8eb90d,benign,False,uncertainty,10c1daa4c3e3875a
XGBoost,hybrid_open_set,31415,11,269,5dde6ab2cd7046e0,benign,False,uncertainty,26cf88deaa86cd5a
XGBoost,hybrid_open_set,31415,11,270,908f15c16acc23b0,synflood,False,uncertainty,3d1e4f7737257dc3
XGBoost,hybrid_open_set,31415,11,271,0eb4aa696e9ba556,icmpbig,False,uncertainty,e2e84cdc53389294
XGBoost,hybrid_open_set,31415,11,272,f8dde1480265276a,winnuke,False,uncertainty,decd98c001b312c1
XGBoost,hybrid_open_set,31415,11,273,eae05aee577396ee,icmpflood,False,random,38e3dc10cac8a4fd
XGBoost,hybrid_open_set,31415,11,274,63f7152d8a98e48c,pingofdeath,False,random,d452c18d29ff091d
XGBoost,hybrid_open_set,31415,11,275,2663550f94742caa,routeip,False,random,753bbc2687bc83bf
XGBoost,hybrid_open_set,31415,12,276,cba2ab15ea2dba58,teardrop,True,expansion,51a6467a1cc86ea6
XGBoost,hybrid_open_set,31415,12,277,32faa01c3d09f219,ackpflood,True,expansion,fc60f500fd93cd5e
XGBoost,hybrid_open_set,31415,12,278,36594fecf7f87a88,land,True,expansion,11ca897764624b71
XGBoost,hybrid_open_set,31415,12,279,aa4a57ef92b21789,teardrop,True,expansion,c11110b107945ad1
XGBoost,hybrid_open_set,31415,12,280,5ee67305ac45cac7,teardrop,True,expansion,c2013ec1999fa857
XGBoost,hybrid_open_set,31415,12,281,6210fdaf9423e66d,teardrop,True,expansion,365bcc23059e108b
XGBoost,hybrid_open_set,31415,12,282,0bc730a2059e8b59,teardrop,True,expansion,825b36a8c595ce21
XGBoost,hybrid_open_set,31415,12,283,8827676c5116a01c,fraggle,False,novelty,a288afd0cf82b7e0
XGBoost,hybrid_open_set,31415,12,284,8ee612ae1f0f49d5,ackflood,False,novelty,61dba565c20c848b
XGBoost,hybrid_open_set,31415,12,285,72971b6021b7c1f3,tcp,False,novelty,762ba34d6786f7ca
XGBoost,hybrid_open_set,31415,12,286,1ad6d78b18feac48,tcp,False,novelty,38f5eac31aa5a3a8
XGBoost,hybrid_open_set,31415,12,287,fa03a24e23b17728,benign,False,novelty,67eeffedc671d1d2
XGBoost,hybrid_open_set,31415,12,288,9206fa4cf36b750d,benign,False,novelty,80b48f4cd277d383
XGBoost,hybrid_open_set,31415,12,289,9a01e7e68cb550f8,benign,False,novelty,6a1ab7cc7b631ae0
XGBoost,hybrid_open_set,31415,12,290,fd6db1cb612cf49c,smurf,False,uncertainty,61dc84960cddbc75
XGBoost,hybrid_open_set,31415,12,291,e1272a9e070302e7,syn,False,uncertainty,6407d7ec4d6128a0
XGBoost,hybrid_open_set,31415,12,292,853a540e08c7340c,ackflood,False,uncertainty,77afad4d20651ab6
XGBoost,hybrid_open_set,31415,12,293,2ad4cf906372e150,tcpall,False,uncertainty,34ef57a4eef0d472
XGBoost,hybrid_open_set,31415,12,294,c666928396411020,benign,False,uncertainty,834320f0b04bef32
XGBoost,hybrid_open_set,31415,12,295,77dc0c6d20529823,syn,False,uncertainty,84ce6e49d66c1780
XGBoost,hybrid_open_set,31415,12,296,ae497d88254e1439,benign,False,uncertainty,fa536be7895ca4a6
XGBoost,hybrid_open_set,31415,12,297,665ad0769dabbe08,ackflood,False,uncertainty,ce67df532852c205
XGBoost,hybrid_open_set,31415,12,298,8f18704a599535f1,icmpflood,False,random,968102c9fdb61a70
XGBoost,hybrid_open_set,31415,12,299,69b2d6389512bff9,icmpbig,False,random,11ef2328aebbae9a
XGBoost,hybrid_open_set,31415,12,300,d65592e8a7b58358,pingofdeath,False,random,7bf15818a229926e
